ISO-10303-21;
HEADER;
FILE_DESCRIPTION(('Open CASCADE Model'),'2;1');
FILE_NAME('Open CASCADE Shape Model','2026-10-01T01:46:54',('Author'),(
    'Open CASCADE'),'Open CASCADE STEP processor 7.9','Open CASCADE 7.9'
  ,'Unknown');
FILE_SCHEMA(('AUTOMOTIVE_DESIGN { 1 0 10303 214 1 1 1 1 }'));
ENDSEC;
DATA;
#1 = APPLICATION_PROTOCOL_DEFINITION('international standard',
  'automotive_design',2000,#2);
#2 = APPLICATION_CONTEXT(
  'core data for automotive mechanical design processes');
#3 = SHAPE_DEFINITION_REPRESENTATION(#4,#10);
#4 = PRODUCT_DEFINITION_SHAPE('','',#5);
#5 = PRODUCT_DEFINITION('design','',#6,#9);
#6 = PRODUCT_DEFINITION_FORMATION('','',#7);
#7 = PRODUCT('Open CASCADE STEP translator 7.9 1',
  'Open CASCADE STEP translator 7.9 1','',(#8));
#8 = PRODUCT_CONTEXT('',#2,'mechanical');
#9 = PRODUCT_DEFINITION_CONTEXT('part definition',#2,'design');
#10 = ADVANCED_BREP_SHAPE_REPRESENTATION('',(#11,#15),#5165);
#11 = AXIS2_PLACEMENT_3D('',#12,#13,#14);
#12 = CARTESIAN_POINT('',(0.,0.,0.));
#13 = DIRECTION('',(0.,0.,1.));
#14 = DIRECTION('',(1.,0.,-0.));
#15 = MANIFOLD_SOLID_BREP('',#16);
#16 = CLOSED_SHELL('',(#17,#4474,#4529,#4533,#4612,#4617,#4672,#4676,
    #4755,#4760,#4815,#4819,#4874,#4878,#4957,#4962,#5018,#5022,#5101,
    #5106,#5161));
#17 = ADVANCED_FACE('',(#18,#2971,#3111,#3340,#3480,#3620,#3760,#3900,
    #4040,#4180,#4320),#52,.T.);
#18 = FACE_BOUND('',#19,.T.);
#19 = EDGE_LOOP('',(#20));
#20 = ORIENTED_EDGE('',*,*,#21,.T.);
#21 = EDGE_CURVE('',#22,#22,#24,.T.);
#22 = VERTEX_POINT('',#23);
#23 = CARTESIAN_POINT('',(-2.3,0.,-0.998749218));
#24 = SURFACE_CURVE('',#25,(#51,#2915),.PCURVE_S1.);
#25 = B_SPLINE_CURVE_WITH_KNOTS('',3,(#26,#27,#28,#29,#30,#31,#32,#33,
    #34,#35,#36,#37,#38,#39,#40,#41,#42,#43,#44,#45,#46,#47,#48,#49,#50)
  ,.UNSPECIFIED.,.T.,.F.,(1,3,3,3,3,3,3,3,3,3,1),(-3.9083E-05,0.,
    3.9082E-05,7.8165E-05,1.17247E-04,1.56329E-04,1.95412E-04,
    2.34494E-04,2.73576E-04,3.12659E-04,3.51741E-04),.UNSPECIFIED.);
#26 = CARTESIAN_POINT('',(-2.3,0.,-0.998749218));
#27 = CARTESIAN_POINT('',(-2.3,-1.321519E-02,-0.998749218));
#28 = CARTESIAN_POINT('',(-2.294577124,-2.6135155E-02,-0.999060832));
#29 = CARTESIAN_POINT('',(-2.28535227,-3.5358407E-02,-0.99939157));
#30 = CARTESIAN_POINT('',(-2.276127417,-4.458166E-02,-0.999722307));
#31 = CARTESIAN_POINT('',(-2.263072312,-4.9992976E-02,-1.000012059));
#32 = CARTESIAN_POINT('',(-2.250026895,-4.9999993E-02,-0.99999954));
#33 = CARTESIAN_POINT('',(-2.236981478,-5.000701E-02,-0.999987022));
#34 = CARTESIAN_POINT('',(-2.224001174,-4.4703279E-02,-0.999682431));
#35 = CARTESIAN_POINT('',(-2.214662323,-3.5372992E-02,-0.999357115));
#36 = CARTESIAN_POINT('',(-2.205323472,-2.6042705E-02,-0.999031799));
#37 = CARTESIAN_POINT('',(-2.200004657,-1.3070705E-02,-0.998749441));
#38 = CARTESIAN_POINT('',(-2.200000003,-1.7828E-05,-0.998749218));
#39 = CARTESIAN_POINT('',(-2.199995349,1.303505E-02,-0.998748995));
#40 = CARTESIAN_POINT('',(-2.205399605,2.6092501E-02,-0.999033825));
#41 = CARTESIAN_POINT('',(-2.214610646,3.5321292E-02,-0.999355313));
#42 = CARTESIAN_POINT('',(-2.223821687,4.4550083E-02,-0.999676801));
#43 = CARTESIAN_POINT('',(-2.236756066,4.9987892E-02,-0.999985993));
#44 = CARTESIAN_POINT('',(-2.249949901,4.9999975E-02,-0.999999464));
#45 = CARTESIAN_POINT('',(-2.263143737,5.0012058E-02,-1.000012935));
#46 = CARTESIAN_POINT('',(-2.276090569,4.4605504E-02,-0.999723379));
#47 = CARTESIAN_POINT('',(-2.285327396,3.538326E-02,-0.999392461));
#48 = CARTESIAN_POINT('',(-2.294564223,2.6161015E-02,-0.999061543));
#49 = CARTESIAN_POINT('',(-2.3,1.3215163E-02,-0.998749218));
#50 = CARTESIAN_POINT('',(-2.3,0.,-0.998749218));
#51 = PCURVE('',#52,#2865);
#52 = B_SPLINE_SURFACE_WITH_KNOTS('',7,7,(
    (#53,#54,#55,#56,#57,#58,#59,#60,#61,#62,#63,#64,#65,#66,#67,#68,#69
      ,#70,#71,#72,#73,#74,#75,#76,#77,#78,#79,#80,#81,#82,#83,#84,#85
      ,#86,#87,#88,#89,#90)
    ,(#91,#92,#93,#94,#95,#96,#97,#98,#99,#100,#101,#102,#103,#104,#105
      ,#106,#107,#108,#109,#110,#111,#112,#113,#114,#115,#116,#117,#118
      ,#119,#120,#121,#122,#123,#124,#125,#126,#127,#128)
    ,(#129,#130,#131,#132,#133,#134,#135,#136,#137,#138,#139,#140,#141
      ,#142,#143,#144,#145,#146,#147,#148,#149,#150,#151,#152,#153,#154
      ,#155,#156,#157,#158,#159,#160,#161,#162,#163,#164,#165,#166)
    ,(#167,#168,#169,#170,#171,#172,#173,#174,#175,#176,#177,#178,#179
      ,#180,#181,#182,#183,#184,#185,#186,#187,#188,#189,#190,#191,#192
      ,#193,#194,#195,#196,#197,#198,#199,#200,#201,#202,#203,#204)
    ,(#205,#206,#207,#208,#209,#210,#211,#212,#213,#214,#215,#216,#217
      ,#218,#219,#220,#221,#222,#223,#224,#225,#226,#227,#228,#229,#230
      ,#231,#232,#233,#234,#235,#236,#237,#238,#239,#240,#241,#242)
    ,(#243,#244,#245,#246,#247,#248,#249,#250,#251,#252,#253,#254,#255
      ,#256,#257,#258,#259,#260,#261,#262,#263,#264,#265,#266,#267,#268
      ,#269,#270,#271,#272,#273,#274,#275,#276,#277,#278,#279,#280)
    ,(#281,#282,#283,#284,#285,#286,#287,#288,#289,#290,#291,#292,#293
      ,#294,#295,#296,#297,#298,#299,#300,#301,#302,#303,#304,#305,#306
      ,#307,#308,#309,#310,#311,#312,#313,#314,#315,#316,#317,#318)
    ,(#319,#320,#321,#322,#323,#324,#325,#326,#327,#328,#329,#330,#331
      ,#332,#333,#334,#335,#336,#337,#338,#339,#340,#341,#342,#343,#344
      ,#345,#346,#347,#348,#349,#350,#351,#352,#353,#354,#355,#356)
    ,(#357,#358,#359,#360,#361,#362,#363,#364,#365,#366,#367,#368,#369
      ,#370,#371,#372,#373,#374,#375,#376,#377,#378,#379,#380,#381,#382
      ,#383,#384,#385,#386,#387,#388,#389,#390,#391,#392,#393,#394)
    ,(#395,#396,#397,#398,#399,#400,#401,#402,#403,#404,#405,#406,#407
      ,#408,#409,#410,#411,#412,#413,#414,#415,#416,#417,#418,#419,#420
      ,#421,#422,#423,#424,#425,#426,#427,#428,#429,#430,#431,#432)
    ,(#433,#434,#435,#436,#437,#438,#439,#440,#441,#442,#443,#444,#445
      ,#446,#447,#448,#449,#450,#451,#452,#453,#454,#455,#456,#457,#458
      ,#459,#460,#461,#462,#463,#464,#465,#466,#467,#468,#469,#470)
    ,(#471,#472,#473,#474,#475,#476,#477,#478,#479,#480,#481,#482,#483
      ,#484,#485,#486,#487,#488,#489,#490,#491,#492,#493,#494,#495,#496
      ,#497,#498,#499,#500,#501,#502,#503,#504,#505,#506,#507,#508)
    ,(#509,#510,#511,#512,#513,#514,#515,#516,#517,#518,#519,#520,#521
      ,#522,#523,#524,#525,#526,#527,#528,#529,#530,#531,#532,#533,#534
      ,#535,#536,#537,#538,#539,#540,#541,#542,#543,#544,#545,#546)
    ,(#547,#548,#549,#550,#551,#552,#553,#554,#555,#556,#557,#558,#559
      ,#560,#561,#562,#563,#564,#565,#566,#567,#568,#569,#570,#571,#572
      ,#573,#574,#575,#576,#577,#578,#579,#580,#581,#582,#583,#584)
    ,(#585,#586,#587,#588,#589,#590,#591,#592,#593,#594,#595,#596,#597
      ,#598,#599,#600,#601,#602,#603,#604,#605,#606,#607,#608,#609,#610
      ,#611,#612,#613,#614,#615,#616,#617,#618,#619,#620,#621,#622)
    ,(#623,#624,#625,#626,#627,#628,#629,#630,#631,#632,#633,#634,#635
      ,#636,#637,#638,#639,#640,#641,#642,#643,#644,#645,#646,#647,#648
      ,#649,#650,#651,#652,#653,#654,#655,#656,#657,#658,#659,#660)
    ,(#661,#662,#663,#664,#665,#666,#667,#668,#669,#670,#671,#672,#673
      ,#674,#675,#676,#677,#678,#679,#680,#681,#682,#683,#684,#685,#686
      ,#687,#688,#689,#690,#691,#692,#693,#694,#695,#696,#697,#698)
    ,(#699,#700,#701,#702,#703,#704,#705,#706,#707,#708,#709,#710,#711
      ,#712,#713,#714,#715,#716,#717,#718,#719,#720,#721,#722,#723,#724
      ,#725,#726,#727,#728,#729,#730,#731,#732,#733,#734,#735,#736)
    ,(#737,#738,#739,#740,#741,#742,#743,#744,#745,#746,#747,#748,#749
      ,#750,#751,#752,#753,#754,#755,#756,#757,#758,#759,#760,#761,#762
      ,#763,#764,#765,#766,#767,#768,#769,#770,#771,#772,#773,#774)
    ,(#775,#776,#777,#778,#779,#780,#781,#782,#783,#784,#785,#786,#787
      ,#788,#789,#790,#791,#792,#793,#794,#795,#796,#797,#798,#799,#800
      ,#801,#802,#803,#804,#805,#806,#807,#808,#809,#810,#811,#812)
    ,(#813,#814,#815,#816,#817,#818,#819,#820,#821,#822,#823,#824,#825
      ,#826,#827,#828,#829,#830,#831,#832,#833,#834,#835,#836,#837,#838
      ,#839,#840,#841,#842,#843,#844,#845,#846,#847,#848,#849,#850)
    ,(#851,#852,#853,#854,#855,#856,#857,#858,#859,#860,#861,#862,#863
      ,#864,#865,#866,#867,#868,#869,#870,#871,#872,#873,#874,#875,#876
      ,#877,#878,#879,#880,#881,#882,#883,#884,#885,#886,#887,#888)
    ,(#889,#890,#891,#892,#893,#894,#895,#896,#897,#898,#899,#900,#901
      ,#902,#903,#904,#905,#906,#907,#908,#909,#910,#911,#912,#913,#914
      ,#915,#916,#917,#918,#919,#920,#921,#922,#923,#924,#925,#926)
    ,(#927,#928,#929,#930,#931,#932,#933,#934,#935,#936,#937,#938,#939
      ,#940,#941,#942,#943,#944,#945,#946,#947,#948,#949,#950,#951,#952
      ,#953,#954,#955,#956,#957,#958,#959,#960,#961,#962,#963,#964)
    ,(#965,#966,#967,#968,#969,#970,#971,#972,#973,#974,#975,#976,#977
      ,#978,#979,#980,#981,#982,#983,#984,#985,#986,#987,#988,#989,#990
      ,#991,#992,#993,#994,#995,#996,#997,#998,#999,#1000,#1001,#1002)
    ,(#1003,#1004,#1005,#1006,#1007,#1008,#1009,#1010,#1011,#1012,#1013
      ,#1014,#1015,#1016,#1017,#1018,#1019,#1020,#1021,#1022,#1023,#1024
      ,#1025,#1026,#1027,#1028,#1029,#1030,#1031,#1032,#1033,#1034,#1035
      ,#1036,#1037,#1038,#1039,#1040)
    ,(#1041,#1042,#1043,#1044,#1045,#1046,#1047,#1048,#1049,#1050,#1051
      ,#1052,#1053,#1054,#1055,#1056,#1057,#1058,#1059,#1060,#1061,#1062
      ,#1063,#1064,#1065,#1066,#1067,#1068,#1069,#1070,#1071,#1072,#1073
      ,#1074,#1075,#1076,#1077,#1078)
    ,(#1079,#1080,#1081,#1082,#1083,#1084,#1085,#1086,#1087,#1088,#1089
      ,#1090,#1091,#1092,#1093,#1094,#1095,#1096,#1097,#1098,#1099,#1100
      ,#1101,#1102,#1103,#1104,#1105,#1106,#1107,#1108,#1109,#1110,#1111
      ,#1112,#1113,#1114,#1115,#1116)
    ,(#1117,#1118,#1119,#1120,#1121,#1122,#1123,#1124,#1125,#1126,#1127
      ,#1128,#1129,#1130,#1131,#1132,#1133,#1134,#1135,#1136,#1137,#1138
      ,#1139,#1140,#1141,#1142,#1143,#1144,#1145,#1146,#1147,#1148,#1149
      ,#1150,#1151,#1152,#1153,#1154)
    ,(#1155,#1156,#1157,#1158,#1159,#1160,#1161,#1162,#1163,#1164,#1165
      ,#1166,#1167,#1168,#1169,#1170,#1171,#1172,#1173,#1174,#1175,#1176
      ,#1177,#1178,#1179,#1180,#1181,#1182,#1183,#1184,#1185,#1186,#1187
      ,#1188,#1189,#1190,#1191,#1192)
    ,(#1193,#1194,#1195,#1196,#1197,#1198,#1199,#1200,#1201,#1202,#1203
      ,#1204,#1205,#1206,#1207,#1208,#1209,#1210,#1211,#1212,#1213,#1214
      ,#1215,#1216,#1217,#1218,#1219,#1220,#1221,#1222,#1223,#1224,#1225
      ,#1226,#1227,#1228,#1229,#1230)
    ,(#1231,#1232,#1233,#1234,#1235,#1236,#1237,#1238,#1239,#1240,#1241
      ,#1242,#1243,#1244,#1245,#1246,#1247,#1248,#1249,#1250,#1251,#1252
      ,#1253,#1254,#1255,#1256,#1257,#1258,#1259,#1260,#1261,#1262,#1263
      ,#1264,#1265,#1266,#1267,#1268)
    ,(#1269,#1270,#1271,#1272,#1273,#1274,#1275,#1276,#1277,#1278,#1279
      ,#1280,#1281,#1282,#1283,#1284,#1285,#1286,#1287,#1288,#1289,#1290
      ,#1291,#1292,#1293,#1294,#1295,#1296,#1297,#1298,#1299,#1300,#1301
      ,#1302,#1303,#1304,#1305,#1306)
    ,(#1307,#1308,#1309,#1310,#1311,#1312,#1313,#1314,#1315,#1316,#1317
      ,#1318,#1319,#1320,#1321,#1322,#1323,#1324,#1325,#1326,#1327,#1328
      ,#1329,#1330,#1331,#1332,#1333,#1334,#1335,#1336,#1337,#1338,#1339
      ,#1340,#1341,#1342,#1343,#1344)
    ,(#1345,#1346,#1347,#1348,#1349,#1350,#1351,#1352,#1353,#1354,#1355
      ,#1356,#1357,#1358,#1359,#1360,#1361,#1362,#1363,#1364,#1365,#1366
      ,#1367,#1368,#1369,#1370,#1371,#1372,#1373,#1374,#1375,#1376,#1377
      ,#1378,#1379,#1380,#1381,#1382)
    ,(#1383,#1384,#1385,#1386,#1387,#1388,#1389,#1390,#1391,#1392,#1393
      ,#1394,#1395,#1396,#1397,#1398,#1399,#1400,#1401,#1402,#1403,#1404
      ,#1405,#1406,#1407,#1408,#1409,#1410,#1411,#1412,#1413,#1414,#1415
      ,#1416,#1417,#1418,#1419,#1420)
    ,(#1421,#1422,#1423,#1424,#1425,#1426,#1427,#1428,#1429,#1430,#1431
      ,#1432,#1433,#1434,#1435,#1436,#1437,#1438,#1439,#1440,#1441,#1442
      ,#1443,#1444,#1445,#1446,#1447,#1448,#1449,#1450,#1451,#1452,#1453
      ,#1454,#1455,#1456,#1457,#1458)
    ,(#1459,#1460,#1461,#1462,#1463,#1464,#1465,#1466,#1467,#1468,#1469
      ,#1470,#1471,#1472,#1473,#1474,#1475,#1476,#1477,#1478,#1479,#1480
      ,#1481,#1482,#1483,#1484,#1485,#1486,#1487,#1488,#1489,#1490,#1491
      ,#1492,#1493,#1494,#1495,#1496)
    ,(#1497,#1498,#1499,#1500,#1501,#1502,#1503,#1504,#1505,#1506,#1507
      ,#1508,#1509,#1510,#1511,#1512,#1513,#1514,#1515,#1516,#1517,#1518
      ,#1519,#1520,#1521,#1522,#1523,#1524,#1525,#1526,#1527,#1528,#1529
      ,#1530,#1531,#1532,#1533,#1534)
    ,(#1535,#1536,#1537,#1538,#1539,#1540,#1541,#1542,#1543,#1544,#1545
      ,#1546,#1547,#1548,#1549,#1550,#1551,#1552,#1553,#1554,#1555,#1556
      ,#1557,#1558,#1559,#1560,#1561,#1562,#1563,#1564,#1565,#1566,#1567
      ,#1568,#1569,#1570,#1571,#1572)
    ,(#1573,#1574,#1575,#1576,#1577,#1578,#1579,#1580,#1581,#1582,#1583
      ,#1584,#1585,#1586,#1587,#1588,#1589,#1590,#1591,#1592,#1593,#1594
      ,#1595,#1596,#1597,#1598,#1599,#1600,#1601,#1602,#1603,#1604,#1605
      ,#1606,#1607,#1608,#1609,#1610)
    ,(#1611,#1612,#1613,#1614,#1615,#1616,#1617,#1618,#1619,#1620,#1621
      ,#1622,#1623,#1624,#1625,#1626,#1627,#1628,#1629,#1630,#1631,#1632
      ,#1633,#1634,#1635,#1636,#1637,#1638,#1639,#1640,#1641,#1642,#1643
      ,#1644,#1645,#1646,#1647,#1648)
    ,(#1649,#1650,#1651,#1652,#1653,#1654,#1655,#1656,#1657,#1658,#1659
      ,#1660,#1661,#1662,#1663,#1664,#1665,#1666,#1667,#1668,#1669,#1670
      ,#1671,#1672,#1673,#1674,#1675,#1676,#1677,#1678,#1679,#1680,#1681
      ,#1682,#1683,#1684,#1685,#1686)
    ,(#1687,#1688,#1689,#1690,#1691,#1692,#1693,#1694,#1695,#1696,#1697
      ,#1698,#1699,#1700,#1701,#1702,#1703,#1704,#1705,#1706,#1707,#1708
      ,#1709,#1710,#1711,#1712,#1713,#1714,#1715,#1716,#1717,#1718,#1719
      ,#1720,#1721,#1722,#1723,#1724)
    ,(#1725,#1726,#1727,#1728,#1729,#1730,#1731,#1732,#1733,#1734,#1735
      ,#1736,#1737,#1738,#1739,#1740,#1741,#1742,#1743,#1744,#1745,#1746
      ,#1747,#1748,#1749,#1750,#1751,#1752,#1753,#1754,#1755,#1756,#1757
      ,#1758,#1759,#1760,#1761,#1762)
    ,(#1763,#1764,#1765,#1766,#1767,#1768,#1769,#1770,#1771,#1772,#1773
      ,#1774,#1775,#1776,#1777,#1778,#1779,#1780,#1781,#1782,#1783,#1784
      ,#1785,#1786,#1787,#1788,#1789,#1790,#1791,#1792,#1793,#1794,#1795
      ,#1796,#1797,#1798,#1799,#1800)
    ,(#1801,#1802,#1803,#1804,#1805,#1806,#1807,#1808,#1809,#1810,#1811
      ,#1812,#1813,#1814,#1815,#1816,#1817,#1818,#1819,#1820,#1821,#1822
      ,#1823,#1824,#1825,#1826,#1827,#1828,#1829,#1830,#1831,#1832,#1833
      ,#1834,#1835,#1836,#1837,#1838)
    ,(#1839,#1840,#1841,#1842,#1843,#1844,#1845,#1846,#1847,#1848,#1849
      ,#1850,#1851,#1852,#1853,#1854,#1855,#1856,#1857,#1858,#1859,#1860
      ,#1861,#1862,#1863,#1864,#1865,#1866,#1867,#1868,#1869,#1870,#1871
      ,#1872,#1873,#1874,#1875,#1876)
    ,(#1877,#1878,#1879,#1880,#1881,#1882,#1883,#1884,#1885,#1886,#1887
      ,#1888,#1889,#1890,#1891,#1892,#1893,#1894,#1895,#1896,#1897,#1898
      ,#1899,#1900,#1901,#1902,#1903,#1904,#1905,#1906,#1907,#1908,#1909
      ,#1910,#1911,#1912,#1913,#1914)
    ,(#1915,#1916,#1917,#1918,#1919,#1920,#1921,#1922,#1923,#1924,#1925
      ,#1926,#1927,#1928,#1929,#1930,#1931,#1932,#1933,#1934,#1935,#1936
      ,#1937,#1938,#1939,#1940,#1941,#1942,#1943,#1944,#1945,#1946,#1947
      ,#1948,#1949,#1950,#1951,#1952)
    ,(#1953,#1954,#1955,#1956,#1957,#1958,#1959,#1960,#1961,#1962,#1963
      ,#1964,#1965,#1966,#1967,#1968,#1969,#1970,#1971,#1972,#1973,#1974
      ,#1975,#1976,#1977,#1978,#1979,#1980,#1981,#1982,#1983,#1984,#1985
      ,#1986,#1987,#1988,#1989,#1990)
    ,(#1991,#1992,#1993,#1994,#1995,#1996,#1997,#1998,#1999,#2000,#2001
      ,#2002,#2003,#2004,#2005,#2006,#2007,#2008,#2009,#2010,#2011,#2012
      ,#2013,#2014,#2015,#2016,#2017,#2018,#2019,#2020,#2021,#2022,#2023
      ,#2024,#2025,#2026,#2027,#2028)
    ,(#2029,#2030,#2031,#2032,#2033,#2034,#2035,#2036,#2037,#2038,#2039
      ,#2040,#2041,#2042,#2043,#2044,#2045,#2046,#2047,#2048,#2049,#2050
      ,#2051,#2052,#2053,#2054,#2055,#2056,#2057,#2058,#2059,#2060,#2061
      ,#2062,#2063,#2064,#2065,#2066)
    ,(#2067,#2068,#2069,#2070,#2071,#2072,#2073,#2074,#2075,#2076,#2077
      ,#2078,#2079,#2080,#2081,#2082,#2083,#2084,#2085,#2086,#2087,#2088
      ,#2089,#2090,#2091,#2092,#2093,#2094,#2095,#2096,#2097,#2098,#2099
      ,#2100,#2101,#2102,#2103,#2104)
    ,(#2105,#2106,#2107,#2108,#2109,#2110,#2111,#2112,#2113,#2114,#2115
      ,#2116,#2117,#2118,#2119,#2120,#2121,#2122,#2123,#2124,#2125,#2126
      ,#2127,#2128,#2129,#2130,#2131,#2132,#2133,#2134,#2135,#2136,#2137
      ,#2138,#2139,#2140,#2141,#2142)
    ,(#2143,#2144,#2145,#2146,#2147,#2148,#2149,#2150,#2151,#2152,#2153
      ,#2154,#2155,#2156,#2157,#2158,#2159,#2160,#2161,#2162,#2163,#2164
      ,#2165,#2166,#2167,#2168,#2169,#2170,#2171,#2172,#2173,#2174,#2175
      ,#2176,#2177,#2178,#2179,#2180)
    ,(#2181,#2182,#2183,#2184,#2185,#2186,#2187,#2188,#2189,#2190,#2191
      ,#2192,#2193,#2194,#2195,#2196,#2197,#2198,#2199,#2200,#2201,#2202
      ,#2203,#2204,#2205,#2206,#2207,#2208,#2209,#2210,#2211,#2212,#2213
      ,#2214,#2215,#2216,#2217,#2218)
    ,(#2219,#2220,#2221,#2222,#2223,#2224,#2225,#2226,#2227,#2228,#2229
      ,#2230,#2231,#2232,#2233,#2234,#2235,#2236,#2237,#2238,#2239,#2240
      ,#2241,#2242,#2243,#2244,#2245,#2246,#2247,#2248,#2249,#2250,#2251
      ,#2252,#2253,#2254,#2255,#2256)
    ,(#2257,#2258,#2259,#2260,#2261,#2262,#2263,#2264,#2265,#2266,#2267
      ,#2268,#2269,#2270,#2271,#2272,#2273,#2274,#2275,#2276,#2277,#2278
      ,#2279,#2280,#2281,#2282,#2283,#2284,#2285,#2286,#2287,#2288,#2289
      ,#2290,#2291,#2292,#2293,#2294)
    ,(#2295,#2296,#2297,#2298,#2299,#2300,#2301,#2302,#2303,#2304,#2305
      ,#2306,#2307,#2308,#2309,#2310,#2311,#2312,#2313,#2314,#2315,#2316
      ,#2317,#2318,#2319,#2320,#2321,#2322,#2323,#2324,#2325,#2326,#2327
      ,#2328,#2329,#2330,#2331,#2332)
    ,(#2333,#2334,#2335,#2336,#2337,#2338,#2339,#2340,#2341,#2342,#2343
      ,#2344,#2345,#2346,#2347,#2348,#2349,#2350,#2351,#2352,#2353,#2354
      ,#2355,#2356,#2357,#2358,#2359,#2360,#2361,#2362,#2363,#2364,#2365
      ,#2366,#2367,#2368,#2369,#2370)
    ,(#2371,#2372,#2373,#2374,#2375,#2376,#2377,#2378,#2379,#2380,#2381
      ,#2382,#2383,#2384,#2385,#2386,#2387,#2388,#2389,#2390,#2391,#2392
      ,#2393,#2394,#2395,#2396,#2397,#2398,#2399,#2400,#2401,#2402,#2403
      ,#2404,#2405,#2406,#2407,#2408)
    ,(#2409,#2410,#2411,#2412,#2413,#2414,#2415,#2416,#2417,#2418,#2419
      ,#2420,#2421,#2422,#2423,#2424,#2425,#2426,#2427,#2428,#2429,#2430
      ,#2431,#2432,#2433,#2434,#2435,#2436,#2437,#2438,#2439,#2440,#2441
      ,#2442,#2443,#2444,#2445,#2446)
    ,(#2447,#2448,#2449,#2450,#2451,#2452,#2453,#2454,#2455,#2456,#2457
      ,#2458,#2459,#2460,#2461,#2462,#2463,#2464,#2465,#2466,#2467,#2468
      ,#2469,#2470,#2471,#2472,#2473,#2474,#2475,#2476,#2477,#2478,#2479
      ,#2480,#2481,#2482,#2483,#2484)
    ,(#2485,#2486,#2487,#2488,#2489,#2490,#2491,#2492,#2493,#2494,#2495
      ,#2496,#2497,#2498,#2499,#2500,#2501,#2502,#2503,#2504,#2505,#2506
      ,#2507,#2508,#2509,#2510,#2511,#2512,#2513,#2514,#2515,#2516,#2517
      ,#2518,#2519,#2520,#2521,#2522)
    ,(#2523,#2524,#2525,#2526,#2527,#2528,#2529,#2530,#2531,#2532,#2533
      ,#2534,#2535,#2536,#2537,#2538,#2539,#2540,#2541,#2542,#2543,#2544
      ,#2545,#2546,#2547,#2548,#2549,#2550,#2551,#2552,#2553,#2554,#2555
      ,#2556,#2557,#2558,#2559,#2560)
    ,(#2561,#2562,#2563,#2564,#2565,#2566,#2567,#2568,#2569,#2570,#2571
      ,#2572,#2573,#2574,#2575,#2576,#2577,#2578,#2579,#2580,#2581,#2582
      ,#2583,#2584,#2585,#2586,#2587,#2588,#2589,#2590,#2591,#2592,#2593
      ,#2594,#2595,#2596,#2597,#2598)
    ,(#2599,#2600,#2601,#2602,#2603,#2604,#2605,#2606,#2607,#2608,#2609
      ,#2610,#2611,#2612,#2613,#2614,#2615,#2616,#2617,#2618,#2619,#2620
      ,#2621,#2622,#2623,#2624,#2625,#2626,#2627,#2628,#2629,#2630,#2631
      ,#2632,#2633,#2634,#2635,#2636)
    ,(#2637,#2638,#2639,#2640,#2641,#2642,#2643,#2644,#2645,#2646,#2647
      ,#2648,#2649,#2650,#2651,#2652,#2653,#2654,#2655,#2656,#2657,#2658
      ,#2659,#2660,#2661,#2662,#2663,#2664,#2665,#2666,#2667,#2668,#2669
      ,#2670,#2671,#2672,#2673,#2674)
    ,(#2675,#2676,#2677,#2678,#2679,#2680,#2681,#2682,#2683,#2684,#2685
      ,#2686,#2687,#2688,#2689,#2690,#2691,#2692,#2693,#2694,#2695,#2696
      ,#2697,#2698,#2699,#2700,#2701,#2702,#2703,#2704,#2705,#2706,#2707
      ,#2708,#2709,#2710,#2711,#2712)
    ,(#2713,#2714,#2715,#2716,#2717,#2718,#2719,#2720,#2721,#2722,#2723
      ,#2724,#2725,#2726,#2727,#2728,#2729,#2730,#2731,#2732,#2733,#2734
      ,#2735,#2736,#2737,#2738,#2739,#2740,#2741,#2742,#2743,#2744,#2745
      ,#2746,#2747,#2748,#2749,#2750)
    ,(#2751,#2752,#2753,#2754,#2755,#2756,#2757,#2758,#2759,#2760,#2761
      ,#2762,#2763,#2764,#2765,#2766,#2767,#2768,#2769,#2770,#2771,#2772
      ,#2773,#2774,#2775,#2776,#2777,#2778,#2779,#2780,#2781,#2782,#2783
      ,#2784,#2785,#2786,#2787,#2788)
    ,(#2789,#2790,#2791,#2792,#2793,#2794,#2795,#2796,#2797,#2798,#2799
      ,#2800,#2801,#2802,#2803,#2804,#2805,#2806,#2807,#2808,#2809,#2810
      ,#2811,#2812,#2813,#2814,#2815,#2816,#2817,#2818,#2819,#2820,#2821
      ,#2822,#2823,#2824,#2825,#2826)
    ,(#2827,#2828,#2829,#2830,#2831,#2832,#2833,#2834,#2835,#2836,#2837
      ,#2838,#2839,#2840,#2841,#2842,#2843,#2844,#2845,#2846,#2847,#2848
      ,#2849,#2850,#2851,#2852,#2853,#2854,#2855,#2856,#2857,#2858,#2859
      ,#2860,#2861,#2862,#2863,#2864
    )),.UNSPECIFIED.,.T.,.T.,.F.,(1,7,7,1,1,1,1,1,1,1,1,1,1,1,1,1,1,1,1,
    1,1,1,1,1,1,1,1,1,1,1,1,1,1,1,1,1,1,1,1,1,1,1,1,1,1,1,1,1,1,1,1,1,1,
    1,1,1,1,1,1,1,1,1,7,1),(1,7,7,1,1,1,1,1,1,1,1,1,1,1,1,1,1,1,1,1,1,1,
    1,1,1,1,7,1),(6.,7.,7.000254648,8.,9.,10.,11.,12.,13.,14.,15.,16.,
    17.,18.,19.,20.,21.,22.,23.,24.,25.,26.,27.,28.,29.,30.,31.,32.,33.,
    34.,35.,36.,37.,38.,39.,40.,41.,42.,43.,44.,45.,46.,47.,48.,49.,50.,
    51.,52.,53.,54.,55.,56.,57.,58.,59.,60.,61.,62.,63.,64.,65.,66.,67.,
    67.000254648),(6.,7.,7.000381972,8.,9.,10.,11.,12.,13.,14.,15.,16.,
    17.,18.,19.,20.,21.,22.,23.,24.,25.,26.,27.,28.,29.,30.,31.,
    31.000381972),.UNSPECIFIED.);
#53 = CARTESIAN_POINT('',(3.75,0.,0.));
#54 = CARTESIAN_POINT('',(3.75,0.,1.4286E-05));
#55 = CARTESIAN_POINT('',(3.75,0.,2.8571E-05));
#56 = CARTESIAN_POINT('',(3.749999999,0.,4.2857E-05));
#57 = CARTESIAN_POINT('',(3.749999999,0.,5.7143E-05));
#58 = CARTESIAN_POINT('',(3.749999998,0.,7.1429E-05));
#59 = CARTESIAN_POINT('',(3.749999996,0.,8.5714E-05));
#60 = CARTESIAN_POINT('',(3.749999995,0.,1.E-04));
#61 = CARTESIAN_POINT('',(3.749996256,0.,3.7485627E-02));
#62 = CARTESIAN_POINT('',(3.74672689,0.,0.112270839));
#63 = CARTESIAN_POINT('',(3.73203442,0.,0.223942512));
#64 = CARTESIAN_POINT('',(3.693000071,0.,0.36976632));
#65 = CARTESIAN_POINT('',(3.612804853,0.,0.541855254));
#66 = CARTESIAN_POINT('',(3.473445399,0.,0.723465834));
#67 = CARTESIAN_POINT('',(3.261561324,0.,0.886050204));
#68 = CARTESIAN_POINT('',(3.014803627,0.,0.988260588));
#69 = CARTESIAN_POINT('',(2.75,0.,1.023122647));
#70 = CARTESIAN_POINT('',(2.485196373,0.,0.988260588));
#71 = CARTESIAN_POINT('',(2.238438676,0.,0.886050204));
#72 = CARTESIAN_POINT('',(2.026543038,0.,0.723456962));
#73 = CARTESIAN_POINT('',(1.863949796,0.,0.511561324));
#74 = CARTESIAN_POINT('',(1.761739412,0.,0.264803627));
#75 = CARTESIAN_POINT('',(1.726877353,0.,0.));
#76 = CARTESIAN_POINT('',(1.761739412,0.,-0.264803627));
#77 = CARTESIAN_POINT('',(1.863949796,0.,-0.511561324));
#78 = CARTESIAN_POINT('',(2.026543038,0.,-0.723456962));
#79 = CARTESIAN_POINT('',(2.238438676,0.,-0.886050204));
#80 = CARTESIAN_POINT('',(2.485196373,0.,-0.988260588));
#81 = CARTESIAN_POINT('',(2.75,0.,-1.023122647));
#82 = CARTESIAN_POINT('',(3.014803627,0.,-0.988260588));
#83 = CARTESIAN_POINT('',(3.261561324,0.,-0.886050204));
#84 = CARTESIAN_POINT('',(3.473456962,0.,-0.723456962));
#85 = CARTESIAN_POINT('',(3.612822598,0.,-0.541832129));
#86 = CARTESIAN_POINT('',(3.693018451,0.,-0.369726876));
#87 = CARTESIAN_POINT('',(3.73204933,0.,-0.223886805));
#88 = CARTESIAN_POINT('',(3.746736242,0.,-0.112199738));
#89 = CARTESIAN_POINT('',(3.75,0.,-3.7399913E-02));
#90 = CARTESIAN_POINT('',(3.75,0.,0.));
#91 = CARTESIAN_POINT('',(3.75,1.4286E-05,0.));
#92 = CARTESIAN_POINT('',(3.75,1.4286E-05,1.4286E-05));
#93 = CARTESIAN_POINT('',(3.75,1.4286E-05,2.8571E-05));
#94 = CARTESIAN_POINT('',(3.749999999,1.4286E-05,4.2857E-05));
#95 = CARTESIAN_POINT('',(3.749999999,1.4286E-05,5.7143E-05));
#96 = CARTESIAN_POINT('',(3.749999998,1.4286E-05,7.1429E-05));
#97 = CARTESIAN_POINT('',(3.749999996,1.4286E-05,8.5714E-05));
#98 = CARTESIAN_POINT('',(3.749999995,1.4286E-05,1.E-04));
#99 = CARTESIAN_POINT('',(3.749996256,1.4286E-05,3.7485627E-02));
#100 = CARTESIAN_POINT('',(3.74672689,1.4273E-05,0.112270839));
#101 = CARTESIAN_POINT('',(3.73203442,1.4217E-05,0.223942512));
#102 = CARTESIAN_POINT('',(3.693000071,1.4069E-05,0.36976632));
#103 = CARTESIAN_POINT('',(3.612804853,1.3763E-05,0.541855254));
#104 = CARTESIAN_POINT('',(3.473445399,1.3232E-05,0.723465834));
#105 = CARTESIAN_POINT('',(3.261561324,1.2425E-05,0.886050204));
#106 = CARTESIAN_POINT('',(3.014803627,1.1485E-05,0.988260588));
#107 = CARTESIAN_POINT('',(2.75,1.0476E-05,1.023122647));
#108 = CARTESIAN_POINT('',(2.485196373,9.467E-06,0.988260588));
#109 = CARTESIAN_POINT('',(2.238438676,8.527E-06,0.886050204));
#110 = CARTESIAN_POINT('',(2.026543038,7.72E-06,0.723456962));
#111 = CARTESIAN_POINT('',(1.863949796,7.101E-06,0.511561324));
#112 = CARTESIAN_POINT('',(1.761739412,6.711E-06,0.264803627));
#113 = CARTESIAN_POINT('',(1.726877353,6.579E-06,0.));
#114 = CARTESIAN_POINT('',(1.761739412,6.711E-06,-0.264803627));
#115 = CARTESIAN_POINT('',(1.863949796,7.101E-06,-0.511561324));
#116 = CARTESIAN_POINT('',(2.026543038,7.72E-06,-0.723456962));
#117 = CARTESIAN_POINT('',(2.238438676,8.527E-06,-0.886050204));
#118 = CARTESIAN_POINT('',(2.485196373,9.467E-06,-0.988260588));
#119 = CARTESIAN_POINT('',(2.75,1.0476E-05,-1.023122647));
#120 = CARTESIAN_POINT('',(3.014803627,1.1485E-05,-0.988260588));
#121 = CARTESIAN_POINT('',(3.261561324,1.2425E-05,-0.886050204));
#122 = CARTESIAN_POINT('',(3.473456962,1.3232E-05,-0.723456962));
#123 = CARTESIAN_POINT('',(3.612822598,1.3763E-05,-0.541832129));
#124 = CARTESIAN_POINT('',(3.693018451,1.4069E-05,-0.369726876));
#125 = CARTESIAN_POINT('',(3.73204933,1.4217E-05,-0.223886805));
#126 = CARTESIAN_POINT('',(3.746736242,1.4273E-05,-0.112199738));
#127 = CARTESIAN_POINT('',(3.75,1.4286E-05,-3.7399913E-02));
#128 = CARTESIAN_POINT('',(3.75,1.4286E-05,0.));
#129 = CARTESIAN_POINT('',(3.75,2.8571E-05,0.));
#130 = CARTESIAN_POINT('',(3.75,2.8571E-05,1.4286E-05));
#131 = CARTESIAN_POINT('',(3.75,2.8571E-05,2.8571E-05));
#132 = CARTESIAN_POINT('',(3.749999999,2.8571E-05,4.2857E-05));
#133 = CARTESIAN_POINT('',(3.749999998,2.8571E-05,5.7143E-05));
#134 = CARTESIAN_POINT('',(3.749999997,2.8571E-05,7.1429E-05));
#135 = CARTESIAN_POINT('',(3.749999996,2.8571E-05,8.5714E-05));
#136 = CARTESIAN_POINT('',(3.749999995,2.8571E-05,1.E-04));
#137 = CARTESIAN_POINT('',(3.749996256,2.8571E-05,3.7485627E-02));
#138 = CARTESIAN_POINT('',(3.746726889,2.8546E-05,0.112270839));
#139 = CARTESIAN_POINT('',(3.73203442,2.8435E-05,0.223942512));
#140 = CARTESIAN_POINT('',(3.69300007,2.8137E-05,0.36976632));
#141 = CARTESIAN_POINT('',(3.612804853,2.7526E-05,0.541855254));
#142 = CARTESIAN_POINT('',(3.473445399,2.6464E-05,0.723465834));
#143 = CARTESIAN_POINT('',(3.261561323,2.485E-05,0.886050204));
#144 = CARTESIAN_POINT('',(3.014803626,2.297E-05,0.988260588));
#145 = CARTESIAN_POINT('',(2.75,2.0952E-05,1.023122647));
#146 = CARTESIAN_POINT('',(2.485196373,1.8935E-05,0.988260588));
#147 = CARTESIAN_POINT('',(2.238438676,1.7055E-05,0.886050204));
#148 = CARTESIAN_POINT('',(2.026543038,1.544E-05,0.723456962));
#149 = CARTESIAN_POINT('',(1.863949796,1.4202E-05,0.511561324));
#150 = CARTESIAN_POINT('',(1.761739411,1.3423E-05,0.264803627));
#151 = CARTESIAN_POINT('',(1.726877353,1.3157E-05,0.));
#152 = CARTESIAN_POINT('',(1.761739411,1.3423E-05,-0.264803627));
#153 = CARTESIAN_POINT('',(1.863949796,1.4202E-05,-0.511561324));
#154 = CARTESIAN_POINT('',(2.026543038,1.544E-05,-0.723456962));
#155 = CARTESIAN_POINT('',(2.238438676,1.7055E-05,-0.886050204));
#156 = CARTESIAN_POINT('',(2.485196373,1.8935E-05,-0.988260588));
#157 = CARTESIAN_POINT('',(2.75,2.0952E-05,-1.023122647));
#158 = CARTESIAN_POINT('',(3.014803626,2.297E-05,-0.988260588));
#159 = CARTESIAN_POINT('',(3.261561323,2.485E-05,-0.886050204));
#160 = CARTESIAN_POINT('',(3.473456962,2.6464E-05,-0.723456962));
#161 = CARTESIAN_POINT('',(3.612822598,2.7526E-05,-0.541832129));
#162 = CARTESIAN_POINT('',(3.693018451,2.8137E-05,-0.369726876));
#163 = CARTESIAN_POINT('',(3.73204933,2.8435E-05,-0.223886805));
#164 = CARTESIAN_POINT('',(3.746736242,2.8547E-05,-0.112199738));
#165 = CARTESIAN_POINT('',(3.75,2.8571E-05,-3.7399913E-02));
#166 = CARTESIAN_POINT('',(3.75,2.8571E-05,0.));
#167 = CARTESIAN_POINT('',(3.749999999,4.2857E-05,0.));
#168 = CARTESIAN_POINT('',(3.749999999,4.2857E-05,1.4286E-05));
#169 = CARTESIAN_POINT('',(3.749999999,4.2857E-05,2.8571E-05));
#170 = CARTESIAN_POINT('',(3.749999999,4.2857E-05,4.2857E-05));
#171 = CARTESIAN_POINT('',(3.749999998,4.2857E-05,5.7143E-05));
#172 = CARTESIAN_POINT('',(3.749999997,4.2857E-05,7.1429E-05));
#173 = CARTESIAN_POINT('',(3.749999996,4.2857E-05,8.5714E-05));
#174 = CARTESIAN_POINT('',(3.749999994,4.2857E-05,1.E-04));
#175 = CARTESIAN_POINT('',(3.749996256,4.2857E-05,3.7485627E-02));
#176 = CARTESIAN_POINT('',(3.746726889,4.282E-05,0.112270839));
#177 = CARTESIAN_POINT('',(3.73203442,4.2652E-05,0.223942512));
#178 = CARTESIAN_POINT('',(3.69300007,4.2206E-05,0.36976632));
#179 = CARTESIAN_POINT('',(3.612804852,4.1289E-05,0.541855254));
#180 = CARTESIAN_POINT('',(3.473445399,3.9697E-05,0.723465834));
#181 = CARTESIAN_POINT('',(3.261561323,3.7275E-05,0.886050204));
#182 = CARTESIAN_POINT('',(3.014803626,3.4455E-05,0.988260588));
#183 = CARTESIAN_POINT('',(2.75,3.1429E-05,1.023122647));
#184 = CARTESIAN_POINT('',(2.485196373,2.8402E-05,0.988260588));
#185 = CARTESIAN_POINT('',(2.238438676,2.5582E-05,0.886050204));
#186 = CARTESIAN_POINT('',(2.026543038,2.316E-05,0.723456962));
#187 = CARTESIAN_POINT('',(1.863949796,2.1302E-05,0.511561324));
#188 = CARTESIAN_POINT('',(1.761739411,2.0134E-05,0.264803627));
#189 = CARTESIAN_POINT('',(1.726877352,1.9736E-05,0.));
#190 = CARTESIAN_POINT('',(1.761739411,2.0134E-05,-0.264803627));
#191 = CARTESIAN_POINT('',(1.863949796,2.1302E-05,-0.511561324));
#192 = CARTESIAN_POINT('',(2.026543038,2.316E-05,-0.723456962));
#193 = CARTESIAN_POINT('',(2.238438676,2.5582E-05,-0.886050204));
#194 = CARTESIAN_POINT('',(2.485196373,2.8402E-05,-0.988260588));
#195 = CARTESIAN_POINT('',(2.75,3.1429E-05,-1.023122647));
#196 = CARTESIAN_POINT('',(3.014803626,3.4455E-05,-0.988260588));
#197 = CARTESIAN_POINT('',(3.261561323,3.7275E-05,-0.886050204));
#198 = CARTESIAN_POINT('',(3.473456961,3.9697E-05,-0.723456962));
#199 = CARTESIAN_POINT('',(3.612822597,4.1289E-05,-0.541832129));
#200 = CARTESIAN_POINT('',(3.69301845,4.2206E-05,-0.369726876));
#201 = CARTESIAN_POINT('',(3.73204933,4.2652E-05,-0.223886805));
#202 = CARTESIAN_POINT('',(3.746736241,4.282E-05,-0.112199738));
#203 = CARTESIAN_POINT('',(3.749999999,4.2857E-05,-3.7399913E-02));
#204 = CARTESIAN_POINT('',(3.749999999,4.2857E-05,0.));
#205 = CARTESIAN_POINT('',(3.749999999,5.7143E-05,0.));
#206 = CARTESIAN_POINT('',(3.749999999,5.7143E-05,1.4286E-05));
#207 = CARTESIAN_POINT('',(3.749999999,5.7143E-05,2.8571E-05));
#208 = CARTESIAN_POINT('',(3.749999998,5.7143E-05,4.2857E-05));
#209 = CARTESIAN_POINT('',(3.749999998,5.7143E-05,5.7143E-05));
#210 = CARTESIAN_POINT('',(3.749999997,5.7143E-05,7.1429E-05));
#211 = CARTESIAN_POINT('',(3.749999995,5.7143E-05,8.5714E-05));
#212 = CARTESIAN_POINT('',(3.749999994,5.7143E-05,1.E-04));
#213 = CARTESIAN_POINT('',(3.749996255,5.7143E-05,3.7485627E-02));
#214 = CARTESIAN_POINT('',(3.746726889,5.7093E-05,0.112270839));
#215 = CARTESIAN_POINT('',(3.732034419,5.6869E-05,0.223942512));
#216 = CARTESIAN_POINT('',(3.69300007,5.6274E-05,0.36976632));
#217 = CARTESIAN_POINT('',(3.612804852,5.5052E-05,0.541855254));
#218 = CARTESIAN_POINT('',(3.473445398,5.2929E-05,0.723465834));
#219 = CARTESIAN_POINT('',(3.261561323,4.97E-05,0.886050204));
#220 = CARTESIAN_POINT('',(3.014803626,4.594E-05,0.988260588));
#221 = CARTESIAN_POINT('',(2.749999999,4.1905E-05,1.023122647));
#222 = CARTESIAN_POINT('',(2.485196373,3.787E-05,0.988260588));
#223 = CARTESIAN_POINT('',(2.238438676,3.411E-05,0.886050204));
#224 = CARTESIAN_POINT('',(2.026543037,3.0881E-05,0.723456962));
#225 = CARTESIAN_POINT('',(1.863949796,2.8403E-05,0.511561324));
#226 = CARTESIAN_POINT('',(1.761739411,2.6846E-05,0.264803627));
#227 = CARTESIAN_POINT('',(1.726877352,2.6314E-05,0.));
#228 = CARTESIAN_POINT('',(1.761739411,2.6846E-05,-0.264803627));
#229 = CARTESIAN_POINT('',(1.863949796,2.8403E-05,-0.511561324));
#230 = CARTESIAN_POINT('',(2.026543037,3.0881E-05,-0.723456962));
#231 = CARTESIAN_POINT('',(2.238438676,3.411E-05,-0.886050204));
#232 = CARTESIAN_POINT('',(2.485196373,3.787E-05,-0.988260588));
#233 = CARTESIAN_POINT('',(2.749999999,4.1905E-05,-1.023122647));
#234 = CARTESIAN_POINT('',(3.014803626,4.594E-05,-0.988260588));
#235 = CARTESIAN_POINT('',(3.261561323,4.97E-05,-0.886050204));
#236 = CARTESIAN_POINT('',(3.473456961,5.2929E-05,-0.723456962));
#237 = CARTESIAN_POINT('',(3.612822597,5.5053E-05,-0.541832129));
#238 = CARTESIAN_POINT('',(3.69301845,5.6275E-05,-0.369726876));
#239 = CARTESIAN_POINT('',(3.732049329,5.6869E-05,-0.223886805));
#240 = CARTESIAN_POINT('',(3.746736241,5.7093E-05,-0.112199738));
#241 = CARTESIAN_POINT('',(3.749999999,5.7143E-05,-3.7399913E-02));
#242 = CARTESIAN_POINT('',(3.749999999,5.7143E-05,0.));
#243 = CARTESIAN_POINT('',(3.749999998,7.1429E-05,0.));
#244 = CARTESIAN_POINT('',(3.749999998,7.1429E-05,1.4286E-05));
#245 = CARTESIAN_POINT('',(3.749999998,7.1429E-05,2.8571E-05));
#246 = CARTESIAN_POINT('',(3.749999998,7.1429E-05,4.2857E-05));
#247 = CARTESIAN_POINT('',(3.749999997,7.1429E-05,5.7143E-05));
#248 = CARTESIAN_POINT('',(3.749999996,7.1429E-05,7.1429E-05));
#249 = CARTESIAN_POINT('',(3.749999995,7.1429E-05,8.5714E-05));
#250 = CARTESIAN_POINT('',(3.749999993,7.1429E-05,1.E-04));
#251 = CARTESIAN_POINT('',(3.749996255,7.1429E-05,3.7485627E-02));
#252 = CARTESIAN_POINT('',(3.746726888,7.1366E-05,0.112270839));
#253 = CARTESIAN_POINT('',(3.732034419,7.1086E-05,0.223942512));
#254 = CARTESIAN_POINT('',(3.693000069,7.0343E-05,0.36976632));
#255 = CARTESIAN_POINT('',(3.612804851,6.8815E-05,0.541855254));
#256 = CARTESIAN_POINT('',(3.473445398,6.6161E-05,0.723465834));
#257 = CARTESIAN_POINT('',(3.261561322,6.2125E-05,0.886050204));
#258 = CARTESIAN_POINT('',(3.014803625,5.7425E-05,0.988260588));
#259 = CARTESIAN_POINT('',(2.749999998,5.2381E-05,1.023122647));
#260 = CARTESIAN_POINT('',(2.485196372,4.7337E-05,0.988260588));
#261 = CARTESIAN_POINT('',(2.238438675,4.2637E-05,0.886050204));
#262 = CARTESIAN_POINT('',(2.026543037,3.8601E-05,0.723456962));
#263 = CARTESIAN_POINT('',(1.863949795,3.5504E-05,0.511561324));
#264 = CARTESIAN_POINT('',(1.76173941,3.3557E-05,0.264803627));
#265 = CARTESIAN_POINT('',(1.726877351,3.2893E-05,0.));
#266 = CARTESIAN_POINT('',(1.76173941,3.3557E-05,-0.264803627));
#267 = CARTESIAN_POINT('',(1.863949795,3.5504E-05,-0.511561324));
#268 = CARTESIAN_POINT('',(2.026543037,3.8601E-05,-0.723456962));
#269 = CARTESIAN_POINT('',(2.238438675,4.2637E-05,-0.886050204));
#270 = CARTESIAN_POINT('',(2.485196372,4.7337E-05,-0.988260588));
#271 = CARTESIAN_POINT('',(2.749999998,5.2381E-05,-1.023122647));
#272 = CARTESIAN_POINT('',(3.014803625,5.7425E-05,-0.988260588));
#273 = CARTESIAN_POINT('',(3.261561322,6.2125E-05,-0.886050204));
#274 = CARTESIAN_POINT('',(3.47345696,6.6161E-05,-0.723456962));
#275 = CARTESIAN_POINT('',(3.612822596,6.8816E-05,-0.541832129));
#276 = CARTESIAN_POINT('',(3.693018449,7.0343E-05,-0.369726876));
#277 = CARTESIAN_POINT('',(3.732049329,7.1087E-05,-0.223886805));
#278 = CARTESIAN_POINT('',(3.74673624,7.1366E-05,-0.112199738));
#279 = CARTESIAN_POINT('',(3.749999998,7.1429E-05,-3.7399913E-02));
#280 = CARTESIAN_POINT('',(3.749999998,7.1429E-05,0.));
#281 = CARTESIAN_POINT('',(3.749999997,8.5714E-05,0.));
#282 = CARTESIAN_POINT('',(3.749999997,8.5714E-05,1.4286E-05));
#283 = CARTESIAN_POINT('',(3.749999997,8.5714E-05,2.8571E-05));
#284 = CARTESIAN_POINT('',(3.749999997,8.5714E-05,4.2857E-05));
#285 = CARTESIAN_POINT('',(3.749999996,8.5714E-05,5.7143E-05));
#286 = CARTESIAN_POINT('',(3.749999995,8.5714E-05,7.1429E-05));
#287 = CARTESIAN_POINT('',(3.749999994,8.5714E-05,8.5714E-05));
#288 = CARTESIAN_POINT('',(3.749999992,8.5714E-05,1.E-04));
#289 = CARTESIAN_POINT('',(3.749996254,8.5714E-05,3.7485627E-02));
#290 = CARTESIAN_POINT('',(3.746726887,8.5639E-05,0.112270839));
#291 = CARTESIAN_POINT('',(3.732034418,8.5304E-05,0.223942512));
#292 = CARTESIAN_POINT('',(3.693000068,8.4411E-05,0.36976632));
#293 = CARTESIAN_POINT('',(3.61280485,8.2578E-05,0.541855254));
#294 = CARTESIAN_POINT('',(3.473445397,7.9393E-05,0.723465834));
#295 = CARTESIAN_POINT('',(3.261561321,7.455E-05,0.886050204));
#296 = CARTESIAN_POINT('',(3.014803624,6.891E-05,0.988260588));
#297 = CARTESIAN_POINT('',(2.749999998,6.2857E-05,1.023122647));
#298 = CARTESIAN_POINT('',(2.485196371,5.6804E-05,0.988260588));
#299 = CARTESIAN_POINT('',(2.238438674,5.1164E-05,0.886050204));
#300 = CARTESIAN_POINT('',(2.026543036,4.6321E-05,0.723456962));
#301 = CARTESIAN_POINT('',(1.863949794,4.2605E-05,0.511561324));
#302 = CARTESIAN_POINT('',(1.76173941,4.0268E-05,0.264803627));
#303 = CARTESIAN_POINT('',(1.726877351,3.9471E-05,0.));
#304 = CARTESIAN_POINT('',(1.76173941,4.0268E-05,-0.264803627));
#305 = CARTESIAN_POINT('',(1.863949794,4.2605E-05,-0.511561324));
#306 = CARTESIAN_POINT('',(2.026543036,4.6321E-05,-0.723456962));
#307 = CARTESIAN_POINT('',(2.238438674,5.1164E-05,-0.886050204));
#308 = CARTESIAN_POINT('',(2.485196371,5.6804E-05,-0.988260588));
#309 = CARTESIAN_POINT('',(2.749999998,6.2857E-05,-1.023122647));
#310 = CARTESIAN_POINT('',(3.014803624,6.891E-05,-0.988260588));
#311 = CARTESIAN_POINT('',(3.261561321,7.455E-05,-0.886050204));
#312 = CARTESIAN_POINT('',(3.473456959,7.9393E-05,-0.723456962));
#313 = CARTESIAN_POINT('',(3.612822595,8.2579E-05,-0.541832129));
#314 = CARTESIAN_POINT('',(3.693018448,8.4412E-05,-0.369726876));
#315 = CARTESIAN_POINT('',(3.732049328,8.5304E-05,-0.223886805));
#316 = CARTESIAN_POINT('',(3.746736239,8.564E-05,-0.112199738));
#317 = CARTESIAN_POINT('',(3.749999997,8.5714E-05,-3.7399913E-02));
#318 = CARTESIAN_POINT('',(3.749999997,8.5714E-05,0.));
#319 = CARTESIAN_POINT('',(3.749999996,1.E-04,0.));
#320 = CARTESIAN_POINT('',(3.749999996,1.E-04,1.4286E-05));
#321 = CARTESIAN_POINT('',(3.749999996,1.E-04,2.8571E-05));
#322 = CARTESIAN_POINT('',(3.749999996,1.E-04,4.2857E-05));
#323 = CARTESIAN_POINT('',(3.749999995,1.E-04,5.7143E-05));
#324 = CARTESIAN_POINT('',(3.749999994,1.E-04,7.1429E-05));
#325 = CARTESIAN_POINT('',(3.749999993,1.E-04,8.5714E-05));
#326 = CARTESIAN_POINT('',(3.749999991,1.E-04,1.E-04));
#327 = CARTESIAN_POINT('',(3.749996253,1.E-04,3.7485627E-02));
#328 = CARTESIAN_POINT('',(3.746726886,9.9913E-05,0.112270839));
#329 = CARTESIAN_POINT('',(3.732034417,9.9521E-05,0.223942512));
#330 = CARTESIAN_POINT('',(3.693000067,9.848E-05,0.36976632));
#331 = CARTESIAN_POINT('',(3.612804849,9.6341E-05,0.541855254));
#332 = CARTESIAN_POINT('',(3.473445396,9.2625E-05,0.723465834));
#333 = CARTESIAN_POINT('',(3.26156132,8.6975E-05,0.886050204));
#334 = CARTESIAN_POINT('',(3.014803623,8.0395E-05,0.988260588));
#335 = CARTESIAN_POINT('',(2.749999997,7.3333E-05,1.023122647));
#336 = CARTESIAN_POINT('',(2.48519637,6.6272E-05,0.988260588));
#337 = CARTESIAN_POINT('',(2.238438673,5.9692E-05,0.886050204));
#338 = CARTESIAN_POINT('',(2.026543035,5.4041E-05,0.723456962));
#339 = CARTESIAN_POINT('',(1.863949793,4.9705E-05,0.511561324));
#340 = CARTESIAN_POINT('',(1.761739409,4.698E-05,0.264803627));
#341 = CARTESIAN_POINT('',(1.72687735,4.605E-05,0.));
#342 = CARTESIAN_POINT('',(1.761739409,4.698E-05,-0.264803627));
#343 = CARTESIAN_POINT('',(1.863949793,4.9705E-05,-0.511561324));
#344 = CARTESIAN_POINT('',(2.026543035,5.4041E-05,-0.723456962));
#345 = CARTESIAN_POINT('',(2.238438673,5.9692E-05,-0.886050204));
#346 = CARTESIAN_POINT('',(2.48519637,6.6272E-05,-0.988260588));
#347 = CARTESIAN_POINT('',(2.749999997,7.3333E-05,-1.023122647));
#348 = CARTESIAN_POINT('',(3.014803623,8.0395E-05,-0.988260588));
#349 = CARTESIAN_POINT('',(3.26156132,8.6975E-05,-0.886050204));
#350 = CARTESIAN_POINT('',(3.473456958,9.2626E-05,-0.723456962));
#351 = CARTESIAN_POINT('',(3.612822594,9.6342E-05,-0.541832129));
#352 = CARTESIAN_POINT('',(3.693018447,9.848E-05,-0.369726876));
#353 = CARTESIAN_POINT('',(3.732049327,9.9521E-05,-0.223886805));
#354 = CARTESIAN_POINT('',(3.746736238,9.9913E-05,-0.112199738));
#355 = CARTESIAN_POINT('',(3.749999996,1.E-04,-3.7399913E-02));
#356 = CARTESIAN_POINT('',(3.749999996,1.E-04,0.));
#357 = CARTESIAN_POINT('',(3.749996008,5.6185581E-02,0.));
#358 = CARTESIAN_POINT('',(3.749996008,5.6185581E-02,1.4286E-05));
#359 = CARTESIAN_POINT('',(3.749996008,5.6185581E-02,2.8571E-05));
#360 = CARTESIAN_POINT('',(3.749996007,5.6185581E-02,4.2857E-05));
#361 = CARTESIAN_POINT('',(3.749996007,5.6185581E-02,5.7143E-05));
#362 = CARTESIAN_POINT('',(3.749996006,5.6185581E-02,7.1429E-05));
#363 = CARTESIAN_POINT('',(3.749996005,5.6185581E-02,8.5714E-05));
#364 = CARTESIAN_POINT('',(3.749996003,5.6185581E-02,1.E-04));
#365 = CARTESIAN_POINT('',(3.749992265,5.6185525E-02,3.7485627E-02));
#366 = CARTESIAN_POINT('',(3.746722899,5.6136541E-02,0.112270839));
#367 = CARTESIAN_POINT('',(3.732030436,5.5916406E-02,0.223942512));
#368 = CARTESIAN_POINT('',(3.692996101,5.5331561E-02,0.36976632));
#369 = CARTESIAN_POINT('',(3.612800916,5.413001E-02,0.541855254));
#370 = CARTESIAN_POINT('',(3.473441518,5.2042013E-02,0.723465834));
#371 = CARTESIAN_POINT('',(3.261557527,4.8867391E-02,0.886050204));
#372 = CARTESIAN_POINT('',(3.014799928,4.5170264E-02,0.988260588));
#373 = CARTESIAN_POINT('',(2.749996407,4.1202759E-02,1.023122647));
#374 = CARTESIAN_POINT('',(2.485192886,3.7235253E-02,0.988260588));
#375 = CARTESIAN_POINT('',(2.238435288,3.3538126E-02,0.886050204));
#376 = CARTESIAN_POINT('',(2.026539734,3.0363332E-02,0.723456962));
#377 = CARTESIAN_POINT('',(1.863946557,2.7927226E-02,0.511561324));
#378 = CARTESIAN_POINT('',(1.761736213,2.6395826E-02,0.264803627));
#379 = CARTESIAN_POINT('',(1.726874169,2.5873494E-02,0.));
#380 = CARTESIAN_POINT('',(1.761736213,2.6395826E-02,-0.264803627));
#381 = CARTESIAN_POINT('',(1.863946557,2.7927226E-02,-0.511561324));
#382 = CARTESIAN_POINT('',(2.026539734,3.0363332E-02,-0.723456962));
#383 = CARTESIAN_POINT('',(2.238435288,3.3538126E-02,-0.886050204));
#384 = CARTESIAN_POINT('',(2.485192886,3.7235253E-02,-0.988260588));
#385 = CARTESIAN_POINT('',(2.749996407,4.1202759E-02,-1.023122647));
#386 = CARTESIAN_POINT('',(3.014799928,4.5170264E-02,-0.988260588));
#387 = CARTESIAN_POINT('',(3.261557527,4.8867391E-02,-0.886050204));
#388 = CARTESIAN_POINT('',(3.47345308,5.2042186E-02,-0.723456962));
#389 = CARTESIAN_POINT('',(3.612818661,5.4130276E-02,-0.541832129));
#390 = CARTESIAN_POINT('',(3.693014482,5.5331837E-02,-0.369726876));
#391 = CARTESIAN_POINT('',(3.732045346,5.5916629E-02,-0.223886805));
#392 = CARTESIAN_POINT('',(3.746732251,5.6136681E-02,-0.112199738));
#393 = CARTESIAN_POINT('',(3.749996008,5.6185581E-02,-3.7399913E-02));
#394 = CARTESIAN_POINT('',(3.749996008,5.6185581E-02,0.));
#395 = CARTESIAN_POINT('',(3.744768006,0.168370715,0.));
#396 = CARTESIAN_POINT('',(3.744768006,0.168370715,1.4286E-05));
#397 = CARTESIAN_POINT('',(3.744768006,0.168370715,2.8571E-05));
#398 = CARTESIAN_POINT('',(3.744768005,0.168370715,4.2857E-05));
#399 = CARTESIAN_POINT('',(3.744768005,0.168370715,5.7143E-05));
#400 = CARTESIAN_POINT('',(3.744768004,0.168370715,7.1429E-05));
#401 = CARTESIAN_POINT('',(3.744768003,0.168370715,8.5714E-05));
#402 = CARTESIAN_POINT('',(3.744768001,0.168370715,1.E-04));
#403 = CARTESIAN_POINT('',(3.744764265,0.168370547,3.7485627E-02));
#404 = CARTESIAN_POINT('',(3.741496608,0.168223756,0.112270839));
#405 = CARTESIAN_POINT('',(3.726811826,0.16756408,0.223942512));
#406 = CARTESIAN_POINT('',(3.687797899,0.16581148,0.36976632));
#407 = CARTESIAN_POINT('',(3.607644639,0.1622108,0.541855254));
#408 = CARTESIAN_POINT('',(3.468358098,0.15595371,0.723465834));
#409 = CARTESIAN_POINT('',(3.25658488,0.146440342,0.886050204));
#410 = CARTESIAN_POINT('',(3.009956287,0.135361186,0.988260588));
#411 = CARTESIAN_POINT('',(2.745291205,0.123471787,1.023122647));
#412 = CARTESIAN_POINT('',(2.480626123,0.111582387,0.988260588));
#413 = CARTESIAN_POINT('',(2.23399753,0.100503231,0.886050204));
#414 = CARTESIAN_POINT('',(2.022212755,9.0989344E-02,0.723456962));
#415 = CARTESIAN_POINT('',(1.859704582,8.3689082E-02,0.511561324));
#416 = CARTESIAN_POINT('',(1.757547673,7.9099945E-02,0.264803627));
#417 = CARTESIAN_POINT('',(1.722703854,7.7534676E-02,0.));
#418 = CARTESIAN_POINT('',(1.757547673,7.9099945E-02,-0.264803627));
#419 = CARTESIAN_POINT('',(1.859704582,8.3689082E-02,-0.511561324));
#420 = CARTESIAN_POINT('',(2.022212755,9.0989344E-02,-0.723456962));
#421 = CARTESIAN_POINT('',(2.23399753,0.100503231,-0.886050204));
#422 = CARTESIAN_POINT('',(2.480626123,0.111582387,-0.988260588));
#423 = CARTESIAN_POINT('',(2.745291205,0.123471787,-1.023122647));
#424 = CARTESIAN_POINT('',(3.009956287,0.135361186,-0.988260588));
#425 = CARTESIAN_POINT('',(3.25658488,0.146440342,-0.886050204));
#426 = CARTESIAN_POINT('',(3.468369655,0.155954229,-0.723456962));
#427 = CARTESIAN_POINT('',(3.607662375,0.162211597,-0.541832129));
#428 = CARTESIAN_POINT('',(3.68781627,0.165812305,-0.369726876));
#429 = CARTESIAN_POINT('',(3.726826728,0.16756475,-0.223886805));
#430 = CARTESIAN_POINT('',(3.741505956,0.168224176,-0.112199738));
#431 = CARTESIAN_POINT('',(3.744768006,0.168370715,-3.7399913E-02));
#432 = CARTESIAN_POINT('',(3.744768006,0.168370715,0.));
#433 = CARTESIAN_POINT('',(3.721263111,0.335916729,0.));
#434 = CARTESIAN_POINT('',(3.721263111,0.335916729,1.4286E-05));
#435 = CARTESIAN_POINT('',(3.721263111,0.335916729,2.8571E-05));
#436 = CARTESIAN_POINT('',(3.72126311,0.335916729,4.2857E-05));
#437 = CARTESIAN_POINT('',(3.721263109,0.335916729,5.7143E-05));
#438 = CARTESIAN_POINT('',(3.721263108,0.335916729,7.1429E-05));
#439 = CARTESIAN_POINT('',(3.721263107,0.335916729,8.5714E-05));
#440 = CARTESIAN_POINT('',(3.721263106,0.335916729,1.E-04));
#441 = CARTESIAN_POINT('',(3.721259378,0.335916393,3.7485627E-02));
#442 = CARTESIAN_POINT('',(3.717999406,0.335622993,0.112270839));
#443 = CARTESIAN_POINT('',(3.703349159,0.33430446,0.223942512));
#444 = CARTESIAN_POINT('',(3.664426982,0.330801433,0.36976632));
#445 = CARTESIAN_POINT('',(3.584462222,0.323604541,0.541855254));
#446 = CARTESIAN_POINT('',(3.445503246,0.311098123,0.723465834));
#447 = CARTESIAN_POINT('',(3.234228062,0.292083189,0.886050204));
#448 = CARTESIAN_POINT('',(2.988179473,0.269938622,0.988260588));
#449 = CARTESIAN_POINT('',(2.724136813,0.246174573,1.023122647));
#450 = CARTESIAN_POINT('',(2.460094153,0.222410525,0.988260588));
#451 = CARTESIAN_POINT('',(2.214045564,0.200265957,0.886050204));
#452 = CARTESIAN_POINT('',(2.002758851,0.181249986,0.723456962));
#453 = CARTESIAN_POINT('',(1.840632853,0.166658518,0.511561324));
#454 = CARTESIAN_POINT('',(1.738716191,0.157485937,0.264803627));
#455 = CARTESIAN_POINT('',(1.703954315,0.154357341,0.));
#456 = CARTESIAN_POINT('',(1.738716191,0.157485937,-0.264803627));
#457 = CARTESIAN_POINT('',(1.840632853,0.166658518,-0.511561324));
#458 = CARTESIAN_POINT('',(2.002758851,0.181249986,-0.723456962));
#459 = CARTESIAN_POINT('',(2.214045564,0.200265957,-0.886050204));
#460 = CARTESIAN_POINT('',(2.460094153,0.222410525,-0.988260588));
#461 = CARTESIAN_POINT('',(2.724136813,0.246174573,-1.023122647));
#462 = CARTESIAN_POINT('',(2.988179473,0.269938622,-0.988260588));
#463 = CARTESIAN_POINT('',(3.234228062,0.292083189,-0.886050204));
#464 = CARTESIAN_POINT('',(3.445514775,0.311099161,-0.723456962));
#465 = CARTESIAN_POINT('',(3.584479915,0.323606134,-0.541832129));
#466 = CARTESIAN_POINT('',(3.664445309,0.330803082,-0.369726876));
#467 = CARTESIAN_POINT('',(3.703364026,0.334305798,-0.223886805));
#468 = CARTESIAN_POINT('',(3.718008732,0.335623833,-0.112199738));
#469 = CARTESIAN_POINT('',(3.721263111,0.335916729,-3.7399913E-02));
#470 = CARTESIAN_POINT('',(3.721263111,0.335916729,0.));
#471 = CARTESIAN_POINT('',(3.659274539,0.554886352,0.));
#472 = CARTESIAN_POINT('',(3.659274539,0.554886352,1.4286E-05));
#473 = CARTESIAN_POINT('',(3.659274539,0.554886352,2.8571E-05));
#474 = CARTESIAN_POINT('',(3.659274539,0.554886352,4.2857E-05));
#475 = CARTESIAN_POINT('',(3.659274538,0.554886352,5.7143E-05));
#476 = CARTESIAN_POINT('',(3.659274537,0.554886352,7.1429E-05));
#477 = CARTESIAN_POINT('',(3.659274536,0.554886352,8.5714E-05));
#478 = CARTESIAN_POINT('',(3.659274534,0.554886351,1.E-04));
#479 = CARTESIAN_POINT('',(3.65927083,0.554885793,3.7485627E-02));
#480 = CARTESIAN_POINT('',(3.656031336,0.554397554,0.112270839));
#481 = CARTESIAN_POINT('',(3.641473113,0.552203417,0.223942512));
#482 = CARTESIAN_POINT('',(3.602795423,0.546374125,0.36976632));
#483 = CARTESIAN_POINT('',(3.523332955,0.534397971,0.541855254));
#484 = CARTESIAN_POINT('',(3.385246839,0.513586377,0.723465834));
#485 = CARTESIAN_POINT('',(3.175298764,0.481944137,0.886050204));
#486 = CARTESIAN_POINT('',(2.930795711,0.445093957,0.988260588));
#487 = CARTESIAN_POINT('',(2.668411615,0.405548843,1.023122647));
#488 = CARTESIAN_POINT('',(2.40602752,0.36600373,0.988260588));
#489 = CARTESIAN_POINT('',(2.161524466,0.32915355,0.886050204));
#490 = CARTESIAN_POINT('',(1.951564935,0.297509583,0.723456962));
#491 = CARTESIAN_POINT('',(1.79045732,0.273228313,0.511561324));
#492 = CARTESIAN_POINT('',(1.689180839,0.257964469,0.264803627));
#493 = CARTESIAN_POINT('',(1.654637317,0.252758256,0.));
#494 = CARTESIAN_POINT('',(1.689180839,0.257964469,-0.264803627));
#495 = CARTESIAN_POINT('',(1.79045732,0.273228313,-0.511561324));
#496 = CARTESIAN_POINT('',(1.951564935,0.297509583,-0.723456962));
#497 = CARTESIAN_POINT('',(2.161524466,0.32915355,-0.886050204));
#498 = CARTESIAN_POINT('',(2.40602752,0.36600373,-0.988260588));
#499 = CARTESIAN_POINT('',(2.668411615,0.405548843,-1.023122647));
#500 = CARTESIAN_POINT('',(2.930795711,0.445093957,-0.988260588));
#501 = CARTESIAN_POINT('',(3.175298764,0.481944137,-0.886050204));
#502 = CARTESIAN_POINT('',(3.385258296,0.513588104,-0.723456962));
#503 = CARTESIAN_POINT('',(3.523350537,0.534400621,-0.541832129));
#504 = CARTESIAN_POINT('',(3.602813635,0.546376869,-0.369726876));
#505 = CARTESIAN_POINT('',(3.641487886,0.552205644,-0.223886805));
#506 = CARTESIAN_POINT('',(3.656040603,0.554398951,-0.112199738));
#507 = CARTESIAN_POINT('',(3.659274539,0.554886352,-3.7399913E-02));
#508 = CARTESIAN_POINT('',(3.659274539,0.554886352,0.));
#509 = CARTESIAN_POINT('',(3.535796296,0.814345869,0.));
#510 = CARTESIAN_POINT('',(3.535796296,0.814345869,1.4286E-05));
#511 = CARTESIAN_POINT('',(3.535796296,0.814345869,2.8571E-05));
#512 = CARTESIAN_POINT('',(3.535796296,0.814345869,4.2857E-05));
#513 = CARTESIAN_POINT('',(3.535796295,0.814345868,5.7143E-05));
#514 = CARTESIAN_POINT('',(3.535796294,0.814345868,7.1429E-05));
#515 = CARTESIAN_POINT('',(3.535796293,0.814345868,8.5714E-05));
#516 = CARTESIAN_POINT('',(3.535796291,0.814345868,1.E-04));
#517 = CARTESIAN_POINT('',(3.535792636,0.814345033,3.7485627E-02));
#518 = CARTESIAN_POINT('',(3.532595706,0.813615386,0.112270839));
#519 = CARTESIAN_POINT('',(3.518228767,0.810336364,0.223942512));
#520 = CARTESIAN_POINT('',(3.480059275,0.801624793,0.36976632));
#521 = CARTESIAN_POINT('',(3.401640887,0.78372706,0.541855254));
#522 = CARTESIAN_POINT('',(3.265369124,0.752625229,0.723465834));
#523 = CARTESIAN_POINT('',(3.058179617,0.705337566,0.886050204));
#524 = CARTESIAN_POINT('',(2.816889159,0.650266911,0.988260588));
#525 = CARTESIAN_POINT('',(2.557952602,0.591168819,1.023122647));
#526 = CARTESIAN_POINT('',(2.299016046,0.532070726,0.988260588));
#527 = CARTESIAN_POINT('',(2.057725588,0.477000071,0.886050204));
#528 = CARTESIAN_POINT('',(1.850524774,0.429709828,0.723456962));
#529 = CARTESIAN_POINT('',(1.691533998,0.393422748,0.511561324));
#530 = CARTESIAN_POINT('',(1.591588218,0.370611736,0.264803627));
#531 = CARTESIAN_POINT('',(1.557498574,0.362831324,0.));
#532 = CARTESIAN_POINT('',(1.591588218,0.370611736,-0.264803627));
#533 = CARTESIAN_POINT('',(1.691533998,0.393422748,-0.511561324));
#534 = CARTESIAN_POINT('',(1.850524774,0.429709828,-0.723456962));
#535 = CARTESIAN_POINT('',(2.057725588,0.477000071,-0.886050204));
#536 = CARTESIAN_POINT('',(2.299016046,0.532070726,-0.988260588));
#537 = CARTESIAN_POINT('',(2.557952602,0.591168819,-1.023122647));
#538 = CARTESIAN_POINT('',(2.816889159,0.650266911,-0.988260588));
#539 = CARTESIAN_POINT('',(3.058179617,0.705337566,-0.886050204));
#540 = CARTESIAN_POINT('',(3.26538043,0.752627809,-0.723456962));
#541 = CARTESIAN_POINT('',(3.401658238,0.783731021,-0.541832129));
#542 = CARTESIAN_POINT('',(3.480077248,0.801628895,-0.369726876));
#543 = CARTESIAN_POINT('',(3.518243347,0.810339691,-0.223886805));
#544 = CARTESIAN_POINT('',(3.532604851,0.813617473,-0.112199738));
#545 = CARTESIAN_POINT('',(3.535796296,0.814345869,-3.7399913E-02));
#546 = CARTESIAN_POINT('',(3.535796296,0.814345869,0.));
#547 = CARTESIAN_POINT('',(3.337757664,1.095139218,0.));
#548 = CARTESIAN_POINT('',(3.337757664,1.095139218,1.4286E-05));
#549 = CARTESIAN_POINT('',(3.337757664,1.095139218,2.8571E-05));
#550 = CARTESIAN_POINT('',(3.337757664,1.095139218,4.2857E-05));
#551 = CARTESIAN_POINT('',(3.337757663,1.095139218,5.7143E-05));
#552 = CARTESIAN_POINT('',(3.337757662,1.095139218,7.1429E-05));
#553 = CARTESIAN_POINT('',(3.337757661,1.095139217,8.5714E-05));
#554 = CARTESIAN_POINT('',(3.337757659,1.095139217,1.E-04));
#555 = CARTESIAN_POINT('',(3.337754091,1.095138057,3.7485627E-02));
#556 = CARTESIAN_POINT('',(3.334633355,1.094124056,0.112270839));
#557 = CARTESIAN_POINT('',(3.32060883,1.089567152,0.223942512));
#558 = CARTESIAN_POINT('',(3.283349047,1.077460558,0.36976632));
#559 = CARTESIAN_POINT('',(3.206799638,1.052587826,0.541855254));
#560 = CARTESIAN_POINT('',(3.073775698,1.009365168,0.723465834));
#561 = CARTESIAN_POINT('',(2.871524227,0.943648831,0.886050204));
#562 = CARTESIAN_POINT('',(2.635984547,0.86711636,0.988260588));
#563 = CARTESIAN_POINT('',(2.383219336,0.784986902,1.023122647));
#564 = CARTESIAN_POINT('',(2.130454125,0.702857444,0.988260588));
#565 = CARTESIAN_POINT('',(1.894914446,0.626324972,0.886050204));
#566 = CARTESIAN_POINT('',(1.692651938,0.560605049,0.723456962));
#567 = CARTESIAN_POINT('',(1.537450456,0.510176379,0.511561324));
#568 = CARTESIAN_POINT('',(1.439886727,0.478475591,0.264803627));
#569 = CARTESIAN_POINT('',(1.406609555,0.467663043,0.));
#570 = CARTESIAN_POINT('',(1.439886727,0.478475591,-0.264803627));
#571 = CARTESIAN_POINT('',(1.537450456,0.510176379,-0.511561324));
#572 = CARTESIAN_POINT('',(1.692651938,0.560605049,-0.723456962));
#573 = CARTESIAN_POINT('',(1.894914446,0.626324972,-0.886050204));
#574 = CARTESIAN_POINT('',(2.130454125,0.702857444,-0.988260588));
#575 = CARTESIAN_POINT('',(2.383219336,0.784986902,-1.023122647));
#576 = CARTESIAN_POINT('',(2.635984547,0.86711636,-0.988260588));
#577 = CARTESIAN_POINT('',(2.871524227,0.943648831,-0.886050204));
#578 = CARTESIAN_POINT('',(3.073786735,1.009368754,-0.723456962));
#579 = CARTESIAN_POINT('',(3.206816576,1.052593329,-0.541832129));
#580 = CARTESIAN_POINT('',(3.283366591,1.077466259,-0.369726876));
#581 = CARTESIAN_POINT('',(3.320623062,1.089571777,-0.223886805));
#582 = CARTESIAN_POINT('',(3.334642282,1.094126956,-0.112199738));
#583 = CARTESIAN_POINT('',(3.337757664,1.095139218,-3.7399913E-02));
#584 = CARTESIAN_POINT('',(3.337757664,1.095139218,0.));
#585 = CARTESIAN_POINT('',(3.07986467,1.380821251,0.));
#586 = CARTESIAN_POINT('',(3.07986467,1.380821251,1.4286E-05));
#587 = CARTESIAN_POINT('',(3.079864669,1.380821251,2.8571E-05));
#588 = CARTESIAN_POINT('',(3.079864669,1.38082125,4.2857E-05));
#589 = CARTESIAN_POINT('',(3.079864668,1.38082125,5.7143E-05));
#590 = CARTESIAN_POINT('',(3.079864668,1.38082125,7.1429E-05));
#591 = CARTESIAN_POINT('',(3.079864666,1.380821249,8.5714E-05));
#592 = CARTESIAN_POINT('',(3.079864665,1.380821249,1.E-04));
#593 = CARTESIAN_POINT('',(3.079861237,1.380819723,3.7485627E-02));
#594 = CARTESIAN_POINT('',(3.076863583,1.379485081,0.112270839));
#595 = CARTESIAN_POINT('',(3.063392187,1.373487229,0.223942512));
#596 = CARTESIAN_POINT('',(3.027601933,1.357552381,0.36976632));
#597 = CARTESIAN_POINT('',(2.954071639,1.324814585,0.541855254));
#598 = CARTESIAN_POINT('',(2.826294174,1.267924392,0.723465834));
#599 = CARTESIAN_POINT('',(2.632019518,1.181427742,0.886050204));
#600 = CARTESIAN_POINT('',(2.405769543,1.080694764,0.988260588));
#601 = CARTESIAN_POINT('',(2.162973413,0.972594962,1.023122647));
#602 = CARTESIAN_POINT('',(1.920177282,0.86449516,0.988260588));
#603 = CARTESIAN_POINT('',(1.693927307,0.763762181,0.886050204));
#604 = CARTESIAN_POINT('',(1.499642049,0.677260811,0.723456962));
#605 = CARTESIAN_POINT('',(1.350561727,0.610885975,0.511561324));
#606 = CARTESIAN_POINT('',(1.256845919,0.569161009,0.264803627));
#607 = CARTESIAN_POINT('',(1.224881202,0.5549294,0.));
#608 = CARTESIAN_POINT('',(1.256845919,0.569161009,-0.264803627));
#609 = CARTESIAN_POINT('',(1.350561727,0.610885975,-0.511561324));
#610 = CARTESIAN_POINT('',(1.499642049,0.677260811,-0.723456962));
#611 = CARTESIAN_POINT('',(1.693927307,0.763762181,-0.886050204));
#612 = CARTESIAN_POINT('',(1.920177282,0.86449516,-0.988260588));
#613 = CARTESIAN_POINT('',(2.162973413,0.972594962,-1.023122647));
#614 = CARTESIAN_POINT('',(2.405769543,1.080694764,-0.988260588));
#615 = CARTESIAN_POINT('',(2.632019518,1.181427742,-0.886050204));
#616 = CARTESIAN_POINT('',(2.826304776,1.267929113,-0.723456962));
#617 = CARTESIAN_POINT('',(2.954087909,1.324821829,-0.541832129));
#618 = CARTESIAN_POINT('',(3.027618785,1.357559884,-0.369726876));
#619 = CARTESIAN_POINT('',(3.063405858,1.373493315,-0.223886805));
#620 = CARTESIAN_POINT('',(3.076872158,1.379488899,-0.112199738));
#621 = CARTESIAN_POINT('',(3.07986467,1.380821251,-3.7399913E-02));
#622 = CARTESIAN_POINT('',(3.07986467,1.380821251,0.));
#623 = CARTESIAN_POINT('',(2.833277102,1.641626074,0.));
#624 = CARTESIAN_POINT('',(2.833277102,1.641626074,1.4286E-05));
#625 = CARTESIAN_POINT('',(2.833277102,1.641626074,2.8571E-05));
#626 = CARTESIAN_POINT('',(2.833277101,1.641626073,4.2857E-05));
#627 = CARTESIAN_POINT('',(2.8332771,1.641626073,5.7143E-05));
#628 = CARTESIAN_POINT('',(2.8332771,1.641626073,7.1429E-05));
#629 = CARTESIAN_POINT('',(2.833277099,1.641626072,8.5714E-05));
#630 = CARTESIAN_POINT('',(2.833277097,1.641626071,1.E-04));
#631 = CARTESIAN_POINT('',(2.833273848,1.641624195,3.7485627E-02));
#632 = CARTESIAN_POINT('',(2.830432123,1.639983525,0.112270839));
#633 = CARTESIAN_POINT('',(2.817661471,1.632610385,0.223942512));
#634 = CARTESIAN_POINT('',(2.783732925,1.61302173,0.36976632));
#635 = CARTESIAN_POINT('',(2.714027469,1.572777266,0.541855254));
#636 = CARTESIAN_POINT('',(2.592896627,1.502842342,0.723465834));
#637 = CARTESIAN_POINT('',(2.408727589,1.396512298,0.886050204));
#638 = CARTESIAN_POINT('',(2.194246499,1.272681583,0.988260588));
#639 = CARTESIAN_POINT('',(1.964079937,1.139794857,1.023122647));
#640 = CARTESIAN_POINT('',(1.733913376,1.006908131,0.988260588));
#641 = CARTESIAN_POINT('',(1.519432286,0.883077415,0.886050204));
#642 = CARTESIAN_POINT('',(1.335253198,0.77674157,0.723456962));
#643 = CARTESIAN_POINT('',(1.193927613,0.695147205,0.511561324));
#644 = CARTESIAN_POINT('',(1.105086636,0.643854843,0.264803627));
#645 = CARTESIAN_POINT('',(1.074784634,0.626359974,0.));
#646 = CARTESIAN_POINT('',(1.105086636,0.643854843,-0.264803627));
#647 = CARTESIAN_POINT('',(1.193927613,0.695147205,-0.511561324));
#648 = CARTESIAN_POINT('',(1.335253198,0.77674157,-0.723456962));
#649 = CARTESIAN_POINT('',(1.519432286,0.883077415,-0.886050204));
#650 = CARTESIAN_POINT('',(1.733913376,1.006908131,-0.988260588));
#651 = CARTESIAN_POINT('',(1.964079937,1.139794857,-1.023122647));
#652 = CARTESIAN_POINT('',(2.194246499,1.272681583,-0.988260588));
#653 = CARTESIAN_POINT('',(2.408727589,1.396512298,-0.886050204));
#654 = CARTESIAN_POINT('',(2.592906677,1.502848144,-0.723456962));
#655 = CARTESIAN_POINT('',(2.714042893,1.572786171,-0.541832129));
#656 = CARTESIAN_POINT('',(2.783748901,1.613030954,-0.369726876));
#657 = CARTESIAN_POINT('',(2.817674431,1.632617867,-0.223886805));
#658 = CARTESIAN_POINT('',(2.830440252,1.639988218,-0.112199738));
#659 = CARTESIAN_POINT('',(2.833277102,1.641626074,-3.7399913E-02));
#660 = CARTESIAN_POINT('',(2.833277102,1.641626074,0.));
#661 = CARTESIAN_POINT('',(2.619302094,1.903034365,0.));
#662 = CARTESIAN_POINT('',(2.619302094,1.903034365,1.4286E-05));
#663 = CARTESIAN_POINT('',(2.619302094,1.903034365,2.8571E-05));
#664 = CARTESIAN_POINT('',(2.619302093,1.903034364,4.2857E-05));
#665 = CARTESIAN_POINT('',(2.619302093,1.903034364,5.7143E-05));
#666 = CARTESIAN_POINT('',(2.619302092,1.903034363,7.1429E-05));
#667 = CARTESIAN_POINT('',(2.619302091,1.903034363,8.5714E-05));
#668 = CARTESIAN_POINT('',(2.61930209,1.903034362,1.E-04));
#669 = CARTESIAN_POINT('',(2.619299054,1.903032156,3.7485627E-02));
#670 = CARTESIAN_POINT('',(2.616644394,1.901103433,0.112270839));
#671 = CARTESIAN_POINT('',(2.604714403,1.892435787,0.223942512));
#672 = CARTESIAN_POINT('',(2.573019293,1.869407942,0.36976632));
#673 = CARTESIAN_POINT('',(2.507902383,1.822097737,0.541855254));
#674 = CARTESIAN_POINT('',(2.394745299,1.739884303,0.723465834));
#675 = CARTESIAN_POINT('',(2.222699674,1.61488584,0.886050204));
#676 = CARTESIAN_POINT('',(2.022337368,1.469314104,0.988260588));
#677 = CARTESIAN_POINT('',(1.807322128,1.313096388,1.023122647));
#678 = CARTESIAN_POINT('',(1.592306889,1.156878672,0.988260588));
#679 = CARTESIAN_POINT('',(1.391944583,1.011306936,0.886050204));
#680 = CARTESIAN_POINT('',(1.21988957,0.886301652,0.723456962));
#681 = CARTESIAN_POINT('',(1.087867115,0.790381724,0.511561324));
#682 = CARTESIAN_POINT('',(1.00487433,0.730083936,0.264803627));
#683 = CARTESIAN_POINT('',(0.976567037,0.709517484,0.));
#684 = CARTESIAN_POINT('',(1.00487433,0.730083936,-0.264803627));
#685 = CARTESIAN_POINT('',(1.087867115,0.790381724,-0.511561324));
#686 = CARTESIAN_POINT('',(1.21988957,0.886301652,-0.723456962));
#687 = CARTESIAN_POINT('',(1.391944583,1.011306936,-0.886050204));
#688 = CARTESIAN_POINT('',(1.592306889,1.156878672,-0.988260588));
#689 = CARTESIAN_POINT('',(1.807322128,1.313096388,-1.023122647));
#690 = CARTESIAN_POINT('',(2.022337368,1.469314104,-0.988260588));
#691 = CARTESIAN_POINT('',(2.222699674,1.61488584,-0.886050204));
#692 = CARTESIAN_POINT('',(2.394754687,1.739891124,-0.723456962));
#693 = CARTESIAN_POINT('',(2.507916791,1.822108206,-0.541832129));
#694 = CARTESIAN_POINT('',(2.573034217,1.869418785,-0.369726876));
#695 = CARTESIAN_POINT('',(2.60472651,1.892444583,-0.223886805));
#696 = CARTESIAN_POINT('',(2.616651988,1.90110895,-0.112199738));
#697 = CARTESIAN_POINT('',(2.619302094,1.903034365,-3.7399913E-02));
#698 = CARTESIAN_POINT('',(2.619302094,1.903034365,0.));
#699 = CARTESIAN_POINT('',(2.436809949,2.187316295,0.));
#700 = CARTESIAN_POINT('',(2.436809949,2.187316295,1.4286E-05));
#701 = CARTESIAN_POINT('',(2.436809949,2.187316295,2.8571E-05));
#702 = CARTESIAN_POINT('',(2.436809948,2.187316294,4.2857E-05));
#703 = CARTESIAN_POINT('',(2.436809948,2.187316294,5.7143E-05));
#704 = CARTESIAN_POINT('',(2.436809947,2.187316293,7.1429E-05));
#705 = CARTESIAN_POINT('',(2.436809946,2.187316292,8.5714E-05));
#706 = CARTESIAN_POINT('',(2.436809945,2.187316292,1.E-04));
#707 = CARTESIAN_POINT('',(2.436807157,2.187313781,3.7485627E-02));
#708 = CARTESIAN_POINT('',(2.434368645,2.185118135,0.112270839));
#709 = CARTESIAN_POINT('',(2.423410024,2.175250948,0.223942512));
#710 = CARTESIAN_POINT('',(2.394295609,2.149036211,0.36976632));
#711 = CARTESIAN_POINT('',(2.334480679,2.095178606,0.541855254));
#712 = CARTESIAN_POINT('',(2.230537125,2.00158741,0.723465834));
#713 = CARTESIAN_POINT('',(2.072499881,1.859290037,0.886050204));
#714 = CARTESIAN_POINT('',(1.888451571,1.693572193,0.988260588));
#715 = CARTESIAN_POINT('',(1.690943405,1.515735042,1.023122647));
#716 = CARTESIAN_POINT('',(1.493435239,1.337897891,0.988260588));
#717 = CARTESIAN_POINT('',(1.309386928,1.172180048,0.886050204));
#718 = CARTESIAN_POINT('',(1.151341061,1.029874909,0.723456962));
#719 = CARTESIAN_POINT('',(1.030068202,0.920680336,0.511561324));
#720 = CARTESIAN_POINT('',(0.953832895,0.852037758,0.264803627));
#721 = CARTESIAN_POINT('',(0.927830452,0.828625053,0.));
#722 = CARTESIAN_POINT('',(0.953832895,0.852037758,-0.264803627));
#723 = CARTESIAN_POINT('',(1.030068202,0.920680336,-0.511561324));
#724 = CARTESIAN_POINT('',(1.151341061,1.029874909,-0.723456962));
#725 = CARTESIAN_POINT('',(1.309386928,1.172180048,-0.886050204));
#726 = CARTESIAN_POINT('',(1.493435239,1.337897891,-0.988260588));
#727 = CARTESIAN_POINT('',(1.690943405,1.515735042,-1.023122647));
#728 = CARTESIAN_POINT('',(1.888451571,1.693572193,-0.988260588));
#729 = CARTESIAN_POINT('',(2.072499881,1.859290037,-0.886050204));
#730 = CARTESIAN_POINT('',(2.230545749,2.001595175,-0.723456962));
#731 = CARTESIAN_POINT('',(2.334493914,2.095190523,-0.541832129));
#732 = CARTESIAN_POINT('',(2.394309318,2.149048555,-0.369726876));
#733 = CARTESIAN_POINT('',(2.423421145,2.175260962,-0.223886805));
#734 = CARTESIAN_POINT('',(2.434375621,2.185124416,-0.112199738));
#735 = CARTESIAN_POINT('',(2.436809949,2.187316295,-3.7399913E-02));
#736 = CARTESIAN_POINT('',(2.436809949,2.187316295,0.));
#737 = CARTESIAN_POINT('',(2.264969572,2.502428131,0.));
#738 = CARTESIAN_POINT('',(2.264969572,2.502428131,1.4286E-05));
#739 = CARTESIAN_POINT('',(2.264969571,2.502428131,2.8571E-05));
#740 = CARTESIAN_POINT('',(2.264969571,2.50242813,4.2857E-05));
#741 = CARTESIAN_POINT('',(2.264969571,2.50242813,5.7143E-05));
#742 = CARTESIAN_POINT('',(2.26496957,2.502428129,7.1429E-05));
#743 = CARTESIAN_POINT('',(2.264969569,2.502428128,8.5714E-05));
#744 = CARTESIAN_POINT('',(2.264969568,2.502428127,1.E-04));
#745 = CARTESIAN_POINT('',(2.264967058,2.502425339,3.7485627E-02));
#746 = CARTESIAN_POINT('',(2.262771412,2.499986827,0.112270839));
#747 = CARTESIAN_POINT('',(2.252904225,2.489028206,0.223942512));
#748 = CARTESIAN_POINT('',(2.226689488,2.45991379,0.36976632));
#749 = CARTESIAN_POINT('',(2.172831883,2.400098861,0.541855254));
#750 = CARTESIAN_POINT('',(2.079240686,2.296155306,0.723465834));
#751 = CARTESIAN_POINT('',(1.936943313,2.138118063,0.886050204));
#752 = CARTESIAN_POINT('',(1.77122547,1.954069753,0.988260588));
#753 = CARTESIAN_POINT('',(1.593388319,1.756561587,1.023122647));
#754 = CARTESIAN_POINT('',(1.415551168,1.559053421,0.988260588));
#755 = CARTESIAN_POINT('',(1.249833324,1.37500511,0.886050204));
#756 = CARTESIAN_POINT('',(1.107528186,1.216959243,0.723456962));
#757 = CARTESIAN_POINT('',(0.998333613,1.095686384,0.511561324));
#758 = CARTESIAN_POINT('',(0.929691035,1.019451077,0.264803627));
#759 = CARTESIAN_POINT('',(0.90627833,0.993448634,0.));
#760 = CARTESIAN_POINT('',(0.929691035,1.019451077,-0.264803627));
#761 = CARTESIAN_POINT('',(0.998333613,1.095686384,-0.511561324));
#762 = CARTESIAN_POINT('',(1.107528186,1.216959243,-0.723456962));
#763 = CARTESIAN_POINT('',(1.249833324,1.37500511,-0.886050204));
#764 = CARTESIAN_POINT('',(1.415551168,1.559053421,-0.988260588));
#765 = CARTESIAN_POINT('',(1.593388319,1.756561587,-1.023122647));
#766 = CARTESIAN_POINT('',(1.77122547,1.954069753,-0.988260588));
#767 = CARTESIAN_POINT('',(1.936943313,2.138118063,-0.886050204));
#768 = CARTESIAN_POINT('',(2.079248452,2.296163931,-0.723456962));
#769 = CARTESIAN_POINT('',(2.1728438,2.400112096,-0.541832129));
#770 = CARTESIAN_POINT('',(2.226701831,2.4599275,-0.369726876));
#771 = CARTESIAN_POINT('',(2.252914238,2.489039327,-0.223886805));
#772 = CARTESIAN_POINT('',(2.262777693,2.499993803,-0.112199738));
#773 = CARTESIAN_POINT('',(2.264969572,2.502428131,-3.7399913E-02));
#774 = CARTESIAN_POINT('',(2.264969572,2.502428131,0.));
#775 = CARTESIAN_POINT('',(2.072956146,2.835991681,0.));
#776 = CARTESIAN_POINT('',(2.072956146,2.835991681,1.4286E-05));
#777 = CARTESIAN_POINT('',(2.072956146,2.835991681,2.8571E-05));
#778 = CARTESIAN_POINT('',(2.072956146,2.835991681,4.2857E-05));
#779 = CARTESIAN_POINT('',(2.072956145,2.83599168,5.7143E-05));
#780 = CARTESIAN_POINT('',(2.072956145,2.835991679,7.1429E-05));
#781 = CARTESIAN_POINT('',(2.072956144,2.835991678,8.5714E-05));
#782 = CARTESIAN_POINT('',(2.072956143,2.835991677,1.E-04));
#783 = CARTESIAN_POINT('',(2.072953938,2.835988641,3.7485627E-02));
#784 = CARTESIAN_POINT('',(2.071025214,2.833333981,0.112270839));
#785 = CARTESIAN_POINT('',(2.062357568,2.82140399,0.223942512));
#786 = CARTESIAN_POINT('',(2.039329723,2.78970888,0.36976632));
#787 = CARTESIAN_POINT('',(1.992019519,2.72459197,0.541855254));
#788 = CARTESIAN_POINT('',(1.909806085,2.611434886,0.723465834));
#789 = CARTESIAN_POINT('',(1.784807622,2.439389262,0.886050204));
#790 = CARTESIAN_POINT('',(1.639235885,2.239026955,0.988260588));
#791 = CARTESIAN_POINT('',(1.483018169,2.024011716,1.023122647));
#792 = CARTESIAN_POINT('',(1.326800454,1.808996476,0.988260588));
#793 = CARTESIAN_POINT('',(1.181228717,1.60863417,0.886050204));
#794 = CARTESIAN_POINT('',(1.056223433,1.436579157,0.723456962));
#795 = CARTESIAN_POINT('',(0.960303505,1.304556702,0.511561324));
#796 = CARTESIAN_POINT('',(0.900005717,1.221563918,0.264803627));
#797 = CARTESIAN_POINT('',(0.879439265,1.193256624,0.));
#798 = CARTESIAN_POINT('',(0.900005717,1.221563918,-0.264803627));
#799 = CARTESIAN_POINT('',(0.960303505,1.304556702,-0.511561324));
#800 = CARTESIAN_POINT('',(1.056223433,1.436579157,-0.723456962));
#801 = CARTESIAN_POINT('',(1.181228717,1.60863417,-0.886050204));
#802 = CARTESIAN_POINT('',(1.326800454,1.808996476,-0.988260588));
#803 = CARTESIAN_POINT('',(1.483018169,2.024011716,-1.023122647));
#804 = CARTESIAN_POINT('',(1.639235885,2.239026955,-0.988260588));
#805 = CARTESIAN_POINT('',(1.784807622,2.439389262,-0.886050204));
#806 = CARTESIAN_POINT('',(1.909812906,2.611444275,-0.723456962));
#807 = CARTESIAN_POINT('',(1.992029987,2.724606379,-0.541832129));
#808 = CARTESIAN_POINT('',(2.039340566,2.789723805,-0.369726876));
#809 = CARTESIAN_POINT('',(2.062366364,2.821416097,-0.223886805));
#810 = CARTESIAN_POINT('',(2.071030731,2.833341575,-0.112199738));
#811 = CARTESIAN_POINT('',(2.072956146,2.835991681,-3.7399913E-02));
#812 = CARTESIAN_POINT('',(2.072956146,2.835991681,0.));
#813 = CARTESIAN_POINT('',(1.832782026,3.15697326,0.));
#814 = CARTESIAN_POINT('',(1.832782026,3.15697326,1.4286E-05));
#815 = CARTESIAN_POINT('',(1.832782026,3.15697326,2.8571E-05));
#816 = CARTESIAN_POINT('',(1.832782026,3.156973259,4.2857E-05));
#817 = CARTESIAN_POINT('',(1.832782026,3.156973259,5.7143E-05));
#818 = CARTESIAN_POINT('',(1.832782025,3.156973258,7.1429E-05));
#819 = CARTESIAN_POINT('',(1.832782025,3.156973257,8.5714E-05));
#820 = CARTESIAN_POINT('',(1.832782024,3.156973256,1.E-04));
#821 = CARTESIAN_POINT('',(1.832780148,3.156970006,3.7485627E-02));
#822 = CARTESIAN_POINT('',(1.831139477,3.154128282,0.112270839));
#823 = CARTESIAN_POINT('',(1.823766338,3.141357629,0.223942512));
#824 = CARTESIAN_POINT('',(1.804177682,3.107429083,0.36976632));
#825 = CARTESIAN_POINT('',(1.763933219,3.037723627,0.541855254));
#826 = CARTESIAN_POINT('',(1.693998295,2.916592785,0.723465834));
#827 = CARTESIAN_POINT('',(1.587668251,2.732423747,0.886050204));
#828 = CARTESIAN_POINT('',(1.463837536,2.517942657,0.988260588));
#829 = CARTESIAN_POINT('',(1.33095081,2.287776096,1.023122647));
#830 = CARTESIAN_POINT('',(1.198064084,2.057609534,0.988260588));
#831 = CARTESIAN_POINT('',(1.074233368,1.843128444,0.886050204));
#832 = CARTESIAN_POINT('',(0.967897522,1.658949356,0.723456962));
#833 = CARTESIAN_POINT('',(0.886303158,1.517623771,0.511561324));
#834 = CARTESIAN_POINT('',(0.835010796,1.428782795,0.264803627));
#835 = CARTESIAN_POINT('',(0.817515927,1.398480792,0.));
#836 = CARTESIAN_POINT('',(0.835010796,1.428782795,-0.264803627));
#837 = CARTESIAN_POINT('',(0.886303158,1.517623771,-0.511561324));
#838 = CARTESIAN_POINT('',(0.967897522,1.658949356,-0.723456962));
#839 = CARTESIAN_POINT('',(1.074233368,1.843128444,-0.886050204));
#840 = CARTESIAN_POINT('',(1.198064084,2.057609534,-0.988260588));
#841 = CARTESIAN_POINT('',(1.33095081,2.287776096,-1.023122647));
#842 = CARTESIAN_POINT('',(1.463837536,2.517942657,-0.988260588));
#843 = CARTESIAN_POINT('',(1.587668251,2.732423747,-0.886050204));
#844 = CARTESIAN_POINT('',(1.694004097,2.916602835,-0.723456962));
#845 = CARTESIAN_POINT('',(1.763942124,3.037739051,-0.541832129));
#846 = CARTESIAN_POINT('',(1.804186906,3.107445059,-0.369726876));
#847 = CARTESIAN_POINT('',(1.82377382,3.141370589,-0.223886805));
#848 = CARTESIAN_POINT('',(1.831144171,3.154136411,-0.112199738));
#849 = CARTESIAN_POINT('',(1.832782026,3.15697326,-3.7399913E-02));
#850 = CARTESIAN_POINT('',(1.832782026,3.15697326,0.));
#851 = CARTESIAN_POINT('',(1.530338294,3.424776912,0.));
#852 = CARTESIAN_POINT('',(1.530338294,3.424776912,1.4286E-05));
#853 = CARTESIAN_POINT('',(1.530338294,3.424776912,2.8571E-05));
#854 = CARTESIAN_POINT('',(1.530338294,3.424776911,4.2857E-05));
#855 = CARTESIAN_POINT('',(1.530338293,3.424776911,5.7143E-05));
#856 = CARTESIAN_POINT('',(1.530338293,3.42477691,7.1429E-05));
#857 = CARTESIAN_POINT('',(1.530338292,3.424776909,8.5714E-05));
#858 = CARTESIAN_POINT('',(1.530338292,3.424776907,1.E-04));
#859 = CARTESIAN_POINT('',(1.530336766,3.42477348,3.7485627E-02));
#860 = CARTESIAN_POINT('',(1.529002124,3.421775826,0.112270839));
#861 = CARTESIAN_POINT('',(1.523004272,3.408304429,0.223942512));
#862 = CARTESIAN_POINT('',(1.507069424,3.372514175,0.36976632));
#863 = CARTESIAN_POINT('',(1.474331628,3.298983881,0.541855254));
#864 = CARTESIAN_POINT('',(1.417441435,3.171206416,0.723465834));
#865 = CARTESIAN_POINT('',(1.330944786,2.97693176,0.886050204));
#866 = CARTESIAN_POINT('',(1.230211807,2.750681785,0.988260588));
#867 = CARTESIAN_POINT('',(1.122112005,2.507885655,1.023122647));
#868 = CARTESIAN_POINT('',(1.014012203,2.265089525,0.988260588));
#869 = CARTESIAN_POINT('',(0.913279224,2.03883955,0.886050204));
#870 = CARTESIAN_POINT('',(0.826777854,1.844554292,0.723456962));
#871 = CARTESIAN_POINT('',(0.760403018,1.69547397,0.511561324));
#872 = CARTESIAN_POINT('',(0.718678052,1.601758162,0.264803627));
#873 = CARTESIAN_POINT('',(0.704446443,1.569793445,0.));
#874 = CARTESIAN_POINT('',(0.718678052,1.601758162,-0.264803627));
#875 = CARTESIAN_POINT('',(0.760403018,1.69547397,-0.511561324));
#876 = CARTESIAN_POINT('',(0.826777854,1.844554292,-0.723456962));
#877 = CARTESIAN_POINT('',(0.913279224,2.03883955,-0.886050204));
#878 = CARTESIAN_POINT('',(1.014012203,2.265089525,-0.988260588));
#879 = CARTESIAN_POINT('',(1.122112005,2.507885655,-1.023122647));
#880 = CARTESIAN_POINT('',(1.230211807,2.750681785,-0.988260588));
#881 = CARTESIAN_POINT('',(1.330944786,2.97693176,-0.886050204));
#882 = CARTESIAN_POINT('',(1.417446156,3.171217018,-0.723456962));
#883 = CARTESIAN_POINT('',(1.474338872,3.299000151,-0.541832129));
#884 = CARTESIAN_POINT('',(1.507076927,3.372531028,-0.369726876));
#885 = CARTESIAN_POINT('',(1.523010359,3.4083181,-0.223886805));
#886 = CARTESIAN_POINT('',(1.529005942,3.421784401,-0.112199738));
#887 = CARTESIAN_POINT('',(1.530338294,3.424776912,-3.7399913E-02));
#888 = CARTESIAN_POINT('',(1.530338294,3.424776912,0.));
#889 = CARTESIAN_POINT('',(1.170556867,3.602603599,0.));
#890 = CARTESIAN_POINT('',(1.170556867,3.602603599,1.4286E-05));
#891 = CARTESIAN_POINT('',(1.170556867,3.602603599,2.8571E-05));
#892 = CARTESIAN_POINT('',(1.170556867,3.602603598,4.2857E-05));
#893 = CARTESIAN_POINT('',(1.170556867,3.602603598,5.7143E-05));
#894 = CARTESIAN_POINT('',(1.170556866,3.602603597,7.1429E-05));
#895 = CARTESIAN_POINT('',(1.170556866,3.602603596,8.5714E-05));
#896 = CARTESIAN_POINT('',(1.170556865,3.602603594,1.E-04));
#897 = CARTESIAN_POINT('',(1.170555706,3.602600026,3.7485627E-02));
#898 = CARTESIAN_POINT('',(1.169541716,3.599479285,0.112270839));
#899 = CARTESIAN_POINT('',(1.164984865,3.58545474,0.223942512));
#900 = CARTESIAN_POINT('',(1.15287841,3.548194904,0.36976632));
#901 = CARTESIAN_POINT('',(1.128005964,3.471645385,0.541855254));
#902 = CARTESIAN_POINT('',(1.084783804,3.338621254,0.723465834));
#903 = CARTESIAN_POINT('',(1.019068223,3.136369493,0.886050204));
#904 = CARTESIAN_POINT('',(0.942536632,2.900829475,0.988260588));
#905 = CARTESIAN_POINT('',(0.860408118,2.648063901,1.023122647));
#906 = CARTESIAN_POINT('',(0.778279605,2.395298328,0.988260588));
#907 = CARTESIAN_POINT('',(0.701748014,2.15975831,0.886050204));
#908 = CARTESIAN_POINT('',(0.636028847,1.957495512,0.723456962));
#909 = CARTESIAN_POINT('',(0.585600757,1.802293808,0.511561324));
#910 = CARTESIAN_POINT('',(0.553900334,1.704729938,0.264803627));
#911 = CARTESIAN_POINT('',(0.54308791,1.671452719,0.));
#912 = CARTESIAN_POINT('',(0.553900334,1.704729938,-0.264803627));
#913 = CARTESIAN_POINT('',(0.585600757,1.802293808,-0.511561324));
#914 = CARTESIAN_POINT('',(0.636028847,1.957495512,-0.723456962));
#915 = CARTESIAN_POINT('',(0.701748014,2.15975831,-0.886050204));
#916 = CARTESIAN_POINT('',(0.778279605,2.395298328,-0.988260588));
#917 = CARTESIAN_POINT('',(0.860408118,2.648063901,-1.023122647));
#918 = CARTESIAN_POINT('',(0.942536632,2.900829475,-0.988260588));
#919 = CARTESIAN_POINT('',(1.019068223,3.136369493,-0.886050204));
#920 = CARTESIAN_POINT('',(1.08478739,3.338632291,-0.723456962));
#921 = CARTESIAN_POINT('',(1.128011467,3.471662323,-0.541832129));
#922 = CARTESIAN_POINT('',(1.152884111,3.548212448,-0.369726876));
#923 = CARTESIAN_POINT('',(1.164989489,3.585468972,-0.223886805));
#924 = CARTESIAN_POINT('',(1.169544617,3.599488212,-0.112199738));
#925 = CARTESIAN_POINT('',(1.170556867,3.602603599,-3.7399913E-02));
#926 = CARTESIAN_POINT('',(1.170556867,3.602603599,0.));
#927 = CARTESIAN_POINT('',(0.774963674,3.670213004,0.));
#928 = CARTESIAN_POINT('',(0.774963674,3.670213004,1.4286E-05));
#929 = CARTESIAN_POINT('',(0.774963674,3.670213004,2.8571E-05));
#930 = CARTESIAN_POINT('',(0.774963674,3.670213003,4.2857E-05));
#931 = CARTESIAN_POINT('',(0.774963674,3.670213002,5.7143E-05));
#932 = CARTESIAN_POINT('',(0.774963674,3.670213002,7.1429E-05));
#933 = CARTESIAN_POINT('',(0.774963674,3.670213,8.5714E-05));
#934 = CARTESIAN_POINT('',(0.774963673,3.670212999,1.E-04));
#935 = CARTESIAN_POINT('',(0.774962893,3.670209329,3.7485627E-02));
#936 = CARTESIAN_POINT('',(0.774280664,3.666999693,0.112270839));
#937 = CARTESIAN_POINT('',(0.77121474,3.652575655,0.223942512));
#938 = CARTESIAN_POINT('',(0.763069319,3.614254463,0.36976632));
#939 = CARTESIAN_POINT('',(0.74633473,3.535524412,0.541855254));
#940 = CARTESIAN_POINT('',(0.717254154,3.398711055,0.723465834));
#941 = CARTESIAN_POINT('',(0.673039635,3.190698101,0.886050204));
#942 = CARTESIAN_POINT('',(0.621547929,2.948448667,0.988260588));
#943 = CARTESIAN_POINT('',(0.566290521,2.688483003,1.023122647));
#944 = CARTESIAN_POINT('',(0.511033113,2.428517338,0.988260588));
#945 = CARTESIAN_POINT('',(0.459541406,2.186267904,0.886050204));
#946 = CARTESIAN_POINT('',(0.415324475,1.978243598,0.723456962));
#947 = CARTESIAN_POINT('',(0.381395631,1.818620935,0.511561324));
#948 = CARTESIAN_POINT('',(0.360067067,1.718277934,0.264803627));
#949 = CARTESIAN_POINT('',(0.352792292,1.684052805,0.));
#950 = CARTESIAN_POINT('',(0.360067067,1.718277934,-0.264803627));
#951 = CARTESIAN_POINT('',(0.381395631,1.818620935,-0.511561324));
#952 = CARTESIAN_POINT('',(0.415324475,1.978243598,-0.723456962));
#953 = CARTESIAN_POINT('',(0.459541406,2.186267904,-0.886050204));
#954 = CARTESIAN_POINT('',(0.511033113,2.428517338,-0.988260588));
#955 = CARTESIAN_POINT('',(0.566290521,2.688483003,-1.023122647));
#956 = CARTESIAN_POINT('',(0.621547929,2.948448667,-0.988260588));
#957 = CARTESIAN_POINT('',(0.673039635,3.190698101,-0.886050204));
#958 = CARTESIAN_POINT('',(0.717256567,3.398722407,-0.723456962));
#959 = CARTESIAN_POINT('',(0.746338433,3.535541833,-0.541832129));
#960 = CARTESIAN_POINT('',(0.763073155,3.614272507,-0.369726876));
#961 = CARTESIAN_POINT('',(0.771217852,3.652590293,-0.223886805));
#962 = CARTESIAN_POINT('',(0.774282616,3.667008875,-0.112199738));
#963 = CARTESIAN_POINT('',(0.774963674,3.670213004,-3.7399913E-02));
#964 = CARTESIAN_POINT('',(0.774963674,3.670213004,0.));
#965 = CARTESIAN_POINT('',(0.372870518,3.631327264,0.));
#966 = CARTESIAN_POINT('',(0.372870518,3.631327264,1.4286E-05));
#967 = CARTESIAN_POINT('',(0.372870518,3.631327264,2.8571E-05));
#968 = CARTESIAN_POINT('',(0.372870518,3.631327263,4.2857E-05));
#969 = CARTESIAN_POINT('',(0.372870518,3.631327262,5.7143E-05));
#970 = CARTESIAN_POINT('',(0.372870517,3.631327261,7.1429E-05));
#971 = CARTESIAN_POINT('',(0.372870517,3.63132726,8.5714E-05));
#972 = CARTESIAN_POINT('',(0.372870517,3.631327259,1.E-04));
#973 = CARTESIAN_POINT('',(0.372870125,3.631323527,3.7485627E-02));
#974 = CARTESIAN_POINT('',(0.372527131,3.628060162,0.112270839));
#975 = CARTESIAN_POINT('',(0.370985726,3.613394664,0.223942512));
#976 = CARTESIAN_POINT('',(0.366890581,3.574431971,0.36976632));
#977 = CARTESIAN_POINT('',(0.358477198,3.494383971,0.541855254));
#978 = CARTESIAN_POINT('',(0.343856817,3.355280344,0.723465834));
#979 = CARTESIAN_POINT('',(0.321627785,3.143785231,0.886050204));
#980 = CARTESIAN_POINT('',(0.295740116,2.897480516,0.988260588));
#981 = CARTESIAN_POINT('',(0.267959226,2.633162998,1.023122647));
#982 = CARTESIAN_POINT('',(0.240178335,2.368845481,0.988260588));
#983 = CARTESIAN_POINT('',(0.214290667,2.122540765,0.886050204));
#984 = CARTESIAN_POINT('',(0.192060421,1.911034111,0.723456962));
#985 = CARTESIAN_POINT('',(0.175002554,1.748739347,0.511561324));
#986 = CARTESIAN_POINT('',(0.164279531,1.646716594,0.264803627));
#987 = CARTESIAN_POINT('',(0.160622107,1.611918532,0.));
#988 = CARTESIAN_POINT('',(0.164279531,1.646716594,-0.264803627));
#989 = CARTESIAN_POINT('',(0.175002554,1.748739347,-0.511561324));
#990 = CARTESIAN_POINT('',(0.192060421,1.911034111,-0.723456962));
#991 = CARTESIAN_POINT('',(0.214290667,2.122540765,-0.886050204));
#992 = CARTESIAN_POINT('',(0.240178335,2.368845481,-0.988260588));
#993 = CARTESIAN_POINT('',(0.267959226,2.633162998,-1.023122647));
#994 = CARTESIAN_POINT('',(0.295740116,2.897480516,-0.988260588));
#995 = CARTESIAN_POINT('',(0.321627785,3.143785231,-0.886050204));
#996 = CARTESIAN_POINT('',(0.34385803,3.355291885,-0.723456962));
#997 = CARTESIAN_POINT('',(0.358479059,3.494401683,-0.541832129));
#998 = CARTESIAN_POINT('',(0.36689251,3.574450317,-0.369726876));
#999 = CARTESIAN_POINT('',(0.37098729,3.613409547,-0.223886805));
#1000 = CARTESIAN_POINT('',(0.372528113,3.628069497,-0.112199738));
#1001 = CARTESIAN_POINT('',(0.372870518,3.631327264,-3.7399913E-02));
#1002 = CARTESIAN_POINT('',(0.372870518,3.631327264,0.));
#1003 = CARTESIAN_POINT('',(-1.0102665E-02,3.512818517,0.));
#1004 = CARTESIAN_POINT('',(-1.0102665E-02,3.512818517,1.4286E-05));
#1005 = CARTESIAN_POINT('',(-1.0102665E-02,3.512818517,2.8571E-05));
#1006 = CARTESIAN_POINT('',(-1.0102665E-02,3.512818517,4.2857E-05));
#1007 = CARTESIAN_POINT('',(-1.0102665E-02,3.512818516,5.7143E-05));
#1008 = CARTESIAN_POINT('',(-1.0102665E-02,3.512818515,7.1429E-05));
#1009 = CARTESIAN_POINT('',(-1.0102665E-02,3.512818514,8.5714E-05));
#1010 = CARTESIAN_POINT('',(-1.0102665E-02,3.512818512,1.E-04));
#1011 = CARTESIAN_POINT('',(-1.0102665E-02,3.51281476,3.7485627E-02));
#1012 = CARTESIAN_POINT('',(-1.0102665E-02,3.509533419,0.112270839));
#1013 = CARTESIAN_POINT('',(-1.0102665E-02,3.49478714,0.223942512));
#1014 = CARTESIAN_POINT('',(-1.0102665E-02,3.455609829,0.36976632));
#1015 = CARTESIAN_POINT('',(-1.0102665E-02,3.375120902,0.541855254));
#1016 = CARTESIAN_POINT('',(-1.0102665E-02,3.235251054,0.723465834));
#1017 = CARTESIAN_POINT('',(-1.0102665E-02,3.022590967,0.886050204));
#1018 = CARTESIAN_POINT('',(-1.0102665E-02,2.774929536,0.988260588));
#1019 = CARTESIAN_POINT('',(-1.0102665E-02,2.509156084,1.023122647));
#1020 = CARTESIAN_POINT('',(-1.0102665E-02,2.243382632,0.988260588));
#1021 = CARTESIAN_POINT('',(-1.0102665E-02,1.995721201,0.886050204));
#1022 = CARTESIAN_POINT('',(-1.0102665E-02,1.783049509,0.723456962));
#1023 = CARTESIAN_POINT('',(-1.0102665E-02,1.61986078,0.511561324));
#1024 = CARTESIAN_POINT('',(-1.0102665E-02,1.517276057,0.264803627));
#1025 = CARTESIAN_POINT('',(-1.0102665E-02,1.482286318,0.));
#1026 = CARTESIAN_POINT('',(-1.0102665E-02,1.517276057,-0.264803627));
#1027 = CARTESIAN_POINT('',(-1.0102665E-02,1.61986078,-0.511561324));
#1028 = CARTESIAN_POINT('',(-1.0102665E-02,1.783049509,-0.723456962));
#1029 = CARTESIAN_POINT('',(-1.0102665E-02,1.995721201,-0.886050204));
#1030 = CARTESIAN_POINT('',(-1.0102665E-02,2.243382632,-0.988260588));
#1031 = CARTESIAN_POINT('',(-1.0102665E-02,2.509156084,-1.023122647));
#1032 = CARTESIAN_POINT('',(-1.0102665E-02,2.774929536,-0.988260588));
#1033 = CARTESIAN_POINT('',(-1.0102665E-02,3.022590967,-0.886050204));
#1034 = CARTESIAN_POINT('',(-1.0102665E-02,3.235262659,-0.723456962));
#1035 = CARTESIAN_POINT('',(-1.0102665E-02,3.375138712,-0.541832129));
#1036 = CARTESIAN_POINT('',(-1.0102665E-02,3.455628277,-0.369726876));
#1037 = CARTESIAN_POINT('',(-1.0102665E-02,3.494802105,-0.223886805));
#1038 = CARTESIAN_POINT('',(-1.0102665E-02,3.509542806,-0.112199738));
#1039 = CARTESIAN_POINT('',(-1.0102665E-02,3.512818517,-3.7399913E-02));
#1040 = CARTESIAN_POINT('',(-1.0102665E-02,3.512818517,0.));
#1041 = CARTESIAN_POINT('',(-0.361508525,3.355822596,0.));
#1042 = CARTESIAN_POINT('',(-0.361508525,3.355822596,1.4286E-05));
#1043 = CARTESIAN_POINT('',(-0.361508525,3.355822596,2.8571E-05));
#1044 = CARTESIAN_POINT('',(-0.361508525,3.355822595,4.2857E-05));
#1045 = CARTESIAN_POINT('',(-0.361508525,3.355822595,5.7143E-05));
#1046 = CARTESIAN_POINT('',(-0.361508525,3.355822594,7.1429E-05));
#1047 = CARTESIAN_POINT('',(-0.361508525,3.355822593,8.5714E-05));
#1048 = CARTESIAN_POINT('',(-0.361508525,3.355822591,1.E-04));
#1049 = CARTESIAN_POINT('',(-0.361508132,3.355818859,3.7485627E-02));
#1050 = CARTESIAN_POINT('',(-0.361165139,3.352555494,0.112270839));
#1051 = CARTESIAN_POINT('',(-0.359623733,3.337889996,0.223942512));
#1052 = CARTESIAN_POINT('',(-0.355528589,3.298927303,0.36976632));
#1053 = CARTESIAN_POINT('',(-0.347115205,3.218879303,0.541855254));
#1054 = CARTESIAN_POINT('',(-0.332494825,3.079775676,0.723465834));
#1055 = CARTESIAN_POINT('',(-0.310265793,2.868280563,0.886050204));
#1056 = CARTESIAN_POINT('',(-0.284378124,2.621975848,0.988260588));
#1057 = CARTESIAN_POINT('',(-0.256597233,2.35765833,1.023122647));
#1058 = CARTESIAN_POINT('',(-0.228816343,2.093340813,0.988260588));
#1059 = CARTESIAN_POINT('',(-0.202928674,1.847036097,0.886050204));
#1060 = CARTESIAN_POINT('',(-0.180698429,1.635529443,0.723456962));
#1061 = CARTESIAN_POINT('',(-0.163640562,1.473234679,0.511561324));
#1062 = CARTESIAN_POINT('',(-0.152917538,1.371211926,0.264803627));
#1063 = CARTESIAN_POINT('',(-0.149260115,1.336413865,0.));
#1064 = CARTESIAN_POINT('',(-0.152917538,1.371211926,-0.264803627));
#1065 = CARTESIAN_POINT('',(-0.163640562,1.473234679,-0.511561324));
#1066 = CARTESIAN_POINT('',(-0.180698429,1.635529443,-0.723456962));
#1067 = CARTESIAN_POINT('',(-0.202928674,1.847036097,-0.886050204));
#1068 = CARTESIAN_POINT('',(-0.228816343,2.093340813,-0.988260588));
#1069 = CARTESIAN_POINT('',(-0.256597233,2.35765833,-1.023122647));
#1070 = CARTESIAN_POINT('',(-0.284378124,2.621975848,-0.988260588));
#1071 = CARTESIAN_POINT('',(-0.310265793,2.868280563,-0.886050204));
#1072 = CARTESIAN_POINT('',(-0.332496038,3.079787217,-0.723456962));
#1073 = CARTESIAN_POINT('',(-0.347117067,3.218897015,-0.541832129));
#1074 = CARTESIAN_POINT('',(-0.355530517,3.29894565,-0.369726876));
#1075 = CARTESIAN_POINT('',(-0.359625297,3.337904879,-0.223886805));
#1076 = CARTESIAN_POINT('',(-0.36116612,3.352564829,-0.112199738));
#1077 = CARTESIAN_POINT('',(-0.361508525,3.355822596,-3.7399913E-02));
#1078 = CARTESIAN_POINT('',(-0.361508525,3.355822596,0.));
#1079 = CARTESIAN_POINT('',(-0.685748401,3.201897005,0.));
#1080 = CARTESIAN_POINT('',(-0.685748401,3.201897005,1.4286E-05));
#1081 = CARTESIAN_POINT('',(-0.6857484,3.201897005,2.8571E-05));
#1082 = CARTESIAN_POINT('',(-0.6857484,3.201897005,4.2857E-05));
#1083 = CARTESIAN_POINT('',(-0.6857484,3.201897004,5.7143E-05));
#1084 = CARTESIAN_POINT('',(-0.6857484,3.201897003,7.1429E-05));
#1085 = CARTESIAN_POINT('',(-0.6857484,3.201897002,8.5714E-05));
#1086 = CARTESIAN_POINT('',(-0.685748399,3.201897,1.E-04));
#1087 = CARTESIAN_POINT('',(-0.685747619,3.20189333,3.7485627E-02));
#1088 = CARTESIAN_POINT('',(-0.68506539,3.198683695,0.112270839));
#1089 = CARTESIAN_POINT('',(-0.681999466,3.184259657,0.223942512));
#1090 = CARTESIAN_POINT('',(-0.673854045,3.145938464,0.36976632));
#1091 = CARTESIAN_POINT('',(-0.657119457,3.067208413,0.541855254));
#1092 = CARTESIAN_POINT('',(-0.62803888,2.930395057,0.723465834));
#1093 = CARTESIAN_POINT('',(-0.583824362,2.722382103,0.886050204));
#1094 = CARTESIAN_POINT('',(-0.532332655,2.480132669,0.988260588));
#1095 = CARTESIAN_POINT('',(-0.477075247,2.220167004,1.023122647));
#1096 = CARTESIAN_POINT('',(-0.421817839,1.960201339,0.988260588));
#1097 = CARTESIAN_POINT('',(-0.370326132,1.717951905,0.886050204));
#1098 = CARTESIAN_POINT('',(-0.326109201,1.5099276,0.723456962));
#1099 = CARTESIAN_POINT('',(-0.292180357,1.350304936,0.511561324));
#1100 = CARTESIAN_POINT('',(-0.270851793,1.249961935,0.264803627));
#1101 = CARTESIAN_POINT('',(-0.263577018,1.215736806,0.));
#1102 = CARTESIAN_POINT('',(-0.270851793,1.249961935,-0.264803627));
#1103 = CARTESIAN_POINT('',(-0.292180357,1.350304936,-0.511561324));
#1104 = CARTESIAN_POINT('',(-0.326109201,1.5099276,-0.723456962));
#1105 = CARTESIAN_POINT('',(-0.370326132,1.717951905,-0.886050204));
#1106 = CARTESIAN_POINT('',(-0.421817839,1.960201339,-0.988260588));
#1107 = CARTESIAN_POINT('',(-0.477075247,2.220167004,-1.023122647));
#1108 = CARTESIAN_POINT('',(-0.532332655,2.480132669,-0.988260588));
#1109 = CARTESIAN_POINT('',(-0.583824362,2.722382103,-0.886050204));
#1110 = CARTESIAN_POINT('',(-0.628041293,2.930406408,-0.723456962));
#1111 = CARTESIAN_POINT('',(-0.657123159,3.067225834,-0.541832129));
#1112 = CARTESIAN_POINT('',(-0.673857881,3.145956509,-0.369726876));
#1113 = CARTESIAN_POINT('',(-0.682002578,3.184274294,-0.223886805));
#1114 = CARTESIAN_POINT('',(-0.685067342,3.198692876,-0.112199738));
#1115 = CARTESIAN_POINT('',(-0.685748401,3.201897005,-3.7399913E-02));
#1116 = CARTESIAN_POINT('',(-0.685748401,3.201897005,0.));
#1117 = CARTESIAN_POINT('',(-1.000484373,3.079174284,0.));
#1118 = CARTESIAN_POINT('',(-1.000484373,3.079174284,1.4286E-05));
#1119 = CARTESIAN_POINT('',(-1.000484373,3.079174284,2.8571E-05));
#1120 = CARTESIAN_POINT('',(-1.000484373,3.079174283,4.2857E-05));
#1121 = CARTESIAN_POINT('',(-1.000484373,3.079174283,5.7143E-05));
#1122 = CARTESIAN_POINT('',(-1.000484372,3.079174282,7.1429E-05));
#1123 = CARTESIAN_POINT('',(-1.000484372,3.079174281,8.5714E-05));
#1124 = CARTESIAN_POINT('',(-1.000484371,3.079174279,1.E-04));
#1125 = CARTESIAN_POINT('',(-1.000483212,3.079170711,3.7485627E-02));
#1126 = CARTESIAN_POINT('',(-0.999469222,3.07604997,0.112270839));
#1127 = CARTESIAN_POINT('',(-0.994912371,3.062025425,0.223942512));
#1128 = CARTESIAN_POINT('',(-0.982805916,3.024765589,0.36976632));
#1129 = CARTESIAN_POINT('',(-0.95793347,2.94821607,0.541855254));
#1130 = CARTESIAN_POINT('',(-0.91471131,2.815191939,0.723465834));
#1131 = CARTESIAN_POINT('',(-0.848995729,2.612940178,0.886050204));
#1132 = CARTESIAN_POINT('',(-0.772464138,2.37740016,0.988260588));
#1133 = CARTESIAN_POINT('',(-0.690335624,2.124634586,1.023122647));
#1134 = CARTESIAN_POINT('',(-0.608207111,1.871869013,0.988260588));
#1135 = CARTESIAN_POINT('',(-0.53167552,1.636328995,0.886050204));
#1136 = CARTESIAN_POINT('',(-0.465956353,1.434066197,0.723456962));
#1137 = CARTESIAN_POINT('',(-0.415528263,1.278864493,0.511561324));
#1138 = CARTESIAN_POINT('',(-0.38382784,1.181300623,0.264803627));
#1139 = CARTESIAN_POINT('',(-0.373015416,1.148023404,0.));
#1140 = CARTESIAN_POINT('',(-0.38382784,1.181300623,-0.264803627));
#1141 = CARTESIAN_POINT('',(-0.415528263,1.278864493,-0.511561324));
#1142 = CARTESIAN_POINT('',(-0.465956353,1.434066197,-0.723456962));
#1143 = CARTESIAN_POINT('',(-0.53167552,1.636328995,-0.886050204));
#1144 = CARTESIAN_POINT('',(-0.608207111,1.871869013,-0.988260588));
#1145 = CARTESIAN_POINT('',(-0.690335624,2.124634586,-1.023122647));
#1146 = CARTESIAN_POINT('',(-0.772464138,2.37740016,-0.988260588));
#1147 = CARTESIAN_POINT('',(-0.848995729,2.612940178,-0.886050204));
#1148 = CARTESIAN_POINT('',(-0.914714896,2.815202976,-0.723456962));
#1149 = CARTESIAN_POINT('',(-0.957938973,2.948233008,-0.541832129));
#1150 = CARTESIAN_POINT('',(-0.982811617,3.024783133,-0.369726876));
#1151 = CARTESIAN_POINT('',(-0.994916995,3.062039657,-0.223886805));
#1152 = CARTESIAN_POINT('',(-0.999472122,3.076058897,-0.112199738));
#1153 = CARTESIAN_POINT('',(-1.000484373,3.079174284,-3.7399913E-02));
#1154 = CARTESIAN_POINT('',(-1.000484373,3.079174284,0.));
#1155 = CARTESIAN_POINT('',(-1.327245729,2.993461888,0.));
#1156 = CARTESIAN_POINT('',(-1.327245729,2.993461888,1.4286E-05));
#1157 = CARTESIAN_POINT('',(-1.327245729,2.993461888,2.8571E-05));
#1158 = CARTESIAN_POINT('',(-1.327245729,2.993461887,4.2857E-05));
#1159 = CARTESIAN_POINT('',(-1.327245729,2.993461887,5.7143E-05));
#1160 = CARTESIAN_POINT('',(-1.327245728,2.993461886,7.1429E-05));
#1161 = CARTESIAN_POINT('',(-1.327245728,2.993461885,8.5714E-05));
#1162 = CARTESIAN_POINT('',(-1.327245727,2.993461884,1.E-04));
#1163 = CARTESIAN_POINT('',(-1.327244201,2.993458456,3.7485627E-02));
#1164 = CARTESIAN_POINT('',(-1.325909559,2.990460802,0.112270839));
#1165 = CARTESIAN_POINT('',(-1.319911707,2.976989405,0.223942512));
#1166 = CARTESIAN_POINT('',(-1.303976859,2.941199151,0.36976632));
#1167 = CARTESIAN_POINT('',(-1.271239063,2.867668857,0.541855254));
#1168 = CARTESIAN_POINT('',(-1.214348871,2.739891393,0.723465834));
#1169 = CARTESIAN_POINT('',(-1.127852221,2.545616736,0.886050204));
#1170 = CARTESIAN_POINT('',(-1.027119242,2.319366761,0.988260588));
#1171 = CARTESIAN_POINT('',(-0.91901944,2.076570631,1.023122647));
#1172 = CARTESIAN_POINT('',(-0.810919638,1.833774501,0.988260588));
#1173 = CARTESIAN_POINT('',(-0.710186659,1.607524526,0.886050204));
#1174 = CARTESIAN_POINT('',(-0.623685289,1.413239268,0.723456962));
#1175 = CARTESIAN_POINT('',(-0.557310454,1.264158946,0.511561324));
#1176 = CARTESIAN_POINT('',(-0.515585488,1.170443138,0.264803627));
#1177 = CARTESIAN_POINT('',(-0.501353879,1.138478421,0.));
#1178 = CARTESIAN_POINT('',(-0.515585488,1.170443138,-0.264803627));
#1179 = CARTESIAN_POINT('',(-0.557310454,1.264158946,-0.511561324));
#1180 = CARTESIAN_POINT('',(-0.623685289,1.413239268,-0.723456962));
#1181 = CARTESIAN_POINT('',(-0.710186659,1.607524526,-0.886050204));
#1182 = CARTESIAN_POINT('',(-0.810919638,1.833774501,-0.988260588));
#1183 = CARTESIAN_POINT('',(-0.91901944,2.076570631,-1.023122647));
#1184 = CARTESIAN_POINT('',(-1.027119242,2.319366761,-0.988260588));
#1185 = CARTESIAN_POINT('',(-1.127852221,2.545616736,-0.886050204));
#1186 = CARTESIAN_POINT('',(-1.214353591,2.739901994,-0.723456962));
#1187 = CARTESIAN_POINT('',(-1.271246307,2.867685127,-0.541832129));
#1188 = CARTESIAN_POINT('',(-1.303984363,2.941216004,-0.369726876));
#1189 = CARTESIAN_POINT('',(-1.319917794,2.977003076,-0.223886805));
#1190 = CARTESIAN_POINT('',(-1.325913377,2.990469377,-0.112199738));
#1191 = CARTESIAN_POINT('',(-1.327245729,2.993461888,-3.7399913E-02));
#1192 = CARTESIAN_POINT('',(-1.327245729,2.993461888,0.));
#1193 = CARTESIAN_POINT('',(-1.680036491,2.92740689,0.));
#1194 = CARTESIAN_POINT('',(-1.680036491,2.92740689,1.4286E-05));
#1195 = CARTESIAN_POINT('',(-1.680036491,2.92740689,2.8571E-05));
#1196 = CARTESIAN_POINT('',(-1.680036491,2.927406889,4.2857E-05));
#1197 = CARTESIAN_POINT('',(-1.68003649,2.927406889,5.7143E-05));
#1198 = CARTESIAN_POINT('',(-1.68003649,2.927406888,7.1429E-05));
#1199 = CARTESIAN_POINT('',(-1.680036489,2.927406887,8.5714E-05));
#1200 = CARTESIAN_POINT('',(-1.680036488,2.927406886,1.E-04));
#1201 = CARTESIAN_POINT('',(-1.680034612,2.927403636,3.7485627E-02));
#1202 = CARTESIAN_POINT('',(-1.678393942,2.924561912,0.112270839));
#1203 = CARTESIAN_POINT('',(-1.671020802,2.911791259,0.223942512));
#1204 = CARTESIAN_POINT('',(-1.651432147,2.877862713,0.36976632));
#1205 = CARTESIAN_POINT('',(-1.611187683,2.808157257,0.541855254));
#1206 = CARTESIAN_POINT('',(-1.541252759,2.687026415,0.723465834));
#1207 = CARTESIAN_POINT('',(-1.434922716,2.502857378,0.886050204));
#1208 = CARTESIAN_POINT('',(-1.311092,2.288376287,0.988260588));
#1209 = CARTESIAN_POINT('',(-1.178205274,2.058209726,1.023122647));
#1210 = CARTESIAN_POINT('',(-1.045318548,1.828043164,0.988260588));
#1211 = CARTESIAN_POINT('',(-0.921487833,1.613562074,0.886050204));
#1212 = CARTESIAN_POINT('',(-0.815151987,1.429382986,0.723456962));
#1213 = CARTESIAN_POINT('',(-0.733557622,1.288057401,0.511561324));
#1214 = CARTESIAN_POINT('',(-0.682265261,1.199216425,0.264803627));
#1215 = CARTESIAN_POINT('',(-0.664770391,1.168914422,0.));
#1216 = CARTESIAN_POINT('',(-0.682265261,1.199216425,-0.264803627));
#1217 = CARTESIAN_POINT('',(-0.733557622,1.288057401,-0.511561324));
#1218 = CARTESIAN_POINT('',(-0.815151987,1.429382986,-0.723456962));
#1219 = CARTESIAN_POINT('',(-0.921487833,1.613562074,-0.886050204));
#1220 = CARTESIAN_POINT('',(-1.045318548,1.828043164,-0.988260588));
#1221 = CARTESIAN_POINT('',(-1.178205274,2.058209726,-1.023122647));
#1222 = CARTESIAN_POINT('',(-1.311092,2.288376287,-0.988260588));
#1223 = CARTESIAN_POINT('',(-1.434922716,2.502857378,-0.886050204));
#1224 = CARTESIAN_POINT('',(-1.541258562,2.687036465,-0.723456962));
#1225 = CARTESIAN_POINT('',(-1.611196588,2.808172681,-0.541832129));
#1226 = CARTESIAN_POINT('',(-1.651441371,2.877878689,-0.369726876));
#1227 = CARTESIAN_POINT('',(-1.671028285,2.911804219,-0.223886805));
#1228 = CARTESIAN_POINT('',(-1.678398635,2.924570041,-0.112199738));
#1229 = CARTESIAN_POINT('',(-1.680036491,2.92740689,-3.7399913E-02));
#1230 = CARTESIAN_POINT('',(-1.680036491,2.92740689,0.));
#1231 = CARTESIAN_POINT('',(-2.056609691,2.847868076,0.));
#1232 = CARTESIAN_POINT('',(-2.056609691,2.847868076,1.4286E-05));
#1233 = CARTESIAN_POINT('',(-2.056609691,2.847868076,2.8571E-05));
#1234 = CARTESIAN_POINT('',(-2.05660969,2.847868076,4.2857E-05));
#1235 = CARTESIAN_POINT('',(-2.05660969,2.847868075,5.7143E-05));
#1236 = CARTESIAN_POINT('',(-2.056609689,2.847868074,7.1429E-05));
#1237 = CARTESIAN_POINT('',(-2.056609689,2.847868073,8.5714E-05));
#1238 = CARTESIAN_POINT('',(-2.056609688,2.847868072,1.E-04));
#1239 = CARTESIAN_POINT('',(-2.056607482,2.847865036,3.7485627E-02));
#1240 = CARTESIAN_POINT('',(-2.054678759,2.845210376,0.112270839));
#1241 = CARTESIAN_POINT('',(-2.046011113,2.833280385,0.223942512));
#1242 = CARTESIAN_POINT('',(-2.022983268,2.801585275,0.36976632));
#1243 = CARTESIAN_POINT('',(-1.975673063,2.736468365,0.541855254));
#1244 = CARTESIAN_POINT('',(-1.893459629,2.623311281,0.723465834));
#1245 = CARTESIAN_POINT('',(-1.768461166,2.451265657,0.886050204));
#1246 = CARTESIAN_POINT('',(-1.62288943,2.25090335,0.988260588));
#1247 = CARTESIAN_POINT('',(-1.466671714,2.035888111,1.023122647));
#1248 = CARTESIAN_POINT('',(-1.310453998,1.820872871,0.988260588));
#1249 = CARTESIAN_POINT('',(-1.164882262,1.620510565,0.886050204));
#1250 = CARTESIAN_POINT('',(-1.039876978,1.448455552,0.723456962));
#1251 = CARTESIAN_POINT('',(-0.94395705,1.316433097,0.511561324));
#1252 = CARTESIAN_POINT('',(-0.883659262,1.233440313,0.264803627));
#1253 = CARTESIAN_POINT('',(-0.86309281,1.205133019,0.));
#1254 = CARTESIAN_POINT('',(-0.883659262,1.233440313,-0.264803627));
#1255 = CARTESIAN_POINT('',(-0.94395705,1.316433097,-0.511561324));
#1256 = CARTESIAN_POINT('',(-1.039876978,1.448455552,-0.723456962));
#1257 = CARTESIAN_POINT('',(-1.164882262,1.620510565,-0.886050204));
#1258 = CARTESIAN_POINT('',(-1.310453998,1.820872871,-0.988260588));
#1259 = CARTESIAN_POINT('',(-1.466671714,2.035888111,-1.023122647));
#1260 = CARTESIAN_POINT('',(-1.62288943,2.25090335,-0.988260588));
#1261 = CARTESIAN_POINT('',(-1.768461166,2.451265657,-0.886050204));
#1262 = CARTESIAN_POINT('',(-1.89346645,2.62332067,-0.723456962));
#1263 = CARTESIAN_POINT('',(-1.975683532,2.736482774,-0.541832129));
#1264 = CARTESIAN_POINT('',(-2.022994111,2.8016002,-0.369726876));
#1265 = CARTESIAN_POINT('',(-2.046019909,2.833292492,-0.223886805));
#1266 = CARTESIAN_POINT('',(-2.054684276,2.84521797,-0.112199738));
#1267 = CARTESIAN_POINT('',(-2.056609691,2.847868076,-3.7399913E-02));
#1268 = CARTESIAN_POINT('',(-2.056609691,2.847868076,0.));
#1269 = CARTESIAN_POINT('',(-2.436099197,2.718637677,0.));
#1270 = CARTESIAN_POINT('',(-2.436099197,2.718637677,1.4286E-05));
#1271 = CARTESIAN_POINT('',(-2.436099197,2.718637677,2.8571E-05));
#1272 = CARTESIAN_POINT('',(-2.436099197,2.718637677,4.2857E-05));
#1273 = CARTESIAN_POINT('',(-2.436099196,2.718637676,5.7143E-05));
#1274 = CARTESIAN_POINT('',(-2.436099196,2.718637675,7.1429E-05));
#1275 = CARTESIAN_POINT('',(-2.436099195,2.718637675,8.5714E-05));
#1276 = CARTESIAN_POINT('',(-2.436099194,2.718637674,1.E-04));
#1277 = CARTESIAN_POINT('',(-2.436096683,2.718634885,3.7485627E-02));
#1278 = CARTESIAN_POINT('',(-2.433901038,2.716196374,0.112270839));
#1279 = CARTESIAN_POINT('',(-2.424033851,2.705237752,0.223942512));
#1280 = CARTESIAN_POINT('',(-2.397819113,2.676123337,0.36976632));
#1281 = CARTESIAN_POINT('',(-2.343961509,2.616308407,0.541855254));
#1282 = CARTESIAN_POINT('',(-2.250370312,2.512364853,0.723465834));
#1283 = CARTESIAN_POINT('',(-2.108072939,2.35432761,0.886050204));
#1284 = CARTESIAN_POINT('',(-1.942355096,2.170279299,0.988260588));
#1285 = CARTESIAN_POINT('',(-1.764517945,1.972771133,1.023122647));
#1286 = CARTESIAN_POINT('',(-1.586680793,1.775262967,0.988260588));
#1287 = CARTESIAN_POINT('',(-1.42096295,1.591214657,0.886050204));
#1288 = CARTESIAN_POINT('',(-1.278657812,1.433168789,0.723456962));
#1289 = CARTESIAN_POINT('',(-1.169463239,1.31189593,0.511561324));
#1290 = CARTESIAN_POINT('',(-1.100820661,1.235660624,0.264803627));
#1291 = CARTESIAN_POINT('',(-1.077407956,1.20965818,0.));
#1292 = CARTESIAN_POINT('',(-1.100820661,1.235660624,-0.264803627));
#1293 = CARTESIAN_POINT('',(-1.169463239,1.31189593,-0.511561324));
#1294 = CARTESIAN_POINT('',(-1.278657812,1.433168789,-0.723456962));
#1295 = CARTESIAN_POINT('',(-1.42096295,1.591214657,-0.886050204));
#1296 = CARTESIAN_POINT('',(-1.586680793,1.775262967,-0.988260588));
#1297 = CARTESIAN_POINT('',(-1.764517945,1.972771133,-1.023122647));
#1298 = CARTESIAN_POINT('',(-1.942355096,2.170279299,-0.988260588));
#1299 = CARTESIAN_POINT('',(-2.108072939,2.35432761,-0.886050204));
#1300 = CARTESIAN_POINT('',(-2.250378077,2.512373477,-0.723456962));
#1301 = CARTESIAN_POINT('',(-2.343973426,2.616321642,-0.541832129));
#1302 = CARTESIAN_POINT('',(-2.397831457,2.676137046,-0.369726876));
#1303 = CARTESIAN_POINT('',(-2.424043864,2.705248873,-0.223886805));
#1304 = CARTESIAN_POINT('',(-2.433907319,2.716203349,-0.112199738));
#1305 = CARTESIAN_POINT('',(-2.436099197,2.718637677,-3.7399913E-02));
#1306 = CARTESIAN_POINT('',(-2.436099197,2.718637677,0.));
#1307 = CARTESIAN_POINT('',(-2.784255859,2.513752474,0.));
#1308 = CARTESIAN_POINT('',(-2.784255859,2.513752474,1.4286E-05));
#1309 = CARTESIAN_POINT('',(-2.784255859,2.513752474,2.8571E-05));
#1310 = CARTESIAN_POINT('',(-2.784255859,2.513752474,4.2857E-05));
#1311 = CARTESIAN_POINT('',(-2.784255858,2.513752473,5.7143E-05));
#1312 = CARTESIAN_POINT('',(-2.784255857,2.513752473,7.1429E-05));
#1313 = CARTESIAN_POINT('',(-2.784255856,2.513752472,8.5714E-05));
#1314 = CARTESIAN_POINT('',(-2.784255855,2.513752471,1.E-04));
#1315 = CARTESIAN_POINT('',(-2.784253067,2.51374996,3.7485627E-02));
#1316 = CARTESIAN_POINT('',(-2.781814555,2.511554315,0.112270839));
#1317 = CARTESIAN_POINT('',(-2.770855934,2.501687128,0.223942512));
#1318 = CARTESIAN_POINT('',(-2.741741519,2.47547239,0.36976632));
#1319 = CARTESIAN_POINT('',(-2.681926589,2.421614785,0.541855254));
#1320 = CARTESIAN_POINT('',(-2.577983035,2.328023589,0.723465834));
#1321 = CARTESIAN_POINT('',(-2.419945792,2.185726216,0.886050204));
#1322 = CARTESIAN_POINT('',(-2.235897481,2.020008373,0.988260588));
#1323 = CARTESIAN_POINT('',(-2.038389315,1.842171221,1.023122647));
#1324 = CARTESIAN_POINT('',(-1.840881149,1.66433407,0.988260588));
#1325 = CARTESIAN_POINT('',(-1.656832839,1.498616227,0.886050204));
#1326 = CARTESIAN_POINT('',(-1.498786971,1.356311089,0.723456962));
#1327 = CARTESIAN_POINT('',(-1.377514112,1.247116516,0.511561324));
#1328 = CARTESIAN_POINT('',(-1.301278805,1.178473938,0.264803627));
#1329 = CARTESIAN_POINT('',(-1.275276362,1.155061232,0.));
#1330 = CARTESIAN_POINT('',(-1.301278805,1.178473938,-0.264803627));
#1331 = CARTESIAN_POINT('',(-1.377514112,1.247116516,-0.511561324));
#1332 = CARTESIAN_POINT('',(-1.498786971,1.356311089,-0.723456962));
#1333 = CARTESIAN_POINT('',(-1.656832839,1.498616227,-0.886050204));
#1334 = CARTESIAN_POINT('',(-1.840881149,1.66433407,-0.988260588));
#1335 = CARTESIAN_POINT('',(-2.038389315,1.842171221,-1.023122647));
#1336 = CARTESIAN_POINT('',(-2.235897481,2.020008373,-0.988260588));
#1337 = CARTESIAN_POINT('',(-2.419945792,2.185726216,-0.886050204));
#1338 = CARTESIAN_POINT('',(-2.577991659,2.328031354,-0.723456962));
#1339 = CARTESIAN_POINT('',(-2.681939824,2.421626703,-0.541832129));
#1340 = CARTESIAN_POINT('',(-2.741755228,2.475484734,-0.369726876));
#1341 = CARTESIAN_POINT('',(-2.770867055,2.501697141,-0.223886805));
#1342 = CARTESIAN_POINT('',(-2.781821531,2.511560595,-0.112199738));
#1343 = CARTESIAN_POINT('',(-2.784255859,2.513752474,-3.7399913E-02));
#1344 = CARTESIAN_POINT('',(-2.784255859,2.513752474,0.));
#1345 = CARTESIAN_POINT('',(-3.064557664,2.226531472,0.));
#1346 = CARTESIAN_POINT('',(-3.064557664,2.226531472,1.4286E-05));
#1347 = CARTESIAN_POINT('',(-3.064557663,2.226531472,2.8571E-05));
#1348 = CARTESIAN_POINT('',(-3.064557663,2.226531472,4.2857E-05));
#1349 = CARTESIAN_POINT('',(-3.064557663,2.226531471,5.7143E-05));
#1350 = CARTESIAN_POINT('',(-3.064557662,2.226531471,7.1429E-05));
#1351 = CARTESIAN_POINT('',(-3.064557661,2.22653147,8.5714E-05));
#1352 = CARTESIAN_POINT('',(-3.06455766,2.226531469,1.E-04));
#1353 = CARTESIAN_POINT('',(-3.064554624,2.226529264,3.7485627E-02));
#1354 = CARTESIAN_POINT('',(-3.061899964,2.22460054,0.112270839));
#1355 = CARTESIAN_POINT('',(-3.049969973,2.215932894,0.223942512));
#1356 = CARTESIAN_POINT('',(-3.018274863,2.192905049,0.36976632));
#1357 = CARTESIAN_POINT('',(-2.953157953,2.145594845,0.541855254));
#1358 = CARTESIAN_POINT('',(-2.840000869,2.063381411,0.723465834));
#1359 = CARTESIAN_POINT('',(-2.667955244,1.938382948,0.886050204));
#1360 = CARTESIAN_POINT('',(-2.467592938,1.792811211,0.988260588));
#1361 = CARTESIAN_POINT('',(-2.252577698,1.636593495,1.023122647));
#1362 = CARTESIAN_POINT('',(-2.037562459,1.48037578,0.988260588));
#1363 = CARTESIAN_POINT('',(-1.837200153,1.334804043,0.886050204));
#1364 = CARTESIAN_POINT('',(-1.66514514,1.209798759,0.723456962));
#1365 = CARTESIAN_POINT('',(-1.533122685,1.113878831,0.511561324));
#1366 = CARTESIAN_POINT('',(-1.4501299,1.053581043,0.264803627));
#1367 = CARTESIAN_POINT('',(-1.421822607,1.033014591,0.));
#1368 = CARTESIAN_POINT('',(-1.4501299,1.053581043,-0.264803627));
#1369 = CARTESIAN_POINT('',(-1.533122685,1.113878831,-0.511561324));
#1370 = CARTESIAN_POINT('',(-1.66514514,1.209798759,-0.723456962));
#1371 = CARTESIAN_POINT('',(-1.837200153,1.334804043,-0.886050204));
#1372 = CARTESIAN_POINT('',(-2.037562459,1.48037578,-0.988260588));
#1373 = CARTESIAN_POINT('',(-2.252577698,1.636593495,-1.023122647));
#1374 = CARTESIAN_POINT('',(-2.467592938,1.792811211,-0.988260588));
#1375 = CARTESIAN_POINT('',(-2.667955244,1.938382948,-0.886050204));
#1376 = CARTESIAN_POINT('',(-2.840010257,2.063388232,-0.723456962));
#1377 = CARTESIAN_POINT('',(-2.953172361,2.145605313,-0.541832129));
#1378 = CARTESIAN_POINT('',(-3.018289787,2.192915892,-0.369726876));
#1379 = CARTESIAN_POINT('',(-3.04998208,2.21594169,-0.223886805));
#1380 = CARTESIAN_POINT('',(-3.061907557,2.224606057,-0.112199738));
#1381 = CARTESIAN_POINT('',(-3.064557664,2.226531472,-3.7399913E-02));
#1382 = CARTESIAN_POINT('',(-3.064557664,2.226531472,0.));
#1383 = CARTESIAN_POINT('',(-3.251103048,1.871192444,0.));
#1384 = CARTESIAN_POINT('',(-3.251103048,1.871192444,1.4286E-05));
#1385 = CARTESIAN_POINT('',(-3.251103048,1.871192444,2.8571E-05));
#1386 = CARTESIAN_POINT('',(-3.251103047,1.871192443,4.2857E-05));
#1387 = CARTESIAN_POINT('',(-3.251103047,1.871192443,5.7143E-05));
#1388 = CARTESIAN_POINT('',(-3.251103046,1.871192442,7.1429E-05));
#1389 = CARTESIAN_POINT('',(-3.251103045,1.871192442,8.5714E-05));
#1390 = CARTESIAN_POINT('',(-3.251103044,1.871192441,1.E-04));
#1391 = CARTESIAN_POINT('',(-3.251099794,1.871190565,3.7485627E-02));
#1392 = CARTESIAN_POINT('',(-3.24825807,1.869549895,0.112270839));
#1393 = CARTESIAN_POINT('',(-3.235487417,1.862176755,0.223942512));
#1394 = CARTESIAN_POINT('',(-3.201558871,1.8425881,0.36976632));
#1395 = CARTESIAN_POINT('',(-3.131853415,1.802343636,0.541855254));
#1396 = CARTESIAN_POINT('',(-3.010722573,1.732408712,0.723465834));
#1397 = CARTESIAN_POINT('',(-2.826553536,1.626078668,0.886050204));
#1398 = CARTESIAN_POINT('',(-2.612072445,1.502247953,0.988260588));
#1399 = CARTESIAN_POINT('',(-2.381905884,1.369361227,1.023122647));
#1400 = CARTESIAN_POINT('',(-2.151739323,1.236474501,0.988260588));
#1401 = CARTESIAN_POINT('',(-1.937258232,1.112643785,0.886050204));
#1402 = CARTESIAN_POINT('',(-1.753079144,1.006307939,0.723456962));
#1403 = CARTESIAN_POINT('',(-1.611753559,0.924713575,0.511561324));
#1404 = CARTESIAN_POINT('',(-1.522912583,0.873421213,0.264803627));
#1405 = CARTESIAN_POINT('',(-1.49261058,0.855926344,0.));
#1406 = CARTESIAN_POINT('',(-1.522912583,0.873421213,-0.264803627));
#1407 = CARTESIAN_POINT('',(-1.611753559,0.924713575,-0.511561324));
#1408 = CARTESIAN_POINT('',(-1.753079144,1.006307939,-0.723456962));
#1409 = CARTESIAN_POINT('',(-1.937258232,1.112643785,-0.886050204));
#1410 = CARTESIAN_POINT('',(-2.151739323,1.236474501,-0.988260588));
#1411 = CARTESIAN_POINT('',(-2.381905884,1.369361227,-1.023122647));
#1412 = CARTESIAN_POINT('',(-2.612072445,1.502247953,-0.988260588));
#1413 = CARTESIAN_POINT('',(-2.826553536,1.626078668,-0.886050204));
#1414 = CARTESIAN_POINT('',(-3.010732624,1.732414514,-0.723456962));
#1415 = CARTESIAN_POINT('',(-3.131868839,1.802352541,-0.541832129));
#1416 = CARTESIAN_POINT('',(-3.201574847,1.842597323,-0.369726876));
#1417 = CARTESIAN_POINT('',(-3.235500377,1.862184237,-0.223886805));
#1418 = CARTESIAN_POINT('',(-3.248266199,1.869554588,-0.112199738));
#1419 = CARTESIAN_POINT('',(-3.251103048,1.871192444,-3.7399913E-02));
#1420 = CARTESIAN_POINT('',(-3.251103048,1.871192444,0.));
#1421 = CARTESIAN_POINT('',(-3.33837413,1.476762772,0.));
#1422 = CARTESIAN_POINT('',(-3.33837413,1.476762772,1.4286E-05));
#1423 = CARTESIAN_POINT('',(-3.33837413,1.476762772,2.8571E-05));
#1424 = CARTESIAN_POINT('',(-3.33837413,1.476762772,4.2857E-05));
#1425 = CARTESIAN_POINT('',(-3.338374129,1.476762772,5.7143E-05));
#1426 = CARTESIAN_POINT('',(-3.338374128,1.476762771,7.1429E-05));
#1427 = CARTESIAN_POINT('',(-3.338374127,1.476762771,8.5714E-05));
#1428 = CARTESIAN_POINT('',(-3.338374126,1.47676277,1.E-04));
#1429 = CARTESIAN_POINT('',(-3.338370698,1.476761244,3.7485627E-02));
#1430 = CARTESIAN_POINT('',(-3.335373044,1.475426602,0.112270839));
#1431 = CARTESIAN_POINT('',(-3.321901647,1.46942875,0.223942512));
#1432 = CARTESIAN_POINT('',(-3.286111393,1.453493903,0.36976632));
#1433 = CARTESIAN_POINT('',(-3.212581099,1.420756106,0.541855254));
#1434 = CARTESIAN_POINT('',(-3.084803635,1.363865914,0.723465834));
#1435 = CARTESIAN_POINT('',(-2.890528978,1.277369264,0.886050204));
#1436 = CARTESIAN_POINT('',(-2.664279003,1.176636285,0.988260588));
#1437 = CARTESIAN_POINT('',(-2.421482873,1.068536483,1.023122647));
#1438 = CARTESIAN_POINT('',(-2.178686743,0.960436681,0.988260588));
#1439 = CARTESIAN_POINT('',(-1.952436768,0.859703703,0.886050204));
#1440 = CARTESIAN_POINT('',(-1.75815151,0.773202332,0.723456962));
#1441 = CARTESIAN_POINT('',(-1.609071188,0.706827497,0.511561324));
#1442 = CARTESIAN_POINT('',(-1.51535538,0.665102531,0.264803627));
#1443 = CARTESIAN_POINT('',(-1.483390663,0.650870922,0.));
#1444 = CARTESIAN_POINT('',(-1.51535538,0.665102531,-0.264803627));
#1445 = CARTESIAN_POINT('',(-1.609071188,0.706827497,-0.511561324));
#1446 = CARTESIAN_POINT('',(-1.75815151,0.773202332,-0.723456962));
#1447 = CARTESIAN_POINT('',(-1.952436768,0.859703703,-0.886050204));
#1448 = CARTESIAN_POINT('',(-2.178686743,0.960436681,-0.988260588));
#1449 = CARTESIAN_POINT('',(-2.421482873,1.068536483,-1.023122647));
#1450 = CARTESIAN_POINT('',(-2.664279003,1.176636285,-0.988260588));
#1451 = CARTESIAN_POINT('',(-2.890528978,1.277369264,-0.886050204));
#1452 = CARTESIAN_POINT('',(-3.084814236,1.363870634,-0.723456962));
#1453 = CARTESIAN_POINT('',(-3.212597369,1.42076335,-0.541832129));
#1454 = CARTESIAN_POINT('',(-3.286128246,1.453501406,-0.369726876));
#1455 = CARTESIAN_POINT('',(-3.321915318,1.469434837,-0.223886805));
#1456 = CARTESIAN_POINT('',(-3.335381619,1.47543042,-0.112199738));
#1457 = CARTESIAN_POINT('',(-3.33837413,1.476762772,-3.7399913E-02));
#1458 = CARTESIAN_POINT('',(-3.33837413,1.476762772,0.));
#1459 = CARTESIAN_POINT('',(-3.344010837,1.075912415,0.));
#1460 = CARTESIAN_POINT('',(-3.344010837,1.075912415,1.4286E-05));
#1461 = CARTESIAN_POINT('',(-3.344010836,1.075912415,2.8571E-05));
#1462 = CARTESIAN_POINT('',(-3.344010836,1.075912414,4.2857E-05));
#1463 = CARTESIAN_POINT('',(-3.344010835,1.075912414,5.7143E-05));
#1464 = CARTESIAN_POINT('',(-3.344010834,1.075912414,7.1429E-05));
#1465 = CARTESIAN_POINT('',(-3.344010833,1.075912414,8.5714E-05));
#1466 = CARTESIAN_POINT('',(-3.344010832,1.075912413,1.E-04));
#1467 = CARTESIAN_POINT('',(-3.344007263,1.075911254,3.7485627E-02));
#1468 = CARTESIAN_POINT('',(-3.340886523,1.074897264,0.112270839));
#1469 = CARTESIAN_POINT('',(-3.326861978,1.070340413,0.223942512));
#1470 = CARTESIAN_POINT('',(-3.289602141,1.058233958,0.36976632));
#1471 = CARTESIAN_POINT('',(-3.213052622,1.033361511,0.541855254));
#1472 = CARTESIAN_POINT('',(-3.080028492,0.990139351,0.723465834));
#1473 = CARTESIAN_POINT('',(-2.87777673,0.92442377,0.886050204));
#1474 = CARTESIAN_POINT('',(-2.642236713,0.847892179,0.988260588));
#1475 = CARTESIAN_POINT('',(-2.389471139,0.765763666,1.023122647));
#1476 = CARTESIAN_POINT('',(-2.136705565,0.683635153,0.988260588));
#1477 = CARTESIAN_POINT('',(-1.901165548,0.607103562,0.886050204));
#1478 = CARTESIAN_POINT('',(-1.69890275,0.541384395,0.723456962));
#1479 = CARTESIAN_POINT('',(-1.543701046,0.490956304,0.511561324));
#1480 = CARTESIAN_POINT('',(-1.446137176,0.459255881,0.264803627));
#1481 = CARTESIAN_POINT('',(-1.412859957,0.448443457,0.));
#1482 = CARTESIAN_POINT('',(-1.446137176,0.459255881,-0.264803627));
#1483 = CARTESIAN_POINT('',(-1.543701046,0.490956304,-0.511561324));
#1484 = CARTESIAN_POINT('',(-1.69890275,0.541384395,-0.723456962));
#1485 = CARTESIAN_POINT('',(-1.901165548,0.607103562,-0.886050204));
#1486 = CARTESIAN_POINT('',(-2.136705565,0.683635153,-0.988260588));
#1487 = CARTESIAN_POINT('',(-2.389471139,0.765763666,-1.023122647));
#1488 = CARTESIAN_POINT('',(-2.642236713,0.847892179,-0.988260588));
#1489 = CARTESIAN_POINT('',(-2.87777673,0.92442377,-0.886050204));
#1490 = CARTESIAN_POINT('',(-3.080039529,0.990142937,-0.723456962));
#1491 = CARTESIAN_POINT('',(-3.213069561,1.033367015,-0.541832129));
#1492 = CARTESIAN_POINT('',(-3.289619686,1.058239658,-0.369726876));
#1493 = CARTESIAN_POINT('',(-3.32687621,1.070345037,-0.223886805));
#1494 = CARTESIAN_POINT('',(-3.34089545,1.074900164,-0.112199738));
#1495 = CARTESIAN_POINT('',(-3.344010837,1.075912415,-3.7399913E-02));
#1496 = CARTESIAN_POINT('',(-3.344010837,1.075912415,0.));
#1497 = CARTESIAN_POINT('',(-3.303289225,0.693191174,0.));
#1498 = CARTESIAN_POINT('',(-3.303289225,0.693191174,1.4286E-05));
#1499 = CARTESIAN_POINT('',(-3.303289225,0.693191174,2.8571E-05));
#1500 = CARTESIAN_POINT('',(-3.303289225,0.693191174,4.2857E-05));
#1501 = CARTESIAN_POINT('',(-3.303289224,0.693191174,5.7143E-05));
#1502 = CARTESIAN_POINT('',(-3.303289223,0.693191173,7.1429E-05));
#1503 = CARTESIAN_POINT('',(-3.303289222,0.693191173,8.5714E-05));
#1504 = CARTESIAN_POINT('',(-3.30328922,0.693191173,1.E-04));
#1505 = CARTESIAN_POINT('',(-3.30328555,0.693190393,3.7485627E-02));
#1506 = CARTESIAN_POINT('',(-3.300075915,0.692508164,0.112270839));
#1507 = CARTESIAN_POINT('',(-3.285651877,0.68944224,0.223942512));
#1508 = CARTESIAN_POINT('',(-3.247330685,0.681296819,0.36976632));
#1509 = CARTESIAN_POINT('',(-3.168600633,0.66456223,0.541855254));
#1510 = CARTESIAN_POINT('',(-3.031787277,0.635481653,0.723465834));
#1511 = CARTESIAN_POINT('',(-2.823774323,0.591267135,0.886050204));
#1512 = CARTESIAN_POINT('',(-2.581524889,0.539775428,0.988260588));
#1513 = CARTESIAN_POINT('',(-2.321559224,0.48451802,1.023122647));
#1514 = CARTESIAN_POINT('',(-2.061593559,0.429260612,0.988260588));
#1515 = CARTESIAN_POINT('',(-1.819344125,0.377768906,0.886050204));
#1516 = CARTESIAN_POINT('',(-1.61131982,0.333551975,0.723456962));
#1517 = CARTESIAN_POINT('',(-1.451697157,0.29962313,0.511561324));
#1518 = CARTESIAN_POINT('',(-1.351354155,0.278294567,0.264803627));
#1519 = CARTESIAN_POINT('',(-1.317129026,0.271019791,0.));
#1520 = CARTESIAN_POINT('',(-1.351354155,0.278294567,-0.264803627));
#1521 = CARTESIAN_POINT('',(-1.451697157,0.29962313,-0.511561324));
#1522 = CARTESIAN_POINT('',(-1.61131982,0.333551975,-0.723456962));
#1523 = CARTESIAN_POINT('',(-1.819344125,0.377768906,-0.886050204));
#1524 = CARTESIAN_POINT('',(-2.061593559,0.429260612,-0.988260588));
#1525 = CARTESIAN_POINT('',(-2.321559224,0.48451802,-1.023122647));
#1526 = CARTESIAN_POINT('',(-2.581524889,0.539775428,-0.988260588));
#1527 = CARTESIAN_POINT('',(-2.823774323,0.591267135,-0.886050204));
#1528 = CARTESIAN_POINT('',(-3.031798628,0.635484066,-0.723456962));
#1529 = CARTESIAN_POINT('',(-3.168618054,0.664565933,-0.541832129));
#1530 = CARTESIAN_POINT('',(-3.247348729,0.681300654,-0.369726876));
#1531 = CARTESIAN_POINT('',(-3.285666515,0.689445351,-0.223886805));
#1532 = CARTESIAN_POINT('',(-3.300085096,0.692510115,-0.112199738));
#1533 = CARTESIAN_POINT('',(-3.303289225,0.693191174,-3.7399913E-02));
#1534 = CARTESIAN_POINT('',(-3.303289225,0.693191174,0.));
#1535 = CARTESIAN_POINT('',(-3.257092921,0.337255104,0.));
#1536 = CARTESIAN_POINT('',(-3.257092921,0.337255104,1.4286E-05));
#1537 = CARTESIAN_POINT('',(-3.257092921,0.337255104,2.8571E-05));
#1538 = CARTESIAN_POINT('',(-3.25709292,0.337255104,4.2857E-05));
#1539 = CARTESIAN_POINT('',(-3.25709292,0.337255104,5.7143E-05));
#1540 = CARTESIAN_POINT('',(-3.257092919,0.337255104,7.1429E-05));
#1541 = CARTESIAN_POINT('',(-3.257092917,0.337255104,8.5714E-05));
#1542 = CARTESIAN_POINT('',(-3.257092916,0.337255103,1.E-04));
#1543 = CARTESIAN_POINT('',(-3.257089184,0.337254711,3.7485627E-02));
#1544 = CARTESIAN_POINT('',(-3.253825819,0.336911718,0.112270839));
#1545 = CARTESIAN_POINT('',(-3.239160321,0.335370312,0.223942512));
#1546 = CARTESIAN_POINT('',(-3.200197628,0.331275168,0.36976632));
#1547 = CARTESIAN_POINT('',(-3.120149628,0.322861784,0.541855254));
#1548 = CARTESIAN_POINT('',(-2.981046001,0.308241404,0.723465834));
#1549 = CARTESIAN_POINT('',(-2.769550888,0.286012371,0.886050204));
#1550 = CARTESIAN_POINT('',(-2.523246173,0.260124703,0.988260588));
#1551 = CARTESIAN_POINT('',(-2.258928655,0.232343812,1.023122647));
#1552 = CARTESIAN_POINT('',(-1.994611138,0.204562922,0.988260588));
#1553 = CARTESIAN_POINT('',(-1.748306422,0.178675253,0.886050204));
#1554 = CARTESIAN_POINT('',(-1.536799768,0.156445008,0.723456962));
#1555 = CARTESIAN_POINT('',(-1.374505004,0.139387141,0.511561324));
#1556 = CARTESIAN_POINT('',(-1.272482251,0.128664117,0.264803627));
#1557 = CARTESIAN_POINT('',(-1.237684189,0.125006694,0.));
#1558 = CARTESIAN_POINT('',(-1.272482251,0.128664117,-0.264803627));
#1559 = CARTESIAN_POINT('',(-1.374505004,0.139387141,-0.511561324));
#1560 = CARTESIAN_POINT('',(-1.536799768,0.156445008,-0.723456962));
#1561 = CARTESIAN_POINT('',(-1.748306422,0.178675253,-0.886050204));
#1562 = CARTESIAN_POINT('',(-1.994611138,0.204562922,-0.988260588));
#1563 = CARTESIAN_POINT('',(-2.258928655,0.232343812,-1.023122647));
#1564 = CARTESIAN_POINT('',(-2.523246173,0.260124703,-0.988260588));
#1565 = CARTESIAN_POINT('',(-2.769550888,0.286012371,-0.886050204));
#1566 = CARTESIAN_POINT('',(-2.981057542,0.308242617,-0.723456962));
#1567 = CARTESIAN_POINT('',(-3.12016734,0.322863646,-0.541832129));
#1568 = CARTESIAN_POINT('',(-3.200215975,0.331277096,-0.369726876));
#1569 = CARTESIAN_POINT('',(-3.239175204,0.335371876,-0.223886805));
#1570 = CARTESIAN_POINT('',(-3.253835154,0.336912699,-0.112199738));
#1571 = CARTESIAN_POINT('',(-3.257092921,0.337255104,-3.7399913E-02));
#1572 = CARTESIAN_POINT('',(-3.257092921,0.337255104,0.));
#1573 = CARTESIAN_POINT('',(-3.237635441,0.,0.));
#1574 = CARTESIAN_POINT('',(-3.237635441,0.,1.4286E-05));
#1575 = CARTESIAN_POINT('',(-3.237635441,0.,2.8571E-05));
#1576 = CARTESIAN_POINT('',(-3.237635441,0.,4.2857E-05));
#1577 = CARTESIAN_POINT('',(-3.23763544,0.,5.7143E-05));
#1578 = CARTESIAN_POINT('',(-3.237635439,0.,7.1429E-05));
#1579 = CARTESIAN_POINT('',(-3.237635438,0.,8.5714E-05));
#1580 = CARTESIAN_POINT('',(-3.237635436,0.,1.E-04));
#1581 = CARTESIAN_POINT('',(-3.237631684,0.,3.7485627E-02));
#1582 = CARTESIAN_POINT('',(-3.234350343,0.,0.112270839));
#1583 = CARTESIAN_POINT('',(-3.219604064,0.,0.223942512));
#1584 = CARTESIAN_POINT('',(-3.180426754,0.,0.36976632));
#1585 = CARTESIAN_POINT('',(-3.099937826,0.,0.541855254));
#1586 = CARTESIAN_POINT('',(-2.960067978,0.,0.723465834));
#1587 = CARTESIAN_POINT('',(-2.747407891,0.,0.886050204));
#1588 = CARTESIAN_POINT('',(-2.49974646,0.,0.988260588));
#1589 = CARTESIAN_POINT('',(-2.233973008,0.,1.023122647));
#1590 = CARTESIAN_POINT('',(-1.968199556,0.,0.988260588));
#1591 = CARTESIAN_POINT('',(-1.720538125,0.,0.886050204));
#1592 = CARTESIAN_POINT('',(-1.507866433,0.,0.723456962));
#1593 = CARTESIAN_POINT('',(-1.344677704,0.,0.511561324));
#1594 = CARTESIAN_POINT('',(-1.242092981,0.,0.264803627));
#1595 = CARTESIAN_POINT('',(-1.207103242,0.,0.));
#1596 = CARTESIAN_POINT('',(-1.242092981,0.,-0.264803627));
#1597 = CARTESIAN_POINT('',(-1.344677704,0.,-0.511561324));
#1598 = CARTESIAN_POINT('',(-1.507866433,0.,-0.723456962));
#1599 = CARTESIAN_POINT('',(-1.720538125,0.,-0.886050204));
#1600 = CARTESIAN_POINT('',(-1.968199556,0.,-0.988260588));
#1601 = CARTESIAN_POINT('',(-2.233973008,0.,-1.023122647));
#1602 = CARTESIAN_POINT('',(-2.49974646,0.,-0.988260588));
#1603 = CARTESIAN_POINT('',(-2.747407891,0.,-0.886050204));
#1604 = CARTESIAN_POINT('',(-2.960079583,0.,-0.723456962));
#1605 = CARTESIAN_POINT('',(-3.099955636,0.,-0.541832129));
#1606 = CARTESIAN_POINT('',(-3.180445201,0.,-0.369726876));
#1607 = CARTESIAN_POINT('',(-3.219619029,0.,-0.223886805));
#1608 = CARTESIAN_POINT('',(-3.23435973,0.,-0.112199738));
#1609 = CARTESIAN_POINT('',(-3.237635441,0.,-3.7399913E-02));
#1610 = CARTESIAN_POINT('',(-3.237635441,0.,0.));
#1611 = CARTESIAN_POINT('',(-3.257092921,-0.337255104,0.));
#1612 = CARTESIAN_POINT('',(-3.257092921,-0.337255104,1.4286E-05));
#1613 = CARTESIAN_POINT('',(-3.257092921,-0.337255104,2.8571E-05));
#1614 = CARTESIAN_POINT('',(-3.25709292,-0.337255104,4.2857E-05));
#1615 = CARTESIAN_POINT('',(-3.25709292,-0.337255104,5.7143E-05));
#1616 = CARTESIAN_POINT('',(-3.257092919,-0.337255104,7.1429E-05));
#1617 = CARTESIAN_POINT('',(-3.257092917,-0.337255104,8.5714E-05));
#1618 = CARTESIAN_POINT('',(-3.257092916,-0.337255103,1.E-04));
#1619 = CARTESIAN_POINT('',(-3.257089184,-0.337254711,3.7485627E-02));
#1620 = CARTESIAN_POINT('',(-3.253825819,-0.336911718,0.112270839));
#1621 = CARTESIAN_POINT('',(-3.239160321,-0.335370312,0.223942512));
#1622 = CARTESIAN_POINT('',(-3.200197628,-0.331275168,0.36976632));
#1623 = CARTESIAN_POINT('',(-3.120149628,-0.322861784,0.541855254));
#1624 = CARTESIAN_POINT('',(-2.981046001,-0.308241404,0.723465834));
#1625 = CARTESIAN_POINT('',(-2.769550888,-0.286012371,0.886050204));
#1626 = CARTESIAN_POINT('',(-2.523246173,-0.260124703,0.988260588));
#1627 = CARTESIAN_POINT('',(-2.258928655,-0.232343812,1.023122647));
#1628 = CARTESIAN_POINT('',(-1.994611138,-0.204562922,0.988260588));
#1629 = CARTESIAN_POINT('',(-1.748306422,-0.178675253,0.886050204));
#1630 = CARTESIAN_POINT('',(-1.536799768,-0.156445008,0.723456962));
#1631 = CARTESIAN_POINT('',(-1.374505004,-0.139387141,0.511561324));
#1632 = CARTESIAN_POINT('',(-1.272482251,-0.128664117,0.264803627));
#1633 = CARTESIAN_POINT('',(-1.237684189,-0.125006694,0.));
#1634 = CARTESIAN_POINT('',(-1.272482251,-0.128664117,-0.264803627));
#1635 = CARTESIAN_POINT('',(-1.374505004,-0.139387141,-0.511561324));
#1636 = CARTESIAN_POINT('',(-1.536799768,-0.156445008,-0.723456962));
#1637 = CARTESIAN_POINT('',(-1.748306422,-0.178675253,-0.886050204));
#1638 = CARTESIAN_POINT('',(-1.994611138,-0.204562922,-0.988260588));
#1639 = CARTESIAN_POINT('',(-2.258928655,-0.232343812,-1.023122647));
#1640 = CARTESIAN_POINT('',(-2.523246173,-0.260124703,-0.988260588));
#1641 = CARTESIAN_POINT('',(-2.769550888,-0.286012371,-0.886050204));
#1642 = CARTESIAN_POINT('',(-2.981057542,-0.308242617,-0.723456962));
#1643 = CARTESIAN_POINT('',(-3.12016734,-0.322863646,-0.541832129));
#1644 = CARTESIAN_POINT('',(-3.200215975,-0.331277096,-0.369726876));
#1645 = CARTESIAN_POINT('',(-3.239175204,-0.335371876,-0.223886805));
#1646 = CARTESIAN_POINT('',(-3.253835154,-0.336912699,-0.112199738));
#1647 = CARTESIAN_POINT('',(-3.257092921,-0.337255104,-3.7399913E-02));
#1648 = CARTESIAN_POINT('',(-3.257092921,-0.337255104,0.));
#1649 = CARTESIAN_POINT('',(-3.303289225,-0.693191174,0.));
#1650 = CARTESIAN_POINT('',(-3.303289225,-0.693191174,1.4286E-05));
#1651 = CARTESIAN_POINT('',(-3.303289225,-0.693191174,2.8571E-05));
#1652 = CARTESIAN_POINT('',(-3.303289225,-0.693191174,4.2857E-05));
#1653 = CARTESIAN_POINT('',(-3.303289224,-0.693191174,5.7143E-05));
#1654 = CARTESIAN_POINT('',(-3.303289223,-0.693191173,7.1429E-05));
#1655 = CARTESIAN_POINT('',(-3.303289222,-0.693191173,8.5714E-05));
#1656 = CARTESIAN_POINT('',(-3.30328922,-0.693191173,1.E-04));
#1657 = CARTESIAN_POINT('',(-3.30328555,-0.693190393,3.7485627E-02));
#1658 = CARTESIAN_POINT('',(-3.300075915,-0.692508164,0.112270839));
#1659 = CARTESIAN_POINT('',(-3.285651877,-0.68944224,0.223942512));
#1660 = CARTESIAN_POINT('',(-3.247330685,-0.681296819,0.36976632));
#1661 = CARTESIAN_POINT('',(-3.168600633,-0.66456223,0.541855254));
#1662 = CARTESIAN_POINT('',(-3.031787277,-0.635481653,0.723465834));
#1663 = CARTESIAN_POINT('',(-2.823774323,-0.591267135,0.886050204));
#1664 = CARTESIAN_POINT('',(-2.581524889,-0.539775428,0.988260588));
#1665 = CARTESIAN_POINT('',(-2.321559224,-0.48451802,1.023122647));
#1666 = CARTESIAN_POINT('',(-2.061593559,-0.429260612,0.988260588));
#1667 = CARTESIAN_POINT('',(-1.819344125,-0.377768906,0.886050204));
#1668 = CARTESIAN_POINT('',(-1.61131982,-0.333551975,0.723456962));
#1669 = CARTESIAN_POINT('',(-1.451697157,-0.29962313,0.511561324));
#1670 = CARTESIAN_POINT('',(-1.351354155,-0.278294567,0.264803627));
#1671 = CARTESIAN_POINT('',(-1.317129026,-0.271019791,0.));
#1672 = CARTESIAN_POINT('',(-1.351354155,-0.278294567,-0.264803627));
#1673 = CARTESIAN_POINT('',(-1.451697157,-0.29962313,-0.511561324));
#1674 = CARTESIAN_POINT('',(-1.61131982,-0.333551975,-0.723456962));
#1675 = CARTESIAN_POINT('',(-1.819344125,-0.377768906,-0.886050204));
#1676 = CARTESIAN_POINT('',(-2.061593559,-0.429260612,-0.988260588));
#1677 = CARTESIAN_POINT('',(-2.321559224,-0.48451802,-1.023122647));
#1678 = CARTESIAN_POINT('',(-2.581524889,-0.539775428,-0.988260588));
#1679 = CARTESIAN_POINT('',(-2.823774323,-0.591267135,-0.886050204));
#1680 = CARTESIAN_POINT('',(-3.031798628,-0.635484066,-0.723456962));
#1681 = CARTESIAN_POINT('',(-3.168618054,-0.664565933,-0.541832129));
#1682 = CARTESIAN_POINT('',(-3.247348729,-0.681300654,-0.369726876));
#1683 = CARTESIAN_POINT('',(-3.285666515,-0.689445351,-0.223886805));
#1684 = CARTESIAN_POINT('',(-3.300085096,-0.692510115,-0.112199738));
#1685 = CARTESIAN_POINT('',(-3.303289225,-0.693191174,-3.7399913E-02));
#1686 = CARTESIAN_POINT('',(-3.303289225,-0.693191174,0.));
#1687 = CARTESIAN_POINT('',(-3.344010837,-1.075912415,0.));
#1688 = CARTESIAN_POINT('',(-3.344010837,-1.075912415,1.4286E-05));
#1689 = CARTESIAN_POINT('',(-3.344010836,-1.075912415,2.8571E-05));
#1690 = CARTESIAN_POINT('',(-3.344010836,-1.075912414,4.2857E-05));
#1691 = CARTESIAN_POINT('',(-3.344010835,-1.075912414,5.7143E-05));
#1692 = CARTESIAN_POINT('',(-3.344010834,-1.075912414,7.1429E-05));
#1693 = CARTESIAN_POINT('',(-3.344010833,-1.075912414,8.5714E-05));
#1694 = CARTESIAN_POINT('',(-3.344010832,-1.075912413,1.E-04));
#1695 = CARTESIAN_POINT('',(-3.344007263,-1.075911254,3.7485627E-02));
#1696 = CARTESIAN_POINT('',(-3.340886523,-1.074897264,0.112270839));
#1697 = CARTESIAN_POINT('',(-3.326861978,-1.070340413,0.223942512));
#1698 = CARTESIAN_POINT('',(-3.289602141,-1.058233958,0.36976632));
#1699 = CARTESIAN_POINT('',(-3.213052622,-1.033361511,0.541855254));
#1700 = CARTESIAN_POINT('',(-3.080028492,-0.990139351,0.723465834));
#1701 = CARTESIAN_POINT('',(-2.87777673,-0.92442377,0.886050204));
#1702 = CARTESIAN_POINT('',(-2.642236713,-0.847892179,0.988260588));
#1703 = CARTESIAN_POINT('',(-2.389471139,-0.765763666,1.023122647));
#1704 = CARTESIAN_POINT('',(-2.136705565,-0.683635153,0.988260588));
#1705 = CARTESIAN_POINT('',(-1.901165548,-0.607103562,0.886050204));
#1706 = CARTESIAN_POINT('',(-1.69890275,-0.541384395,0.723456962));
#1707 = CARTESIAN_POINT('',(-1.543701046,-0.490956304,0.511561324));
#1708 = CARTESIAN_POINT('',(-1.446137176,-0.459255881,0.264803627));
#1709 = CARTESIAN_POINT('',(-1.412859957,-0.448443457,0.));
#1710 = CARTESIAN_POINT('',(-1.446137176,-0.459255881,-0.264803627));
#1711 = CARTESIAN_POINT('',(-1.543701046,-0.490956304,-0.511561324));
#1712 = CARTESIAN_POINT('',(-1.69890275,-0.541384395,-0.723456962));
#1713 = CARTESIAN_POINT('',(-1.901165548,-0.607103562,-0.886050204));
#1714 = CARTESIAN_POINT('',(-2.136705565,-0.683635153,-0.988260588));
#1715 = CARTESIAN_POINT('',(-2.389471139,-0.765763666,-1.023122647));
#1716 = CARTESIAN_POINT('',(-2.642236713,-0.847892179,-0.988260588));
#1717 = CARTESIAN_POINT('',(-2.87777673,-0.92442377,-0.886050204));
#1718 = CARTESIAN_POINT('',(-3.080039529,-0.990142937,-0.723456962));
#1719 = CARTESIAN_POINT('',(-3.213069561,-1.033367015,-0.541832129));
#1720 = CARTESIAN_POINT('',(-3.289619686,-1.058239658,-0.369726876));
#1721 = CARTESIAN_POINT('',(-3.32687621,-1.070345037,-0.223886805));
#1722 = CARTESIAN_POINT('',(-3.34089545,-1.074900164,-0.112199738));
#1723 = CARTESIAN_POINT('',(-3.344010837,-1.075912415,-3.7399913E-02));
#1724 = CARTESIAN_POINT('',(-3.344010837,-1.075912415,0.));
#1725 = CARTESIAN_POINT('',(-3.33837413,-1.476762772,0.));
#1726 = CARTESIAN_POINT('',(-3.33837413,-1.476762772,1.4286E-05));
#1727 = CARTESIAN_POINT('',(-3.33837413,-1.476762772,2.8571E-05));
#1728 = CARTESIAN_POINT('',(-3.33837413,-1.476762772,4.2857E-05));
#1729 = CARTESIAN_POINT('',(-3.338374129,-1.476762772,5.7143E-05));
#1730 = CARTESIAN_POINT('',(-3.338374128,-1.476762771,7.1429E-05));
#1731 = CARTESIAN_POINT('',(-3.338374127,-1.476762771,8.5714E-05));
#1732 = CARTESIAN_POINT('',(-3.338374126,-1.47676277,1.E-04));
#1733 = CARTESIAN_POINT('',(-3.338370698,-1.476761244,3.7485627E-02));
#1734 = CARTESIAN_POINT('',(-3.335373044,-1.475426602,0.112270839));
#1735 = CARTESIAN_POINT('',(-3.321901647,-1.46942875,0.223942512));
#1736 = CARTESIAN_POINT('',(-3.286111393,-1.453493903,0.36976632));
#1737 = CARTESIAN_POINT('',(-3.212581099,-1.420756106,0.541855254));
#1738 = CARTESIAN_POINT('',(-3.084803635,-1.363865914,0.723465834));
#1739 = CARTESIAN_POINT('',(-2.890528978,-1.277369264,0.886050204));
#1740 = CARTESIAN_POINT('',(-2.664279003,-1.176636285,0.988260588));
#1741 = CARTESIAN_POINT('',(-2.421482873,-1.068536483,1.023122647));
#1742 = CARTESIAN_POINT('',(-2.178686743,-0.960436681,0.988260588));
#1743 = CARTESIAN_POINT('',(-1.952436768,-0.859703703,0.886050204));
#1744 = CARTESIAN_POINT('',(-1.75815151,-0.773202332,0.723456962));
#1745 = CARTESIAN_POINT('',(-1.609071188,-0.706827497,0.511561324));
#1746 = CARTESIAN_POINT('',(-1.51535538,-0.665102531,0.264803627));
#1747 = CARTESIAN_POINT('',(-1.483390663,-0.650870922,0.));
#1748 = CARTESIAN_POINT('',(-1.51535538,-0.665102531,-0.264803627));
#1749 = CARTESIAN_POINT('',(-1.609071188,-0.706827497,-0.511561324));
#1750 = CARTESIAN_POINT('',(-1.75815151,-0.773202332,-0.723456962));
#1751 = CARTESIAN_POINT('',(-1.952436768,-0.859703703,-0.886050204));
#1752 = CARTESIAN_POINT('',(-2.178686743,-0.960436681,-0.988260588));
#1753 = CARTESIAN_POINT('',(-2.421482873,-1.068536483,-1.023122647));
#1754 = CARTESIAN_POINT('',(-2.664279003,-1.176636285,-0.988260588));
#1755 = CARTESIAN_POINT('',(-2.890528978,-1.277369264,-0.886050204));
#1756 = CARTESIAN_POINT('',(-3.084814236,-1.363870634,-0.723456962));
#1757 = CARTESIAN_POINT('',(-3.212597369,-1.42076335,-0.541832129));
#1758 = CARTESIAN_POINT('',(-3.286128246,-1.453501406,-0.369726876));
#1759 = CARTESIAN_POINT('',(-3.321915318,-1.469434837,-0.223886805));
#1760 = CARTESIAN_POINT('',(-3.335381619,-1.47543042,-0.112199738));
#1761 = CARTESIAN_POINT('',(-3.33837413,-1.476762772,-3.7399913E-02));
#1762 = CARTESIAN_POINT('',(-3.33837413,-1.476762772,0.));
#1763 = CARTESIAN_POINT('',(-3.251103048,-1.871192444,0.));
#1764 = CARTESIAN_POINT('',(-3.251103048,-1.871192444,1.4286E-05));
#1765 = CARTESIAN_POINT('',(-3.251103048,-1.871192444,2.8571E-05));
#1766 = CARTESIAN_POINT('',(-3.251103047,-1.871192443,4.2857E-05));
#1767 = CARTESIAN_POINT('',(-3.251103047,-1.871192443,5.7143E-05));
#1768 = CARTESIAN_POINT('',(-3.251103046,-1.871192442,7.1429E-05));
#1769 = CARTESIAN_POINT('',(-3.251103045,-1.871192442,8.5714E-05));
#1770 = CARTESIAN_POINT('',(-3.251103044,-1.871192441,1.E-04));
#1771 = CARTESIAN_POINT('',(-3.251099794,-1.871190565,3.7485627E-02));
#1772 = CARTESIAN_POINT('',(-3.24825807,-1.869549895,0.112270839));
#1773 = CARTESIAN_POINT('',(-3.235487417,-1.862176755,0.223942512));
#1774 = CARTESIAN_POINT('',(-3.201558871,-1.8425881,0.36976632));
#1775 = CARTESIAN_POINT('',(-3.131853415,-1.802343636,0.541855254));
#1776 = CARTESIAN_POINT('',(-3.010722573,-1.732408712,0.723465834));
#1777 = CARTESIAN_POINT('',(-2.826553536,-1.626078668,0.886050204));
#1778 = CARTESIAN_POINT('',(-2.612072445,-1.502247953,0.988260588));
#1779 = CARTESIAN_POINT('',(-2.381905884,-1.369361227,1.023122647));
#1780 = CARTESIAN_POINT('',(-2.151739323,-1.236474501,0.988260588));
#1781 = CARTESIAN_POINT('',(-1.937258232,-1.112643785,0.886050204));
#1782 = CARTESIAN_POINT('',(-1.753079144,-1.006307939,0.723456962));
#1783 = CARTESIAN_POINT('',(-1.611753559,-0.924713575,0.511561324));
#1784 = CARTESIAN_POINT('',(-1.522912583,-0.873421213,0.264803627));
#1785 = CARTESIAN_POINT('',(-1.49261058,-0.855926344,0.));
#1786 = CARTESIAN_POINT('',(-1.522912583,-0.873421213,-0.264803627));
#1787 = CARTESIAN_POINT('',(-1.611753559,-0.924713575,-0.511561324));
#1788 = CARTESIAN_POINT('',(-1.753079144,-1.006307939,-0.723456962));
#1789 = CARTESIAN_POINT('',(-1.937258232,-1.112643785,-0.886050204));
#1790 = CARTESIAN_POINT('',(-2.151739323,-1.236474501,-0.988260588));
#1791 = CARTESIAN_POINT('',(-2.381905884,-1.369361227,-1.023122647));
#1792 = CARTESIAN_POINT('',(-2.612072445,-1.502247953,-0.988260588));
#1793 = CARTESIAN_POINT('',(-2.826553536,-1.626078668,-0.886050204));
#1794 = CARTESIAN_POINT('',(-3.010732624,-1.732414514,-0.723456962));
#1795 = CARTESIAN_POINT('',(-3.131868839,-1.802352541,-0.541832129));
#1796 = CARTESIAN_POINT('',(-3.201574847,-1.842597323,-0.369726876));
#1797 = CARTESIAN_POINT('',(-3.235500377,-1.862184237,-0.223886805));
#1798 = CARTESIAN_POINT('',(-3.248266199,-1.869554588,-0.112199738));
#1799 = CARTESIAN_POINT('',(-3.251103048,-1.871192444,-3.7399913E-02));
#1800 = CARTESIAN_POINT('',(-3.251103048,-1.871192444,0.));
#1801 = CARTESIAN_POINT('',(-3.064557664,-2.226531472,0.));
#1802 = CARTESIAN_POINT('',(-3.064557664,-2.226531472,1.4286E-05));
#1803 = CARTESIAN_POINT('',(-3.064557663,-2.226531472,2.8571E-05));
#1804 = CARTESIAN_POINT('',(-3.064557663,-2.226531472,4.2857E-05));
#1805 = CARTESIAN_POINT('',(-3.064557663,-2.226531471,5.7143E-05));
#1806 = CARTESIAN_POINT('',(-3.064557662,-2.226531471,7.1429E-05));
#1807 = CARTESIAN_POINT('',(-3.064557661,-2.22653147,8.5714E-05));
#1808 = CARTESIAN_POINT('',(-3.06455766,-2.226531469,1.E-04));
#1809 = CARTESIAN_POINT('',(-3.064554624,-2.226529264,3.7485627E-02));
#1810 = CARTESIAN_POINT('',(-3.061899964,-2.22460054,0.112270839));
#1811 = CARTESIAN_POINT('',(-3.049969973,-2.215932894,0.223942512));
#1812 = CARTESIAN_POINT('',(-3.018274863,-2.192905049,0.36976632));
#1813 = CARTESIAN_POINT('',(-2.953157953,-2.145594845,0.541855254));
#1814 = CARTESIAN_POINT('',(-2.840000869,-2.063381411,0.723465834));
#1815 = CARTESIAN_POINT('',(-2.667955244,-1.938382948,0.886050204));
#1816 = CARTESIAN_POINT('',(-2.467592938,-1.792811211,0.988260588));
#1817 = CARTESIAN_POINT('',(-2.252577698,-1.636593495,1.023122647));
#1818 = CARTESIAN_POINT('',(-2.037562459,-1.48037578,0.988260588));
#1819 = CARTESIAN_POINT('',(-1.837200153,-1.334804043,0.886050204));
#1820 = CARTESIAN_POINT('',(-1.66514514,-1.209798759,0.723456962));
#1821 = CARTESIAN_POINT('',(-1.533122685,-1.113878831,0.511561324));
#1822 = CARTESIAN_POINT('',(-1.4501299,-1.053581043,0.264803627));
#1823 = CARTESIAN_POINT('',(-1.421822607,-1.033014591,0.));
#1824 = CARTESIAN_POINT('',(-1.4501299,-1.053581043,-0.264803627));
#1825 = CARTESIAN_POINT('',(-1.533122685,-1.113878831,-0.511561324));
#1826 = CARTESIAN_POINT('',(-1.66514514,-1.209798759,-0.723456962));
#1827 = CARTESIAN_POINT('',(-1.837200153,-1.334804043,-0.886050204));
#1828 = CARTESIAN_POINT('',(-2.037562459,-1.48037578,-0.988260588));
#1829 = CARTESIAN_POINT('',(-2.252577698,-1.636593495,-1.023122647));
#1830 = CARTESIAN_POINT('',(-2.467592938,-1.792811211,-0.988260588));
#1831 = CARTESIAN_POINT('',(-2.667955244,-1.938382948,-0.886050204));
#1832 = CARTESIAN_POINT('',(-2.840010257,-2.063388232,-0.723456962));
#1833 = CARTESIAN_POINT('',(-2.953172361,-2.145605313,-0.541832129));
#1834 = CARTESIAN_POINT('',(-3.018289787,-2.192915892,-0.369726876));
#1835 = CARTESIAN_POINT('',(-3.04998208,-2.21594169,-0.223886805));
#1836 = CARTESIAN_POINT('',(-3.061907557,-2.224606057,-0.112199738));
#1837 = CARTESIAN_POINT('',(-3.064557664,-2.226531472,-3.7399913E-02));
#1838 = CARTESIAN_POINT('',(-3.064557664,-2.226531472,0.));
#1839 = CARTESIAN_POINT('',(-2.784255859,-2.513752474,0.));
#1840 = CARTESIAN_POINT('',(-2.784255859,-2.513752474,1.4286E-05));
#1841 = CARTESIAN_POINT('',(-2.784255859,-2.513752474,2.8571E-05));
#1842 = CARTESIAN_POINT('',(-2.784255859,-2.513752474,4.2857E-05));
#1843 = CARTESIAN_POINT('',(-2.784255858,-2.513752473,5.7143E-05));
#1844 = CARTESIAN_POINT('',(-2.784255857,-2.513752473,7.1429E-05));
#1845 = CARTESIAN_POINT('',(-2.784255856,-2.513752472,8.5714E-05));
#1846 = CARTESIAN_POINT('',(-2.784255855,-2.513752471,1.E-04));
#1847 = CARTESIAN_POINT('',(-2.784253067,-2.51374996,3.7485627E-02));
#1848 = CARTESIAN_POINT('',(-2.781814555,-2.511554315,0.112270839));
#1849 = CARTESIAN_POINT('',(-2.770855934,-2.501687128,0.223942512));
#1850 = CARTESIAN_POINT('',(-2.741741519,-2.47547239,0.36976632));
#1851 = CARTESIAN_POINT('',(-2.681926589,-2.421614785,0.541855254));
#1852 = CARTESIAN_POINT('',(-2.577983035,-2.328023589,0.723465834));
#1853 = CARTESIAN_POINT('',(-2.419945792,-2.185726216,0.886050204));
#1854 = CARTESIAN_POINT('',(-2.235897481,-2.020008373,0.988260588));
#1855 = CARTESIAN_POINT('',(-2.038389315,-1.842171221,1.023122647));
#1856 = CARTESIAN_POINT('',(-1.840881149,-1.66433407,0.988260588));
#1857 = CARTESIAN_POINT('',(-1.656832839,-1.498616227,0.886050204));
#1858 = CARTESIAN_POINT('',(-1.498786971,-1.356311089,0.723456962));
#1859 = CARTESIAN_POINT('',(-1.377514112,-1.247116516,0.511561324));
#1860 = CARTESIAN_POINT('',(-1.301278805,-1.178473938,0.264803627));
#1861 = CARTESIAN_POINT('',(-1.275276362,-1.155061232,0.));
#1862 = CARTESIAN_POINT('',(-1.301278805,-1.178473938,-0.264803627));
#1863 = CARTESIAN_POINT('',(-1.377514112,-1.247116516,-0.511561324));
#1864 = CARTESIAN_POINT('',(-1.498786971,-1.356311089,-0.723456962));
#1865 = CARTESIAN_POINT('',(-1.656832839,-1.498616227,-0.886050204));
#1866 = CARTESIAN_POINT('',(-1.840881149,-1.66433407,-0.988260588));
#1867 = CARTESIAN_POINT('',(-2.038389315,-1.842171221,-1.023122647));
#1868 = CARTESIAN_POINT('',(-2.235897481,-2.020008373,-0.988260588));
#1869 = CARTESIAN_POINT('',(-2.419945792,-2.185726216,-0.886050204));
#1870 = CARTESIAN_POINT('',(-2.577991659,-2.328031354,-0.723456962));
#1871 = CARTESIAN_POINT('',(-2.681939824,-2.421626703,-0.541832129));
#1872 = CARTESIAN_POINT('',(-2.741755228,-2.475484734,-0.369726876));
#1873 = CARTESIAN_POINT('',(-2.770867055,-2.501697141,-0.223886805));
#1874 = CARTESIAN_POINT('',(-2.781821531,-2.511560595,-0.112199738));
#1875 = CARTESIAN_POINT('',(-2.784255859,-2.513752474,-3.7399913E-02));
#1876 = CARTESIAN_POINT('',(-2.784255859,-2.513752474,0.));
#1877 = CARTESIAN_POINT('',(-2.436099197,-2.718637677,0.));
#1878 = CARTESIAN_POINT('',(-2.436099197,-2.718637677,1.4286E-05));
#1879 = CARTESIAN_POINT('',(-2.436099197,-2.718637677,2.8571E-05));
#1880 = CARTESIAN_POINT('',(-2.436099197,-2.718637677,4.2857E-05));
#1881 = CARTESIAN_POINT('',(-2.436099196,-2.718637676,5.7143E-05));
#1882 = CARTESIAN_POINT('',(-2.436099196,-2.718637675,7.1429E-05));
#1883 = CARTESIAN_POINT('',(-2.436099195,-2.718637675,8.5714E-05));
#1884 = CARTESIAN_POINT('',(-2.436099194,-2.718637674,1.E-04));
#1885 = CARTESIAN_POINT('',(-2.436096683,-2.718634885,3.7485627E-02));
#1886 = CARTESIAN_POINT('',(-2.433901038,-2.716196374,0.112270839));
#1887 = CARTESIAN_POINT('',(-2.424033851,-2.705237752,0.223942512));
#1888 = CARTESIAN_POINT('',(-2.397819113,-2.676123337,0.36976632));
#1889 = CARTESIAN_POINT('',(-2.343961509,-2.616308407,0.541855254));
#1890 = CARTESIAN_POINT('',(-2.250370312,-2.512364853,0.723465834));
#1891 = CARTESIAN_POINT('',(-2.108072939,-2.35432761,0.886050204));
#1892 = CARTESIAN_POINT('',(-1.942355096,-2.170279299,0.988260588));
#1893 = CARTESIAN_POINT('',(-1.764517945,-1.972771133,1.023122647));
#1894 = CARTESIAN_POINT('',(-1.586680793,-1.775262967,0.988260588));
#1895 = CARTESIAN_POINT('',(-1.42096295,-1.591214657,0.886050204));
#1896 = CARTESIAN_POINT('',(-1.278657812,-1.433168789,0.723456962));
#1897 = CARTESIAN_POINT('',(-1.169463239,-1.31189593,0.511561324));
#1898 = CARTESIAN_POINT('',(-1.100820661,-1.235660624,0.264803627));
#1899 = CARTESIAN_POINT('',(-1.077407956,-1.20965818,0.));
#1900 = CARTESIAN_POINT('',(-1.100820661,-1.235660624,-0.264803627));
#1901 = CARTESIAN_POINT('',(-1.169463239,-1.31189593,-0.511561324));
#1902 = CARTESIAN_POINT('',(-1.278657812,-1.433168789,-0.723456962));
#1903 = CARTESIAN_POINT('',(-1.42096295,-1.591214657,-0.886050204));
#1904 = CARTESIAN_POINT('',(-1.586680793,-1.775262967,-0.988260588));
#1905 = CARTESIAN_POINT('',(-1.764517945,-1.972771133,-1.023122647));
#1906 = CARTESIAN_POINT('',(-1.942355096,-2.170279299,-0.988260588));
#1907 = CARTESIAN_POINT('',(-2.108072939,-2.35432761,-0.886050204));
#1908 = CARTESIAN_POINT('',(-2.250378077,-2.512373477,-0.723456962));
#1909 = CARTESIAN_POINT('',(-2.343973426,-2.616321642,-0.541832129));
#1910 = CARTESIAN_POINT('',(-2.397831457,-2.676137046,-0.369726876));
#1911 = CARTESIAN_POINT('',(-2.424043864,-2.705248873,-0.223886805));
#1912 = CARTESIAN_POINT('',(-2.433907319,-2.716203349,-0.112199738));
#1913 = CARTESIAN_POINT('',(-2.436099197,-2.718637677,-3.7399913E-02));
#1914 = CARTESIAN_POINT('',(-2.436099197,-2.718637677,0.));
#1915 = CARTESIAN_POINT('',(-2.056609691,-2.847868076,0.));
#1916 = CARTESIAN_POINT('',(-2.056609691,-2.847868076,1.4286E-05));
#1917 = CARTESIAN_POINT('',(-2.056609691,-2.847868076,2.8571E-05));
#1918 = CARTESIAN_POINT('',(-2.05660969,-2.847868076,4.2857E-05));
#1919 = CARTESIAN_POINT('',(-2.05660969,-2.847868075,5.7143E-05));
#1920 = CARTESIAN_POINT('',(-2.056609689,-2.847868074,7.1429E-05));
#1921 = CARTESIAN_POINT('',(-2.056609689,-2.847868073,8.5714E-05));
#1922 = CARTESIAN_POINT('',(-2.056609688,-2.847868072,1.E-04));
#1923 = CARTESIAN_POINT('',(-2.056607482,-2.847865036,3.7485627E-02));
#1924 = CARTESIAN_POINT('',(-2.054678759,-2.845210376,0.112270839));
#1925 = CARTESIAN_POINT('',(-2.046011113,-2.833280385,0.223942512));
#1926 = CARTESIAN_POINT('',(-2.022983268,-2.801585275,0.36976632));
#1927 = CARTESIAN_POINT('',(-1.975673063,-2.736468365,0.541855254));
#1928 = CARTESIAN_POINT('',(-1.893459629,-2.623311281,0.723465834));
#1929 = CARTESIAN_POINT('',(-1.768461166,-2.451265657,0.886050204));
#1930 = CARTESIAN_POINT('',(-1.62288943,-2.25090335,0.988260588));
#1931 = CARTESIAN_POINT('',(-1.466671714,-2.035888111,1.023122647));
#1932 = CARTESIAN_POINT('',(-1.310453998,-1.820872871,0.988260588));
#1933 = CARTESIAN_POINT('',(-1.164882262,-1.620510565,0.886050204));
#1934 = CARTESIAN_POINT('',(-1.039876978,-1.448455552,0.723456962));
#1935 = CARTESIAN_POINT('',(-0.94395705,-1.316433097,0.511561324));
#1936 = CARTESIAN_POINT('',(-0.883659262,-1.233440313,0.264803627));
#1937 = CARTESIAN_POINT('',(-0.86309281,-1.205133019,0.));
#1938 = CARTESIAN_POINT('',(-0.883659262,-1.233440313,-0.264803627));
#1939 = CARTESIAN_POINT('',(-0.94395705,-1.316433097,-0.511561324));
#1940 = CARTESIAN_POINT('',(-1.039876978,-1.448455552,-0.723456962));
#1941 = CARTESIAN_POINT('',(-1.164882262,-1.620510565,-0.886050204));
#1942 = CARTESIAN_POINT('',(-1.310453998,-1.820872871,-0.988260588));
#1943 = CARTESIAN_POINT('',(-1.466671714,-2.035888111,-1.023122647));
#1944 = CARTESIAN_POINT('',(-1.62288943,-2.25090335,-0.988260588));
#1945 = CARTESIAN_POINT('',(-1.768461166,-2.451265657,-0.886050204));
#1946 = CARTESIAN_POINT('',(-1.89346645,-2.62332067,-0.723456962));
#1947 = CARTESIAN_POINT('',(-1.975683532,-2.736482774,-0.541832129));
#1948 = CARTESIAN_POINT('',(-2.022994111,-2.8016002,-0.369726876));
#1949 = CARTESIAN_POINT('',(-2.046019909,-2.833292492,-0.223886805));
#1950 = CARTESIAN_POINT('',(-2.054684276,-2.84521797,-0.112199738));
#1951 = CARTESIAN_POINT('',(-2.056609691,-2.847868076,-3.7399913E-02));
#1952 = CARTESIAN_POINT('',(-2.056609691,-2.847868076,0.));
#1953 = CARTESIAN_POINT('',(-1.680036491,-2.92740689,0.));
#1954 = CARTESIAN_POINT('',(-1.680036491,-2.92740689,1.4286E-05));
#1955 = CARTESIAN_POINT('',(-1.680036491,-2.92740689,2.8571E-05));
#1956 = CARTESIAN_POINT('',(-1.680036491,-2.927406889,4.2857E-05));
#1957 = CARTESIAN_POINT('',(-1.68003649,-2.927406889,5.7143E-05));
#1958 = CARTESIAN_POINT('',(-1.68003649,-2.927406888,7.1429E-05));
#1959 = CARTESIAN_POINT('',(-1.680036489,-2.927406887,8.5714E-05));
#1960 = CARTESIAN_POINT('',(-1.680036488,-2.927406886,1.E-04));
#1961 = CARTESIAN_POINT('',(-1.680034612,-2.927403636,3.7485627E-02));
#1962 = CARTESIAN_POINT('',(-1.678393942,-2.924561912,0.112270839));
#1963 = CARTESIAN_POINT('',(-1.671020802,-2.911791259,0.223942512));
#1964 = CARTESIAN_POINT('',(-1.651432147,-2.877862713,0.36976632));
#1965 = CARTESIAN_POINT('',(-1.611187683,-2.808157257,0.541855254));
#1966 = CARTESIAN_POINT('',(-1.541252759,-2.687026415,0.723465834));
#1967 = CARTESIAN_POINT('',(-1.434922716,-2.502857378,0.886050204));
#1968 = CARTESIAN_POINT('',(-1.311092,-2.288376287,0.988260588));
#1969 = CARTESIAN_POINT('',(-1.178205274,-2.058209726,1.023122647));
#1970 = CARTESIAN_POINT('',(-1.045318548,-1.828043164,0.988260588));
#1971 = CARTESIAN_POINT('',(-0.921487833,-1.613562074,0.886050204));
#1972 = CARTESIAN_POINT('',(-0.815151987,-1.429382986,0.723456962));
#1973 = CARTESIAN_POINT('',(-0.733557622,-1.288057401,0.511561324));
#1974 = CARTESIAN_POINT('',(-0.682265261,-1.199216425,0.264803627));
#1975 = CARTESIAN_POINT('',(-0.664770391,-1.168914422,0.));
#1976 = CARTESIAN_POINT('',(-0.682265261,-1.199216425,-0.264803627));
#1977 = CARTESIAN_POINT('',(-0.733557622,-1.288057401,-0.511561324));
#1978 = CARTESIAN_POINT('',(-0.815151987,-1.429382986,-0.723456962));
#1979 = CARTESIAN_POINT('',(-0.921487833,-1.613562074,-0.886050204));
#1980 = CARTESIAN_POINT('',(-1.045318548,-1.828043164,-0.988260588));
#1981 = CARTESIAN_POINT('',(-1.178205274,-2.058209726,-1.023122647));
#1982 = CARTESIAN_POINT('',(-1.311092,-2.288376287,-0.988260588));
#1983 = CARTESIAN_POINT('',(-1.434922716,-2.502857378,-0.886050204));
#1984 = CARTESIAN_POINT('',(-1.541258562,-2.687036465,-0.723456962));
#1985 = CARTESIAN_POINT('',(-1.611196588,-2.808172681,-0.541832129));
#1986 = CARTESIAN_POINT('',(-1.651441371,-2.877878689,-0.369726876));
#1987 = CARTESIAN_POINT('',(-1.671028285,-2.911804219,-0.223886805));
#1988 = CARTESIAN_POINT('',(-1.678398635,-2.924570041,-0.112199738));
#1989 = CARTESIAN_POINT('',(-1.680036491,-2.92740689,-3.7399913E-02));
#1990 = CARTESIAN_POINT('',(-1.680036491,-2.92740689,0.));
#1991 = CARTESIAN_POINT('',(-1.327245729,-2.993461888,0.));
#1992 = CARTESIAN_POINT('',(-1.327245729,-2.993461888,1.4286E-05));
#1993 = CARTESIAN_POINT('',(-1.327245729,-2.993461888,2.8571E-05));
#1994 = CARTESIAN_POINT('',(-1.327245729,-2.993461887,4.2857E-05));
#1995 = CARTESIAN_POINT('',(-1.327245729,-2.993461887,5.7143E-05));
#1996 = CARTESIAN_POINT('',(-1.327245728,-2.993461886,7.1429E-05));
#1997 = CARTESIAN_POINT('',(-1.327245728,-2.993461885,8.5714E-05));
#1998 = CARTESIAN_POINT('',(-1.327245727,-2.993461884,1.E-04));
#1999 = CARTESIAN_POINT('',(-1.327244201,-2.993458456,3.7485627E-02));
#2000 = CARTESIAN_POINT('',(-1.325909559,-2.990460802,0.112270839));
#2001 = CARTESIAN_POINT('',(-1.319911707,-2.976989405,0.223942512));
#2002 = CARTESIAN_POINT('',(-1.303976859,-2.941199151,0.36976632));
#2003 = CARTESIAN_POINT('',(-1.271239063,-2.867668857,0.541855254));
#2004 = CARTESIAN_POINT('',(-1.214348871,-2.739891393,0.723465834));
#2005 = CARTESIAN_POINT('',(-1.127852221,-2.545616736,0.886050204));
#2006 = CARTESIAN_POINT('',(-1.027119242,-2.319366761,0.988260588));
#2007 = CARTESIAN_POINT('',(-0.91901944,-2.076570631,1.023122647));
#2008 = CARTESIAN_POINT('',(-0.810919638,-1.833774501,0.988260588));
#2009 = CARTESIAN_POINT('',(-0.710186659,-1.607524526,0.886050204));
#2010 = CARTESIAN_POINT('',(-0.623685289,-1.413239268,0.723456962));
#2011 = CARTESIAN_POINT('',(-0.557310454,-1.264158946,0.511561324));
#2012 = CARTESIAN_POINT('',(-0.515585488,-1.170443138,0.264803627));
#2013 = CARTESIAN_POINT('',(-0.501353879,-1.138478421,0.));
#2014 = CARTESIAN_POINT('',(-0.515585488,-1.170443138,-0.264803627));
#2015 = CARTESIAN_POINT('',(-0.557310454,-1.264158946,-0.511561324));
#2016 = CARTESIAN_POINT('',(-0.623685289,-1.413239268,-0.723456962));
#2017 = CARTESIAN_POINT('',(-0.710186659,-1.607524526,-0.886050204));
#2018 = CARTESIAN_POINT('',(-0.810919638,-1.833774501,-0.988260588));
#2019 = CARTESIAN_POINT('',(-0.91901944,-2.076570631,-1.023122647));
#2020 = CARTESIAN_POINT('',(-1.027119242,-2.319366761,-0.988260588));
#2021 = CARTESIAN_POINT('',(-1.127852221,-2.545616736,-0.886050204));
#2022 = CARTESIAN_POINT('',(-1.214353591,-2.739901994,-0.723456962));
#2023 = CARTESIAN_POINT('',(-1.271246307,-2.867685127,-0.541832129));
#2024 = CARTESIAN_POINT('',(-1.303984363,-2.941216004,-0.369726876));
#2025 = CARTESIAN_POINT('',(-1.319917794,-2.977003076,-0.223886805));
#2026 = CARTESIAN_POINT('',(-1.325913377,-2.990469377,-0.112199738));
#2027 = CARTESIAN_POINT('',(-1.327245729,-2.993461888,-3.7399913E-02));
#2028 = CARTESIAN_POINT('',(-1.327245729,-2.993461888,0.));
#2029 = CARTESIAN_POINT('',(-1.000484373,-3.079174284,0.));
#2030 = CARTESIAN_POINT('',(-1.000484373,-3.079174284,1.4286E-05));
#2031 = CARTESIAN_POINT('',(-1.000484373,-3.079174284,2.8571E-05));
#2032 = CARTESIAN_POINT('',(-1.000484373,-3.079174283,4.2857E-05));
#2033 = CARTESIAN_POINT('',(-1.000484373,-3.079174283,5.7143E-05));
#2034 = CARTESIAN_POINT('',(-1.000484372,-3.079174282,7.1429E-05));
#2035 = CARTESIAN_POINT('',(-1.000484372,-3.079174281,8.5714E-05));
#2036 = CARTESIAN_POINT('',(-1.000484371,-3.079174279,1.E-04));
#2037 = CARTESIAN_POINT('',(-1.000483212,-3.079170711,3.7485627E-02));
#2038 = CARTESIAN_POINT('',(-0.999469222,-3.07604997,0.112270839));
#2039 = CARTESIAN_POINT('',(-0.994912371,-3.062025425,0.223942512));
#2040 = CARTESIAN_POINT('',(-0.982805916,-3.024765589,0.36976632));
#2041 = CARTESIAN_POINT('',(-0.95793347,-2.94821607,0.541855254));
#2042 = CARTESIAN_POINT('',(-0.91471131,-2.815191939,0.723465834));
#2043 = CARTESIAN_POINT('',(-0.848995729,-2.612940178,0.886050204));
#2044 = CARTESIAN_POINT('',(-0.772464138,-2.37740016,0.988260588));
#2045 = CARTESIAN_POINT('',(-0.690335624,-2.124634586,1.023122647));
#2046 = CARTESIAN_POINT('',(-0.608207111,-1.871869013,0.988260588));
#2047 = CARTESIAN_POINT('',(-0.53167552,-1.636328995,0.886050204));
#2048 = CARTESIAN_POINT('',(-0.465956353,-1.434066197,0.723456962));
#2049 = CARTESIAN_POINT('',(-0.415528263,-1.278864493,0.511561324));
#2050 = CARTESIAN_POINT('',(-0.38382784,-1.181300623,0.264803627));
#2051 = CARTESIAN_POINT('',(-0.373015416,-1.148023404,0.));
#2052 = CARTESIAN_POINT('',(-0.38382784,-1.181300623,-0.264803627));
#2053 = CARTESIAN_POINT('',(-0.415528263,-1.278864493,-0.511561324));
#2054 = CARTESIAN_POINT('',(-0.465956353,-1.434066197,-0.723456962));
#2055 = CARTESIAN_POINT('',(-0.53167552,-1.636328995,-0.886050204));
#2056 = CARTESIAN_POINT('',(-0.608207111,-1.871869013,-0.988260588));
#2057 = CARTESIAN_POINT('',(-0.690335624,-2.124634586,-1.023122647));
#2058 = CARTESIAN_POINT('',(-0.772464138,-2.37740016,-0.988260588));
#2059 = CARTESIAN_POINT('',(-0.848995729,-2.612940178,-0.886050204));
#2060 = CARTESIAN_POINT('',(-0.914714896,-2.815202976,-0.723456962));
#2061 = CARTESIAN_POINT('',(-0.957938973,-2.948233008,-0.541832129));
#2062 = CARTESIAN_POINT('',(-0.982811617,-3.024783133,-0.369726876));
#2063 = CARTESIAN_POINT('',(-0.994916995,-3.062039657,-0.223886805));
#2064 = CARTESIAN_POINT('',(-0.999472122,-3.076058897,-0.112199738));
#2065 = CARTESIAN_POINT('',(-1.000484373,-3.079174284,-3.7399913E-02));
#2066 = CARTESIAN_POINT('',(-1.000484373,-3.079174284,0.));
#2067 = CARTESIAN_POINT('',(-0.685748401,-3.201897005,0.));
#2068 = CARTESIAN_POINT('',(-0.685748401,-3.201897005,1.4286E-05));
#2069 = CARTESIAN_POINT('',(-0.6857484,-3.201897005,2.8571E-05));
#2070 = CARTESIAN_POINT('',(-0.6857484,-3.201897005,4.2857E-05));
#2071 = CARTESIAN_POINT('',(-0.6857484,-3.201897004,5.7143E-05));
#2072 = CARTESIAN_POINT('',(-0.6857484,-3.201897003,7.1429E-05));
#2073 = CARTESIAN_POINT('',(-0.6857484,-3.201897002,8.5714E-05));
#2074 = CARTESIAN_POINT('',(-0.685748399,-3.201897,1.E-04));
#2075 = CARTESIAN_POINT('',(-0.685747619,-3.20189333,3.7485627E-02));
#2076 = CARTESIAN_POINT('',(-0.68506539,-3.198683695,0.112270839));
#2077 = CARTESIAN_POINT('',(-0.681999466,-3.184259657,0.223942512));
#2078 = CARTESIAN_POINT('',(-0.673854045,-3.145938464,0.36976632));
#2079 = CARTESIAN_POINT('',(-0.657119457,-3.067208413,0.541855254));
#2080 = CARTESIAN_POINT('',(-0.62803888,-2.930395057,0.723465834));
#2081 = CARTESIAN_POINT('',(-0.583824362,-2.722382103,0.886050204));
#2082 = CARTESIAN_POINT('',(-0.532332655,-2.480132669,0.988260588));
#2083 = CARTESIAN_POINT('',(-0.477075247,-2.220167004,1.023122647));
#2084 = CARTESIAN_POINT('',(-0.421817839,-1.960201339,0.988260588));
#2085 = CARTESIAN_POINT('',(-0.370326132,-1.717951905,0.886050204));
#2086 = CARTESIAN_POINT('',(-0.326109201,-1.5099276,0.723456962));
#2087 = CARTESIAN_POINT('',(-0.292180357,-1.350304936,0.511561324));
#2088 = CARTESIAN_POINT('',(-0.270851793,-1.249961935,0.264803627));
#2089 = CARTESIAN_POINT('',(-0.263577018,-1.215736806,0.));
#2090 = CARTESIAN_POINT('',(-0.270851793,-1.249961935,-0.264803627));
#2091 = CARTESIAN_POINT('',(-0.292180357,-1.350304936,-0.511561324));
#2092 = CARTESIAN_POINT('',(-0.326109201,-1.5099276,-0.723456962));
#2093 = CARTESIAN_POINT('',(-0.370326132,-1.717951905,-0.886050204));
#2094 = CARTESIAN_POINT('',(-0.421817839,-1.960201339,-0.988260588));
#2095 = CARTESIAN_POINT('',(-0.477075247,-2.220167004,-1.023122647));
#2096 = CARTESIAN_POINT('',(-0.532332655,-2.480132669,-0.988260588));
#2097 = CARTESIAN_POINT('',(-0.583824362,-2.722382103,-0.886050204));
#2098 = CARTESIAN_POINT('',(-0.628041293,-2.930406408,-0.723456962));
#2099 = CARTESIAN_POINT('',(-0.657123159,-3.067225834,-0.541832129));
#2100 = CARTESIAN_POINT('',(-0.673857881,-3.145956509,-0.369726876));
#2101 = CARTESIAN_POINT('',(-0.682002578,-3.184274294,-0.223886805));
#2102 = CARTESIAN_POINT('',(-0.685067342,-3.198692876,-0.112199738));
#2103 = CARTESIAN_POINT('',(-0.685748401,-3.201897005,-3.7399913E-02));
#2104 = CARTESIAN_POINT('',(-0.685748401,-3.201897005,0.));
#2105 = CARTESIAN_POINT('',(-0.361508525,-3.355822596,0.));
#2106 = CARTESIAN_POINT('',(-0.361508525,-3.355822596,1.4286E-05));
#2107 = CARTESIAN_POINT('',(-0.361508525,-3.355822596,2.8571E-05));
#2108 = CARTESIAN_POINT('',(-0.361508525,-3.355822595,4.2857E-05));
#2109 = CARTESIAN_POINT('',(-0.361508525,-3.355822595,5.7143E-05));
#2110 = CARTESIAN_POINT('',(-0.361508525,-3.355822594,7.1429E-05));
#2111 = CARTESIAN_POINT('',(-0.361508525,-3.355822593,8.5714E-05));
#2112 = CARTESIAN_POINT('',(-0.361508525,-3.355822591,1.E-04));
#2113 = CARTESIAN_POINT('',(-0.361508132,-3.355818859,3.7485627E-02));
#2114 = CARTESIAN_POINT('',(-0.361165139,-3.352555494,0.112270839));
#2115 = CARTESIAN_POINT('',(-0.359623733,-3.337889996,0.223942512));
#2116 = CARTESIAN_POINT('',(-0.355528589,-3.298927303,0.36976632));
#2117 = CARTESIAN_POINT('',(-0.347115205,-3.218879303,0.541855254));
#2118 = CARTESIAN_POINT('',(-0.332494825,-3.079775676,0.723465834));
#2119 = CARTESIAN_POINT('',(-0.310265793,-2.868280563,0.886050204));
#2120 = CARTESIAN_POINT('',(-0.284378124,-2.621975848,0.988260588));
#2121 = CARTESIAN_POINT('',(-0.256597233,-2.35765833,1.023122647));
#2122 = CARTESIAN_POINT('',(-0.228816343,-2.093340813,0.988260588));
#2123 = CARTESIAN_POINT('',(-0.202928674,-1.847036097,0.886050204));
#2124 = CARTESIAN_POINT('',(-0.180698429,-1.635529443,0.723456962));
#2125 = CARTESIAN_POINT('',(-0.163640562,-1.473234679,0.511561324));
#2126 = CARTESIAN_POINT('',(-0.152917538,-1.371211926,0.264803627));
#2127 = CARTESIAN_POINT('',(-0.149260115,-1.336413865,0.));
#2128 = CARTESIAN_POINT('',(-0.152917538,-1.371211926,-0.264803627));
#2129 = CARTESIAN_POINT('',(-0.163640562,-1.473234679,-0.511561324));
#2130 = CARTESIAN_POINT('',(-0.180698429,-1.635529443,-0.723456962));
#2131 = CARTESIAN_POINT('',(-0.202928674,-1.847036097,-0.886050204));
#2132 = CARTESIAN_POINT('',(-0.228816343,-2.093340813,-0.988260588));
#2133 = CARTESIAN_POINT('',(-0.256597233,-2.35765833,-1.023122647));
#2134 = CARTESIAN_POINT('',(-0.284378124,-2.621975848,-0.988260588));
#2135 = CARTESIAN_POINT('',(-0.310265793,-2.868280563,-0.886050204));
#2136 = CARTESIAN_POINT('',(-0.332496038,-3.079787217,-0.723456962));
#2137 = CARTESIAN_POINT('',(-0.347117067,-3.218897015,-0.541832129));
#2138 = CARTESIAN_POINT('',(-0.355530517,-3.29894565,-0.369726876));
#2139 = CARTESIAN_POINT('',(-0.359625297,-3.337904879,-0.223886805));
#2140 = CARTESIAN_POINT('',(-0.36116612,-3.352564829,-0.112199738));
#2141 = CARTESIAN_POINT('',(-0.361508525,-3.355822596,-3.7399913E-02));
#2142 = CARTESIAN_POINT('',(-0.361508525,-3.355822596,0.));
#2143 = CARTESIAN_POINT('',(-1.0102665E-02,-3.512818517,0.));
#2144 = CARTESIAN_POINT('',(-1.0102665E-02,-3.512818517,1.4286E-05));
#2145 = CARTESIAN_POINT('',(-1.0102665E-02,-3.512818517,2.8571E-05));
#2146 = CARTESIAN_POINT('',(-1.0102665E-02,-3.512818517,4.2857E-05));
#2147 = CARTESIAN_POINT('',(-1.0102665E-02,-3.512818516,5.7143E-05));
#2148 = CARTESIAN_POINT('',(-1.0102665E-02,-3.512818515,7.1429E-05));
#2149 = CARTESIAN_POINT('',(-1.0102665E-02,-3.512818514,8.5714E-05));
#2150 = CARTESIAN_POINT('',(-1.0102665E-02,-3.512818512,1.E-04));
#2151 = CARTESIAN_POINT('',(-1.0102665E-02,-3.51281476,3.7485627E-02));
#2152 = CARTESIAN_POINT('',(-1.0102665E-02,-3.509533419,0.112270839));
#2153 = CARTESIAN_POINT('',(-1.0102665E-02,-3.49478714,0.223942512));
#2154 = CARTESIAN_POINT('',(-1.0102665E-02,-3.455609829,0.36976632));
#2155 = CARTESIAN_POINT('',(-1.0102665E-02,-3.375120902,0.541855254));
#2156 = CARTESIAN_POINT('',(-1.0102665E-02,-3.235251054,0.723465834));
#2157 = CARTESIAN_POINT('',(-1.0102665E-02,-3.022590967,0.886050204));
#2158 = CARTESIAN_POINT('',(-1.0102665E-02,-2.774929536,0.988260588));
#2159 = CARTESIAN_POINT('',(-1.0102665E-02,-2.509156084,1.023122647));
#2160 = CARTESIAN_POINT('',(-1.0102665E-02,-2.243382632,0.988260588));
#2161 = CARTESIAN_POINT('',(-1.0102665E-02,-1.995721201,0.886050204));
#2162 = CARTESIAN_POINT('',(-1.0102665E-02,-1.783049509,0.723456962));
#2163 = CARTESIAN_POINT('',(-1.0102665E-02,-1.61986078,0.511561324));
#2164 = CARTESIAN_POINT('',(-1.0102665E-02,-1.517276057,0.264803627));
#2165 = CARTESIAN_POINT('',(-1.0102665E-02,-1.482286318,0.));
#2166 = CARTESIAN_POINT('',(-1.0102665E-02,-1.517276057,-0.264803627));
#2167 = CARTESIAN_POINT('',(-1.0102665E-02,-1.61986078,-0.511561324));
#2168 = CARTESIAN_POINT('',(-1.0102665E-02,-1.783049509,-0.723456962));
#2169 = CARTESIAN_POINT('',(-1.0102665E-02,-1.995721201,-0.886050204));
#2170 = CARTESIAN_POINT('',(-1.0102665E-02,-2.243382632,-0.988260588));
#2171 = CARTESIAN_POINT('',(-1.0102665E-02,-2.509156084,-1.023122647));
#2172 = CARTESIAN_POINT('',(-1.0102665E-02,-2.774929536,-0.988260588));
#2173 = CARTESIAN_POINT('',(-1.0102665E-02,-3.022590967,-0.886050204));
#2174 = CARTESIAN_POINT('',(-1.0102665E-02,-3.235262659,-0.723456962));
#2175 = CARTESIAN_POINT('',(-1.0102665E-02,-3.375138712,-0.541832129));
#2176 = CARTESIAN_POINT('',(-1.0102665E-02,-3.455628277,-0.369726876));
#2177 = CARTESIAN_POINT('',(-1.0102665E-02,-3.494802105,-0.223886805));
#2178 = CARTESIAN_POINT('',(-1.0102665E-02,-3.509542806,-0.112199738));
#2179 = CARTESIAN_POINT('',(-1.0102665E-02,-3.512818517,-3.7399913E-02)
  );
#2180 = CARTESIAN_POINT('',(-1.0102665E-02,-3.512818517,0.));
#2181 = CARTESIAN_POINT('',(0.372870518,-3.631327264,0.));
#2182 = CARTESIAN_POINT('',(0.372870518,-3.631327264,1.4286E-05));
#2183 = CARTESIAN_POINT('',(0.372870518,-3.631327264,2.8571E-05));
#2184 = CARTESIAN_POINT('',(0.372870518,-3.631327263,4.2857E-05));
#2185 = CARTESIAN_POINT('',(0.372870518,-3.631327262,5.7143E-05));
#2186 = CARTESIAN_POINT('',(0.372870517,-3.631327261,7.1429E-05));
#2187 = CARTESIAN_POINT('',(0.372870517,-3.63132726,8.5714E-05));
#2188 = CARTESIAN_POINT('',(0.372870517,-3.631327259,1.E-04));
#2189 = CARTESIAN_POINT('',(0.372870125,-3.631323527,3.7485627E-02));
#2190 = CARTESIAN_POINT('',(0.372527131,-3.628060162,0.112270839));
#2191 = CARTESIAN_POINT('',(0.370985726,-3.613394664,0.223942512));
#2192 = CARTESIAN_POINT('',(0.366890581,-3.574431971,0.36976632));
#2193 = CARTESIAN_POINT('',(0.358477198,-3.494383971,0.541855254));
#2194 = CARTESIAN_POINT('',(0.343856817,-3.355280344,0.723465834));
#2195 = CARTESIAN_POINT('',(0.321627785,-3.143785231,0.886050204));
#2196 = CARTESIAN_POINT('',(0.295740116,-2.897480516,0.988260588));
#2197 = CARTESIAN_POINT('',(0.267959226,-2.633162998,1.023122647));
#2198 = CARTESIAN_POINT('',(0.240178335,-2.368845481,0.988260588));
#2199 = CARTESIAN_POINT('',(0.214290667,-2.122540765,0.886050204));
#2200 = CARTESIAN_POINT('',(0.192060421,-1.911034111,0.723456962));
#2201 = CARTESIAN_POINT('',(0.175002554,-1.748739347,0.511561324));
#2202 = CARTESIAN_POINT('',(0.164279531,-1.646716594,0.264803627));
#2203 = CARTESIAN_POINT('',(0.160622107,-1.611918532,0.));
#2204 = CARTESIAN_POINT('',(0.164279531,-1.646716594,-0.264803627));
#2205 = CARTESIAN_POINT('',(0.175002554,-1.748739347,-0.511561324));
#2206 = CARTESIAN_POINT('',(0.192060421,-1.911034111,-0.723456962));
#2207 = CARTESIAN_POINT('',(0.214290667,-2.122540765,-0.886050204));
#2208 = CARTESIAN_POINT('',(0.240178335,-2.368845481,-0.988260588));
#2209 = CARTESIAN_POINT('',(0.267959226,-2.633162998,-1.023122647));
#2210 = CARTESIAN_POINT('',(0.295740116,-2.897480516,-0.988260588));
#2211 = CARTESIAN_POINT('',(0.321627785,-3.143785231,-0.886050204));
#2212 = CARTESIAN_POINT('',(0.34385803,-3.355291885,-0.723456962));
#2213 = CARTESIAN_POINT('',(0.358479059,-3.494401683,-0.541832129));
#2214 = CARTESIAN_POINT('',(0.36689251,-3.574450317,-0.369726876));
#2215 = CARTESIAN_POINT('',(0.37098729,-3.613409547,-0.223886805));
#2216 = CARTESIAN_POINT('',(0.372528113,-3.628069497,-0.112199738));
#2217 = CARTESIAN_POINT('',(0.372870518,-3.631327264,-3.7399913E-02));
#2218 = CARTESIAN_POINT('',(0.372870518,-3.631327264,0.));
#2219 = CARTESIAN_POINT('',(0.774963674,-3.670213004,0.));
#2220 = CARTESIAN_POINT('',(0.774963674,-3.670213004,1.4286E-05));
#2221 = CARTESIAN_POINT('',(0.774963674,-3.670213004,2.8571E-05));
#2222 = CARTESIAN_POINT('',(0.774963674,-3.670213003,4.2857E-05));
#2223 = CARTESIAN_POINT('',(0.774963674,-3.670213002,5.7143E-05));
#2224 = CARTESIAN_POINT('',(0.774963674,-3.670213002,7.1429E-05));
#2225 = CARTESIAN_POINT('',(0.774963674,-3.670213,8.5714E-05));
#2226 = CARTESIAN_POINT('',(0.774963673,-3.670212999,1.E-04));
#2227 = CARTESIAN_POINT('',(0.774962893,-3.670209329,3.7485627E-02));
#2228 = CARTESIAN_POINT('',(0.774280664,-3.666999693,0.112270839));
#2229 = CARTESIAN_POINT('',(0.77121474,-3.652575655,0.223942512));
#2230 = CARTESIAN_POINT('',(0.763069319,-3.614254463,0.36976632));
#2231 = CARTESIAN_POINT('',(0.74633473,-3.535524412,0.541855254));
#2232 = CARTESIAN_POINT('',(0.717254154,-3.398711055,0.723465834));
#2233 = CARTESIAN_POINT('',(0.673039635,-3.190698101,0.886050204));
#2234 = CARTESIAN_POINT('',(0.621547929,-2.948448667,0.988260588));
#2235 = CARTESIAN_POINT('',(0.566290521,-2.688483003,1.023122647));
#2236 = CARTESIAN_POINT('',(0.511033113,-2.428517338,0.988260588));
#2237 = CARTESIAN_POINT('',(0.459541406,-2.186267904,0.886050204));
#2238 = CARTESIAN_POINT('',(0.415324475,-1.978243598,0.723456962));
#2239 = CARTESIAN_POINT('',(0.381395631,-1.818620935,0.511561324));
#2240 = CARTESIAN_POINT('',(0.360067067,-1.718277934,0.264803627));
#2241 = CARTESIAN_POINT('',(0.352792292,-1.684052805,0.));
#2242 = CARTESIAN_POINT('',(0.360067067,-1.718277934,-0.264803627));
#2243 = CARTESIAN_POINT('',(0.381395631,-1.818620935,-0.511561324));
#2244 = CARTESIAN_POINT('',(0.415324475,-1.978243598,-0.723456962));
#2245 = CARTESIAN_POINT('',(0.459541406,-2.186267904,-0.886050204));
#2246 = CARTESIAN_POINT('',(0.511033113,-2.428517338,-0.988260588));
#2247 = CARTESIAN_POINT('',(0.566290521,-2.688483003,-1.023122647));
#2248 = CARTESIAN_POINT('',(0.621547929,-2.948448667,-0.988260588));
#2249 = CARTESIAN_POINT('',(0.673039635,-3.190698101,-0.886050204));
#2250 = CARTESIAN_POINT('',(0.717256567,-3.398722407,-0.723456962));
#2251 = CARTESIAN_POINT('',(0.746338433,-3.535541833,-0.541832129));
#2252 = CARTESIAN_POINT('',(0.763073155,-3.614272507,-0.369726876));
#2253 = CARTESIAN_POINT('',(0.771217852,-3.652590293,-0.223886805));
#2254 = CARTESIAN_POINT('',(0.774282616,-3.667008875,-0.112199738));
#2255 = CARTESIAN_POINT('',(0.774963674,-3.670213004,-3.7399913E-02));
#2256 = CARTESIAN_POINT('',(0.774963674,-3.670213004,0.));
#2257 = CARTESIAN_POINT('',(1.170556867,-3.602603599,0.));
#2258 = CARTESIAN_POINT('',(1.170556867,-3.602603599,1.4286E-05));
#2259 = CARTESIAN_POINT('',(1.170556867,-3.602603599,2.8571E-05));
#2260 = CARTESIAN_POINT('',(1.170556867,-3.602603598,4.2857E-05));
#2261 = CARTESIAN_POINT('',(1.170556867,-3.602603598,5.7143E-05));
#2262 = CARTESIAN_POINT('',(1.170556866,-3.602603597,7.1429E-05));
#2263 = CARTESIAN_POINT('',(1.170556866,-3.602603596,8.5714E-05));
#2264 = CARTESIAN_POINT('',(1.170556865,-3.602603594,1.E-04));
#2265 = CARTESIAN_POINT('',(1.170555706,-3.602600026,3.7485627E-02));
#2266 = CARTESIAN_POINT('',(1.169541716,-3.599479285,0.112270839));
#2267 = CARTESIAN_POINT('',(1.164984865,-3.58545474,0.223942512));
#2268 = CARTESIAN_POINT('',(1.15287841,-3.548194904,0.36976632));
#2269 = CARTESIAN_POINT('',(1.128005964,-3.471645385,0.541855254));
#2270 = CARTESIAN_POINT('',(1.084783804,-3.338621254,0.723465834));
#2271 = CARTESIAN_POINT('',(1.019068223,-3.136369493,0.886050204));
#2272 = CARTESIAN_POINT('',(0.942536632,-2.900829475,0.988260588));
#2273 = CARTESIAN_POINT('',(0.860408118,-2.648063901,1.023122647));
#2274 = CARTESIAN_POINT('',(0.778279605,-2.395298328,0.988260588));
#2275 = CARTESIAN_POINT('',(0.701748014,-2.15975831,0.886050204));
#2276 = CARTESIAN_POINT('',(0.636028847,-1.957495512,0.723456962));
#2277 = CARTESIAN_POINT('',(0.585600757,-1.802293808,0.511561324));
#2278 = CARTESIAN_POINT('',(0.553900334,-1.704729938,0.264803627));
#2279 = CARTESIAN_POINT('',(0.54308791,-1.671452719,0.));
#2280 = CARTESIAN_POINT('',(0.553900334,-1.704729938,-0.264803627));
#2281 = CARTESIAN_POINT('',(0.585600757,-1.802293808,-0.511561324));
#2282 = CARTESIAN_POINT('',(0.636028847,-1.957495512,-0.723456962));
#2283 = CARTESIAN_POINT('',(0.701748014,-2.15975831,-0.886050204));
#2284 = CARTESIAN_POINT('',(0.778279605,-2.395298328,-0.988260588));
#2285 = CARTESIAN_POINT('',(0.860408118,-2.648063901,-1.023122647));
#2286 = CARTESIAN_POINT('',(0.942536632,-2.900829475,-0.988260588));
#2287 = CARTESIAN_POINT('',(1.019068223,-3.136369493,-0.886050204));
#2288 = CARTESIAN_POINT('',(1.08478739,-3.338632291,-0.723456962));
#2289 = CARTESIAN_POINT('',(1.128011467,-3.471662323,-0.541832129));
#2290 = CARTESIAN_POINT('',(1.152884111,-3.548212448,-0.369726876));
#2291 = CARTESIAN_POINT('',(1.164989489,-3.585468972,-0.223886805));
#2292 = CARTESIAN_POINT('',(1.169544617,-3.599488212,-0.112199738));
#2293 = CARTESIAN_POINT('',(1.170556867,-3.602603599,-3.7399913E-02));
#2294 = CARTESIAN_POINT('',(1.170556867,-3.602603599,0.));
#2295 = CARTESIAN_POINT('',(1.530338294,-3.424776912,0.));
#2296 = CARTESIAN_POINT('',(1.530338294,-3.424776912,1.4286E-05));
#2297 = CARTESIAN_POINT('',(1.530338294,-3.424776912,2.8571E-05));
#2298 = CARTESIAN_POINT('',(1.530338294,-3.424776911,4.2857E-05));
#2299 = CARTESIAN_POINT('',(1.530338293,-3.424776911,5.7143E-05));
#2300 = CARTESIAN_POINT('',(1.530338293,-3.42477691,7.1429E-05));
#2301 = CARTESIAN_POINT('',(1.530338292,-3.424776909,8.5714E-05));
#2302 = CARTESIAN_POINT('',(1.530338292,-3.424776907,1.E-04));
#2303 = CARTESIAN_POINT('',(1.530336766,-3.42477348,3.7485627E-02));
#2304 = CARTESIAN_POINT('',(1.529002124,-3.421775826,0.112270839));
#2305 = CARTESIAN_POINT('',(1.523004272,-3.408304429,0.223942512));
#2306 = CARTESIAN_POINT('',(1.507069424,-3.372514175,0.36976632));
#2307 = CARTESIAN_POINT('',(1.474331628,-3.298983881,0.541855254));
#2308 = CARTESIAN_POINT('',(1.417441435,-3.171206416,0.723465834));
#2309 = CARTESIAN_POINT('',(1.330944786,-2.97693176,0.886050204));
#2310 = CARTESIAN_POINT('',(1.230211807,-2.750681785,0.988260588));
#2311 = CARTESIAN_POINT('',(1.122112005,-2.507885655,1.023122647));
#2312 = CARTESIAN_POINT('',(1.014012203,-2.265089525,0.988260588));
#2313 = CARTESIAN_POINT('',(0.913279224,-2.03883955,0.886050204));
#2314 = CARTESIAN_POINT('',(0.826777854,-1.844554292,0.723456962));
#2315 = CARTESIAN_POINT('',(0.760403018,-1.69547397,0.511561324));
#2316 = CARTESIAN_POINT('',(0.718678052,-1.601758162,0.264803627));
#2317 = CARTESIAN_POINT('',(0.704446443,-1.569793445,0.));
#2318 = CARTESIAN_POINT('',(0.718678052,-1.601758162,-0.264803627));
#2319 = CARTESIAN_POINT('',(0.760403018,-1.69547397,-0.511561324));
#2320 = CARTESIAN_POINT('',(0.826777854,-1.844554292,-0.723456962));
#2321 = CARTESIAN_POINT('',(0.913279224,-2.03883955,-0.886050204));
#2322 = CARTESIAN_POINT('',(1.014012203,-2.265089525,-0.988260588));
#2323 = CARTESIAN_POINT('',(1.122112005,-2.507885655,-1.023122647));
#2324 = CARTESIAN_POINT('',(1.230211807,-2.750681785,-0.988260588));
#2325 = CARTESIAN_POINT('',(1.330944786,-2.97693176,-0.886050204));
#2326 = CARTESIAN_POINT('',(1.417446156,-3.171217018,-0.723456962));
#2327 = CARTESIAN_POINT('',(1.474338872,-3.299000151,-0.541832129));
#2328 = CARTESIAN_POINT('',(1.507076927,-3.372531028,-0.369726876));
#2329 = CARTESIAN_POINT('',(1.523010359,-3.4083181,-0.223886805));
#2330 = CARTESIAN_POINT('',(1.529005942,-3.421784401,-0.112199738));
#2331 = CARTESIAN_POINT('',(1.530338294,-3.424776912,-3.7399913E-02));
#2332 = CARTESIAN_POINT('',(1.530338294,-3.424776912,0.));
#2333 = CARTESIAN_POINT('',(1.832782026,-3.15697326,0.));
#2334 = CARTESIAN_POINT('',(1.832782026,-3.15697326,1.4286E-05));
#2335 = CARTESIAN_POINT('',(1.832782026,-3.15697326,2.8571E-05));
#2336 = CARTESIAN_POINT('',(1.832782026,-3.156973259,4.2857E-05));
#2337 = CARTESIAN_POINT('',(1.832782026,-3.156973259,5.7143E-05));
#2338 = CARTESIAN_POINT('',(1.832782025,-3.156973258,7.1429E-05));
#2339 = CARTESIAN_POINT('',(1.832782025,-3.156973257,8.5714E-05));
#2340 = CARTESIAN_POINT('',(1.832782024,-3.156973256,1.E-04));
#2341 = CARTESIAN_POINT('',(1.832780148,-3.156970006,3.7485627E-02));
#2342 = CARTESIAN_POINT('',(1.831139477,-3.154128282,0.112270839));
#2343 = CARTESIAN_POINT('',(1.823766338,-3.141357629,0.223942512));
#2344 = CARTESIAN_POINT('',(1.804177682,-3.107429083,0.36976632));
#2345 = CARTESIAN_POINT('',(1.763933219,-3.037723627,0.541855254));
#2346 = CARTESIAN_POINT('',(1.693998295,-2.916592785,0.723465834));
#2347 = CARTESIAN_POINT('',(1.587668251,-2.732423747,0.886050204));
#2348 = CARTESIAN_POINT('',(1.463837536,-2.517942657,0.988260588));
#2349 = CARTESIAN_POINT('',(1.33095081,-2.287776096,1.023122647));
#2350 = CARTESIAN_POINT('',(1.198064084,-2.057609534,0.988260588));
#2351 = CARTESIAN_POINT('',(1.074233368,-1.843128444,0.886050204));
#2352 = CARTESIAN_POINT('',(0.967897522,-1.658949356,0.723456962));
#2353 = CARTESIAN_POINT('',(0.886303158,-1.517623771,0.511561324));
#2354 = CARTESIAN_POINT('',(0.835010796,-1.428782795,0.264803627));
#2355 = CARTESIAN_POINT('',(0.817515927,-1.398480792,0.));
#2356 = CARTESIAN_POINT('',(0.835010796,-1.428782795,-0.264803627));
#2357 = CARTESIAN_POINT('',(0.886303158,-1.517623771,-0.511561324));
#2358 = CARTESIAN_POINT('',(0.967897522,-1.658949356,-0.723456962));
#2359 = CARTESIAN_POINT('',(1.074233368,-1.843128444,-0.886050204));
#2360 = CARTESIAN_POINT('',(1.198064084,-2.057609534,-0.988260588));
#2361 = CARTESIAN_POINT('',(1.33095081,-2.287776096,-1.023122647));
#2362 = CARTESIAN_POINT('',(1.463837536,-2.517942657,-0.988260588));
#2363 = CARTESIAN_POINT('',(1.587668251,-2.732423747,-0.886050204));
#2364 = CARTESIAN_POINT('',(1.694004097,-2.916602835,-0.723456962));
#2365 = CARTESIAN_POINT('',(1.763942124,-3.037739051,-0.541832129));
#2366 = CARTESIAN_POINT('',(1.804186906,-3.107445059,-0.369726876));
#2367 = CARTESIAN_POINT('',(1.82377382,-3.141370589,-0.223886805));
#2368 = CARTESIAN_POINT('',(1.831144171,-3.154136411,-0.112199738));
#2369 = CARTESIAN_POINT('',(1.832782026,-3.15697326,-3.7399913E-02));
#2370 = CARTESIAN_POINT('',(1.832782026,-3.15697326,0.));
#2371 = CARTESIAN_POINT('',(2.072956146,-2.835991681,0.));
#2372 = CARTESIAN_POINT('',(2.072956146,-2.835991681,1.4286E-05));
#2373 = CARTESIAN_POINT('',(2.072956146,-2.835991681,2.8571E-05));
#2374 = CARTESIAN_POINT('',(2.072956146,-2.835991681,4.2857E-05));
#2375 = CARTESIAN_POINT('',(2.072956145,-2.83599168,5.7143E-05));
#2376 = CARTESIAN_POINT('',(2.072956145,-2.835991679,7.1429E-05));
#2377 = CARTESIAN_POINT('',(2.072956144,-2.835991678,8.5714E-05));
#2378 = CARTESIAN_POINT('',(2.072956143,-2.835991677,1.E-04));
#2379 = CARTESIAN_POINT('',(2.072953938,-2.835988641,3.7485627E-02));
#2380 = CARTESIAN_POINT('',(2.071025214,-2.833333981,0.112270839));
#2381 = CARTESIAN_POINT('',(2.062357568,-2.82140399,0.223942512));
#2382 = CARTESIAN_POINT('',(2.039329723,-2.78970888,0.36976632));
#2383 = CARTESIAN_POINT('',(1.992019519,-2.72459197,0.541855254));
#2384 = CARTESIAN_POINT('',(1.909806085,-2.611434886,0.723465834));
#2385 = CARTESIAN_POINT('',(1.784807622,-2.439389262,0.886050204));
#2386 = CARTESIAN_POINT('',(1.639235885,-2.239026955,0.988260588));
#2387 = CARTESIAN_POINT('',(1.483018169,-2.024011716,1.023122647));
#2388 = CARTESIAN_POINT('',(1.326800454,-1.808996476,0.988260588));
#2389 = CARTESIAN_POINT('',(1.181228717,-1.60863417,0.886050204));
#2390 = CARTESIAN_POINT('',(1.056223433,-1.436579157,0.723456962));
#2391 = CARTESIAN_POINT('',(0.960303505,-1.304556702,0.511561324));
#2392 = CARTESIAN_POINT('',(0.900005717,-1.221563918,0.264803627));
#2393 = CARTESIAN_POINT('',(0.879439265,-1.193256624,0.));
#2394 = CARTESIAN_POINT('',(0.900005717,-1.221563918,-0.264803627));
#2395 = CARTESIAN_POINT('',(0.960303505,-1.304556702,-0.511561324));
#2396 = CARTESIAN_POINT('',(1.056223433,-1.436579157,-0.723456962));
#2397 = CARTESIAN_POINT('',(1.181228717,-1.60863417,-0.886050204));
#2398 = CARTESIAN_POINT('',(1.326800454,-1.808996476,-0.988260588));
#2399 = CARTESIAN_POINT('',(1.483018169,-2.024011716,-1.023122647));
#2400 = CARTESIAN_POINT('',(1.639235885,-2.239026955,-0.988260588));
#2401 = CARTESIAN_POINT('',(1.784807622,-2.439389262,-0.886050204));
#2402 = CARTESIAN_POINT('',(1.909812906,-2.611444275,-0.723456962));
#2403 = CARTESIAN_POINT('',(1.992029987,-2.724606379,-0.541832129));
#2404 = CARTESIAN_POINT('',(2.039340566,-2.789723805,-0.369726876));
#2405 = CARTESIAN_POINT('',(2.062366364,-2.821416097,-0.223886805));
#2406 = CARTESIAN_POINT('',(2.071030731,-2.833341575,-0.112199738));
#2407 = CARTESIAN_POINT('',(2.072956146,-2.835991681,-3.7399913E-02));
#2408 = CARTESIAN_POINT('',(2.072956146,-2.835991681,0.));
#2409 = CARTESIAN_POINT('',(2.264969572,-2.502428131,0.));
#2410 = CARTESIAN_POINT('',(2.264969572,-2.502428131,1.4286E-05));
#2411 = CARTESIAN_POINT('',(2.264969571,-2.502428131,2.8571E-05));
#2412 = CARTESIAN_POINT('',(2.264969571,-2.50242813,4.2857E-05));
#2413 = CARTESIAN_POINT('',(2.264969571,-2.50242813,5.7143E-05));
#2414 = CARTESIAN_POINT('',(2.26496957,-2.502428129,7.1429E-05));
#2415 = CARTESIAN_POINT('',(2.264969569,-2.502428128,8.5714E-05));
#2416 = CARTESIAN_POINT('',(2.264969568,-2.502428127,1.E-04));
#2417 = CARTESIAN_POINT('',(2.264967058,-2.502425339,3.7485627E-02));
#2418 = CARTESIAN_POINT('',(2.262771412,-2.499986827,0.112270839));
#2419 = CARTESIAN_POINT('',(2.252904225,-2.489028206,0.223942512));
#2420 = CARTESIAN_POINT('',(2.226689488,-2.45991379,0.36976632));
#2421 = CARTESIAN_POINT('',(2.172831883,-2.400098861,0.541855254));
#2422 = CARTESIAN_POINT('',(2.079240686,-2.296155306,0.723465834));
#2423 = CARTESIAN_POINT('',(1.936943313,-2.138118063,0.886050204));
#2424 = CARTESIAN_POINT('',(1.77122547,-1.954069753,0.988260588));
#2425 = CARTESIAN_POINT('',(1.593388319,-1.756561587,1.023122647));
#2426 = CARTESIAN_POINT('',(1.415551168,-1.559053421,0.988260588));
#2427 = CARTESIAN_POINT('',(1.249833324,-1.37500511,0.886050204));
#2428 = CARTESIAN_POINT('',(1.107528186,-1.216959243,0.723456962));
#2429 = CARTESIAN_POINT('',(0.998333613,-1.095686384,0.511561324));
#2430 = CARTESIAN_POINT('',(0.929691035,-1.019451077,0.264803627));
#2431 = CARTESIAN_POINT('',(0.90627833,-0.993448634,0.));
#2432 = CARTESIAN_POINT('',(0.929691035,-1.019451077,-0.264803627));
#2433 = CARTESIAN_POINT('',(0.998333613,-1.095686384,-0.511561324));
#2434 = CARTESIAN_POINT('',(1.107528186,-1.216959243,-0.723456962));
#2435 = CARTESIAN_POINT('',(1.249833324,-1.37500511,-0.886050204));
#2436 = CARTESIAN_POINT('',(1.415551168,-1.559053421,-0.988260588));
#2437 = CARTESIAN_POINT('',(1.593388319,-1.756561587,-1.023122647));
#2438 = CARTESIAN_POINT('',(1.77122547,-1.954069753,-0.988260588));
#2439 = CARTESIAN_POINT('',(1.936943313,-2.138118063,-0.886050204));
#2440 = CARTESIAN_POINT('',(2.079248452,-2.296163931,-0.723456962));
#2441 = CARTESIAN_POINT('',(2.1728438,-2.400112096,-0.541832129));
#2442 = CARTESIAN_POINT('',(2.226701831,-2.4599275,-0.369726876));
#2443 = CARTESIAN_POINT('',(2.252914238,-2.489039327,-0.223886805));
#2444 = CARTESIAN_POINT('',(2.262777693,-2.499993803,-0.112199738));
#2445 = CARTESIAN_POINT('',(2.264969572,-2.502428131,-3.7399913E-02));
#2446 = CARTESIAN_POINT('',(2.264969572,-2.502428131,0.));
#2447 = CARTESIAN_POINT('',(2.436809949,-2.187316295,0.));
#2448 = CARTESIAN_POINT('',(2.436809949,-2.187316295,1.4286E-05));
#2449 = CARTESIAN_POINT('',(2.436809949,-2.187316295,2.8571E-05));
#2450 = CARTESIAN_POINT('',(2.436809948,-2.187316294,4.2857E-05));
#2451 = CARTESIAN_POINT('',(2.436809948,-2.187316294,5.7143E-05));
#2452 = CARTESIAN_POINT('',(2.436809947,-2.187316293,7.1429E-05));
#2453 = CARTESIAN_POINT('',(2.436809946,-2.187316292,8.5714E-05));
#2454 = CARTESIAN_POINT('',(2.436809945,-2.187316292,1.E-04));
#2455 = CARTESIAN_POINT('',(2.436807157,-2.187313781,3.7485627E-02));
#2456 = CARTESIAN_POINT('',(2.434368645,-2.185118135,0.112270839));
#2457 = CARTESIAN_POINT('',(2.423410024,-2.175250948,0.223942512));
#2458 = CARTESIAN_POINT('',(2.394295609,-2.149036211,0.36976632));
#2459 = CARTESIAN_POINT('',(2.334480679,-2.095178606,0.541855254));
#2460 = CARTESIAN_POINT('',(2.230537125,-2.00158741,0.723465834));
#2461 = CARTESIAN_POINT('',(2.072499881,-1.859290037,0.886050204));
#2462 = CARTESIAN_POINT('',(1.888451571,-1.693572193,0.988260588));
#2463 = CARTESIAN_POINT('',(1.690943405,-1.515735042,1.023122647));
#2464 = CARTESIAN_POINT('',(1.493435239,-1.337897891,0.988260588));
#2465 = CARTESIAN_POINT('',(1.309386928,-1.172180048,0.886050204));
#2466 = CARTESIAN_POINT('',(1.151341061,-1.029874909,0.723456962));
#2467 = CARTESIAN_POINT('',(1.030068202,-0.920680336,0.511561324));
#2468 = CARTESIAN_POINT('',(0.953832895,-0.852037758,0.264803627));
#2469 = CARTESIAN_POINT('',(0.927830452,-0.828625053,0.));
#2470 = CARTESIAN_POINT('',(0.953832895,-0.852037758,-0.264803627));
#2471 = CARTESIAN_POINT('',(1.030068202,-0.920680336,-0.511561324));
#2472 = CARTESIAN_POINT('',(1.151341061,-1.029874909,-0.723456962));
#2473 = CARTESIAN_POINT('',(1.309386928,-1.172180048,-0.886050204));
#2474 = CARTESIAN_POINT('',(1.493435239,-1.337897891,-0.988260588));
#2475 = CARTESIAN_POINT('',(1.690943405,-1.515735042,-1.023122647));
#2476 = CARTESIAN_POINT('',(1.888451571,-1.693572193,-0.988260588));
#2477 = CARTESIAN_POINT('',(2.072499881,-1.859290037,-0.886050204));
#2478 = CARTESIAN_POINT('',(2.230545749,-2.001595175,-0.723456962));
#2479 = CARTESIAN_POINT('',(2.334493914,-2.095190523,-0.541832129));
#2480 = CARTESIAN_POINT('',(2.394309318,-2.149048555,-0.369726876));
#2481 = CARTESIAN_POINT('',(2.423421145,-2.175260962,-0.223886805));
#2482 = CARTESIAN_POINT('',(2.434375621,-2.185124416,-0.112199738));
#2483 = CARTESIAN_POINT('',(2.436809949,-2.187316295,-3.7399913E-02));
#2484 = CARTESIAN_POINT('',(2.436809949,-2.187316295,0.));
#2485 = CARTESIAN_POINT('',(2.619302094,-1.903034365,0.));
#2486 = CARTESIAN_POINT('',(2.619302094,-1.903034365,1.4286E-05));
#2487 = CARTESIAN_POINT('',(2.619302094,-1.903034365,2.8571E-05));
#2488 = CARTESIAN_POINT('',(2.619302093,-1.903034364,4.2857E-05));
#2489 = CARTESIAN_POINT('',(2.619302093,-1.903034364,5.7143E-05));
#2490 = CARTESIAN_POINT('',(2.619302092,-1.903034363,7.1429E-05));
#2491 = CARTESIAN_POINT('',(2.619302091,-1.903034363,8.5714E-05));
#2492 = CARTESIAN_POINT('',(2.61930209,-1.903034362,1.E-04));
#2493 = CARTESIAN_POINT('',(2.619299054,-1.903032156,3.7485627E-02));
#2494 = CARTESIAN_POINT('',(2.616644394,-1.901103433,0.112270839));
#2495 = CARTESIAN_POINT('',(2.604714403,-1.892435787,0.223942512));
#2496 = CARTESIAN_POINT('',(2.573019293,-1.869407942,0.36976632));
#2497 = CARTESIAN_POINT('',(2.507902383,-1.822097737,0.541855254));
#2498 = CARTESIAN_POINT('',(2.394745299,-1.739884303,0.723465834));
#2499 = CARTESIAN_POINT('',(2.222699674,-1.61488584,0.886050204));
#2500 = CARTESIAN_POINT('',(2.022337368,-1.469314104,0.988260588));
#2501 = CARTESIAN_POINT('',(1.807322128,-1.313096388,1.023122647));
#2502 = CARTESIAN_POINT('',(1.592306889,-1.156878672,0.988260588));
#2503 = CARTESIAN_POINT('',(1.391944583,-1.011306936,0.886050204));
#2504 = CARTESIAN_POINT('',(1.21988957,-0.886301652,0.723456962));
#2505 = CARTESIAN_POINT('',(1.087867115,-0.790381724,0.511561324));
#2506 = CARTESIAN_POINT('',(1.00487433,-0.730083936,0.264803627));
#2507 = CARTESIAN_POINT('',(0.976567037,-0.709517484,0.));
#2508 = CARTESIAN_POINT('',(1.00487433,-0.730083936,-0.264803627));
#2509 = CARTESIAN_POINT('',(1.087867115,-0.790381724,-0.511561324));
#2510 = CARTESIAN_POINT('',(1.21988957,-0.886301652,-0.723456962));
#2511 = CARTESIAN_POINT('',(1.391944583,-1.011306936,-0.886050204));
#2512 = CARTESIAN_POINT('',(1.592306889,-1.156878672,-0.988260588));
#2513 = CARTESIAN_POINT('',(1.807322128,-1.313096388,-1.023122647));
#2514 = CARTESIAN_POINT('',(2.022337368,-1.469314104,-0.988260588));
#2515 = CARTESIAN_POINT('',(2.222699674,-1.61488584,-0.886050204));
#2516 = CARTESIAN_POINT('',(2.394754687,-1.739891124,-0.723456962));
#2517 = CARTESIAN_POINT('',(2.507916791,-1.822108206,-0.541832129));
#2518 = CARTESIAN_POINT('',(2.573034217,-1.869418785,-0.369726876));
#2519 = CARTESIAN_POINT('',(2.60472651,-1.892444583,-0.223886805));
#2520 = CARTESIAN_POINT('',(2.616651988,-1.90110895,-0.112199738));
#2521 = CARTESIAN_POINT('',(2.619302094,-1.903034365,-3.7399913E-02));
#2522 = CARTESIAN_POINT('',(2.619302094,-1.903034365,0.));
#2523 = CARTESIAN_POINT('',(2.833277102,-1.641626074,0.));
#2524 = CARTESIAN_POINT('',(2.833277102,-1.641626074,1.4286E-05));
#2525 = CARTESIAN_POINT('',(2.833277102,-1.641626074,2.8571E-05));
#2526 = CARTESIAN_POINT('',(2.833277101,-1.641626073,4.2857E-05));
#2527 = CARTESIAN_POINT('',(2.8332771,-1.641626073,5.7143E-05));
#2528 = CARTESIAN_POINT('',(2.8332771,-1.641626073,7.1429E-05));
#2529 = CARTESIAN_POINT('',(2.833277099,-1.641626072,8.5714E-05));
#2530 = CARTESIAN_POINT('',(2.833277097,-1.641626071,1.E-04));
#2531 = CARTESIAN_POINT('',(2.833273848,-1.641624195,3.7485627E-02));
#2532 = CARTESIAN_POINT('',(2.830432123,-1.639983525,0.112270839));
#2533 = CARTESIAN_POINT('',(2.817661471,-1.632610385,0.223942512));
#2534 = CARTESIAN_POINT('',(2.783732925,-1.61302173,0.36976632));
#2535 = CARTESIAN_POINT('',(2.714027469,-1.572777266,0.541855254));
#2536 = CARTESIAN_POINT('',(2.592896627,-1.502842342,0.723465834));
#2537 = CARTESIAN_POINT('',(2.408727589,-1.396512298,0.886050204));
#2538 = CARTESIAN_POINT('',(2.194246499,-1.272681583,0.988260588));
#2539 = CARTESIAN_POINT('',(1.964079937,-1.139794857,1.023122647));
#2540 = CARTESIAN_POINT('',(1.733913376,-1.006908131,0.988260588));
#2541 = CARTESIAN_POINT('',(1.519432286,-0.883077415,0.886050204));
#2542 = CARTESIAN_POINT('',(1.335253198,-0.77674157,0.723456962));
#2543 = CARTESIAN_POINT('',(1.193927613,-0.695147205,0.511561324));
#2544 = CARTESIAN_POINT('',(1.105086636,-0.643854843,0.264803627));
#2545 = CARTESIAN_POINT('',(1.074784634,-0.626359974,0.));
#2546 = CARTESIAN_POINT('',(1.105086636,-0.643854843,-0.264803627));
#2547 = CARTESIAN_POINT('',(1.193927613,-0.695147205,-0.511561324));
#2548 = CARTESIAN_POINT('',(1.335253198,-0.77674157,-0.723456962));
#2549 = CARTESIAN_POINT('',(1.519432286,-0.883077415,-0.886050204));
#2550 = CARTESIAN_POINT('',(1.733913376,-1.006908131,-0.988260588));
#2551 = CARTESIAN_POINT('',(1.964079937,-1.139794857,-1.023122647));
#2552 = CARTESIAN_POINT('',(2.194246499,-1.272681583,-0.988260588));
#2553 = CARTESIAN_POINT('',(2.408727589,-1.396512298,-0.886050204));
#2554 = CARTESIAN_POINT('',(2.592906677,-1.502848144,-0.723456962));
#2555 = CARTESIAN_POINT('',(2.714042893,-1.572786171,-0.541832129));
#2556 = CARTESIAN_POINT('',(2.783748901,-1.613030954,-0.369726876));
#2557 = CARTESIAN_POINT('',(2.817674431,-1.632617867,-0.223886805));
#2558 = CARTESIAN_POINT('',(2.830440252,-1.639988218,-0.112199738));
#2559 = CARTESIAN_POINT('',(2.833277102,-1.641626074,-3.7399913E-02));
#2560 = CARTESIAN_POINT('',(2.833277102,-1.641626074,0.));
#2561 = CARTESIAN_POINT('',(3.07986467,-1.380821251,0.));
#2562 = CARTESIAN_POINT('',(3.07986467,-1.380821251,1.4286E-05));
#2563 = CARTESIAN_POINT('',(3.079864669,-1.380821251,2.8571E-05));
#2564 = CARTESIAN_POINT('',(3.079864669,-1.38082125,4.2857E-05));
#2565 = CARTESIAN_POINT('',(3.079864668,-1.38082125,5.7143E-05));
#2566 = CARTESIAN_POINT('',(3.079864668,-1.38082125,7.1429E-05));
#2567 = CARTESIAN_POINT('',(3.079864666,-1.380821249,8.5714E-05));
#2568 = CARTESIAN_POINT('',(3.079864665,-1.380821249,1.E-04));
#2569 = CARTESIAN_POINT('',(3.079861237,-1.380819723,3.7485627E-02));
#2570 = CARTESIAN_POINT('',(3.076863583,-1.379485081,0.112270839));
#2571 = CARTESIAN_POINT('',(3.063392187,-1.373487229,0.223942512));
#2572 = CARTESIAN_POINT('',(3.027601933,-1.357552381,0.36976632));
#2573 = CARTESIAN_POINT('',(2.954071639,-1.324814585,0.541855254));
#2574 = CARTESIAN_POINT('',(2.826294174,-1.267924392,0.723465834));
#2575 = CARTESIAN_POINT('',(2.632019518,-1.181427742,0.886050204));
#2576 = CARTESIAN_POINT('',(2.405769543,-1.080694764,0.988260588));
#2577 = CARTESIAN_POINT('',(2.162973413,-0.972594962,1.023122647));
#2578 = CARTESIAN_POINT('',(1.920177282,-0.86449516,0.988260588));
#2579 = CARTESIAN_POINT('',(1.693927307,-0.763762181,0.886050204));
#2580 = CARTESIAN_POINT('',(1.499642049,-0.677260811,0.723456962));
#2581 = CARTESIAN_POINT('',(1.350561727,-0.610885975,0.511561324));
#2582 = CARTESIAN_POINT('',(1.256845919,-0.569161009,0.264803627));
#2583 = CARTESIAN_POINT('',(1.224881202,-0.5549294,0.));
#2584 = CARTESIAN_POINT('',(1.256845919,-0.569161009,-0.264803627));
#2585 = CARTESIAN_POINT('',(1.350561727,-0.610885975,-0.511561324));
#2586 = CARTESIAN_POINT('',(1.499642049,-0.677260811,-0.723456962));
#2587 = CARTESIAN_POINT('',(1.693927307,-0.763762181,-0.886050204));
#2588 = CARTESIAN_POINT('',(1.920177282,-0.86449516,-0.988260588));
#2589 = CARTESIAN_POINT('',(2.162973413,-0.972594962,-1.023122647));
#2590 = CARTESIAN_POINT('',(2.405769543,-1.080694764,-0.988260588));
#2591 = CARTESIAN_POINT('',(2.632019518,-1.181427742,-0.886050204));
#2592 = CARTESIAN_POINT('',(2.826304776,-1.267929113,-0.723456962));
#2593 = CARTESIAN_POINT('',(2.954087909,-1.324821829,-0.541832129));
#2594 = CARTESIAN_POINT('',(3.027618785,-1.357559884,-0.369726876));
#2595 = CARTESIAN_POINT('',(3.063405858,-1.373493315,-0.223886805));
#2596 = CARTESIAN_POINT('',(3.076872158,-1.379488899,-0.112199738));
#2597 = CARTESIAN_POINT('',(3.07986467,-1.380821251,-3.7399913E-02));
#2598 = CARTESIAN_POINT('',(3.07986467,-1.380821251,0.));
#2599 = CARTESIAN_POINT('',(3.337767046,-1.095128825,0.));
#2600 = CARTESIAN_POINT('',(3.337767046,-1.095128825,1.4286E-05));
#2601 = CARTESIAN_POINT('',(3.337767046,-1.095128825,2.8571E-05));
#2602 = CARTESIAN_POINT('',(3.337767046,-1.095128825,4.2857E-05));
#2603 = CARTESIAN_POINT('',(3.337767045,-1.095128825,5.7143E-05));
#2604 = CARTESIAN_POINT('',(3.337767044,-1.095128825,7.1429E-05));
#2605 = CARTESIAN_POINT('',(3.337767043,-1.095128824,8.5714E-05));
#2606 = CARTESIAN_POINT('',(3.337767042,-1.095128824,1.E-04));
#2607 = CARTESIAN_POINT('',(3.337763473,-1.095127664,3.7485627E-02));
#2608 = CARTESIAN_POINT('',(3.334642732,-1.094113674,0.112270839));
#2609 = CARTESIAN_POINT('',(3.320618187,-1.089556823,0.223942512));
#2610 = CARTESIAN_POINT('',(3.283358351,-1.077450369,0.36976632));
#2611 = CARTESIAN_POINT('',(3.206808832,-1.052577922,0.541855254));
#2612 = CARTESIAN_POINT('',(3.073784701,-1.009355762,0.723465834));
#2613 = CARTESIAN_POINT('',(2.87153294,-0.943640181,0.886050204));
#2614 = CARTESIAN_POINT('',(2.635992922,-0.86710859,0.988260588));
#2615 = CARTESIAN_POINT('',(2.383227349,-0.784980077,1.023122647));
#2616 = CARTESIAN_POINT('',(2.130461775,-0.702851563,0.988260588));
#2617 = CARTESIAN_POINT('',(1.894921758,-0.626319972,0.886050204));
#2618 = CARTESIAN_POINT('',(1.692658959,-0.560600805,0.723456962));
#2619 = CARTESIAN_POINT('',(1.537457255,-0.510172715,0.511561324));
#2620 = CARTESIAN_POINT('',(1.439893386,-0.478472292,0.264803627));
#2621 = CARTESIAN_POINT('',(1.406616167,-0.467659868,0.));
#2622 = CARTESIAN_POINT('',(1.439893386,-0.478472292,-0.264803627));
#2623 = CARTESIAN_POINT('',(1.537457255,-0.510172715,-0.511561324));
#2624 = CARTESIAN_POINT('',(1.692658959,-0.560600805,-0.723456962));
#2625 = CARTESIAN_POINT('',(1.894921758,-0.626319972,-0.886050204));
#2626 = CARTESIAN_POINT('',(2.130461775,-0.702851563,-0.988260588));
#2627 = CARTESIAN_POINT('',(2.383227349,-0.784980077,-1.023122647));
#2628 = CARTESIAN_POINT('',(2.635992922,-0.86710859,-0.988260588));
#2629 = CARTESIAN_POINT('',(2.87153294,-0.943640181,-0.886050204));
#2630 = CARTESIAN_POINT('',(3.073795738,-1.009359348,-0.723456962));
#2631 = CARTESIAN_POINT('',(3.20682577,-1.052583426,-0.541832129));
#2632 = CARTESIAN_POINT('',(3.283375895,-1.077456069,-0.369726876));
#2633 = CARTESIAN_POINT('',(3.32063242,-1.089561448,-0.223886805));
#2634 = CARTESIAN_POINT('',(3.33465166,-1.094116575,-0.112199738));
#2635 = CARTESIAN_POINT('',(3.337767046,-1.095128825,-3.7399913E-02));
#2636 = CARTESIAN_POINT('',(3.337767046,-1.095128825,0.));
#2637 = CARTESIAN_POINT('',(3.535813107,-0.814322033,0.));
#2638 = CARTESIAN_POINT('',(3.535813107,-0.814322033,1.4286E-05));
#2639 = CARTESIAN_POINT('',(3.535813107,-0.814322033,2.8571E-05));
#2640 = CARTESIAN_POINT('',(3.535813106,-0.814322033,4.2857E-05));
#2641 = CARTESIAN_POINT('',(3.535813106,-0.814322033,5.7143E-05));
#2642 = CARTESIAN_POINT('',(3.535813105,-0.814322033,7.1429E-05));
#2643 = CARTESIAN_POINT('',(3.535813103,-0.814322032,8.5714E-05));
#2644 = CARTESIAN_POINT('',(3.535813102,-0.814322032,1.E-04));
#2645 = CARTESIAN_POINT('',(3.535809446,-0.814321198,3.7485627E-02));
#2646 = CARTESIAN_POINT('',(3.53261251,-0.813591574,0.112270839));
#2647 = CARTESIAN_POINT('',(3.518245543,-0.810312661,0.223942512));
#2648 = CARTESIAN_POINT('',(3.480075973,-0.801601378,0.36976632));
#2649 = CARTESIAN_POINT('',(3.401657426,-0.783704238,0.541855254));
#2650 = CARTESIAN_POINT('',(3.265385387,-0.752603435,0.723465834));
#2651 = CARTESIAN_POINT('',(3.058195461,-0.705317336,0.886050204));
#2652 = CARTESIAN_POINT('',(2.816904515,-0.650248503,0.988260588));
#2653 = CARTESIAN_POINT('',(2.557967435,-0.591152366,1.023122647));
#2654 = CARTESIAN_POINT('',(2.299030355,-0.532056229,0.988260588));
#2655 = CARTESIAN_POINT('',(2.057739408,-0.476987396,0.886050204));
#2656 = CARTESIAN_POINT('',(1.850538176,-0.429698717,0.723456962));
#2657 = CARTESIAN_POINT('',(1.691547078,-0.393412837,0.511561324));
#2658 = CARTESIAN_POINT('',(1.591601095,-0.370602579,0.264803627));
#2659 = CARTESIAN_POINT('',(1.557511382,-0.362822425,0.));
#2660 = CARTESIAN_POINT('',(1.591601095,-0.370602579,-0.264803627));
#2661 = CARTESIAN_POINT('',(1.691547078,-0.393412837,-0.511561324));
#2662 = CARTESIAN_POINT('',(1.850538176,-0.429698717,-0.723456962));
#2663 = CARTESIAN_POINT('',(2.057739408,-0.476987396,-0.886050204));
#2664 = CARTESIAN_POINT('',(2.299030355,-0.532056229,-0.988260588));
#2665 = CARTESIAN_POINT('',(2.557967435,-0.591152366,-1.023122647));
#2666 = CARTESIAN_POINT('',(2.816904515,-0.650248503,-0.988260588));
#2667 = CARTESIAN_POINT('',(3.058195461,-0.705317336,-0.886050204));
#2668 = CARTESIAN_POINT('',(3.265396694,-0.752606015,-0.723456962));
#2669 = CARTESIAN_POINT('',(3.401674778,-0.783708198,-0.541832129));
#2670 = CARTESIAN_POINT('',(3.480093946,-0.80160548,-0.369726876));
#2671 = CARTESIAN_POINT('',(3.518260122,-0.810315988,-0.223886805));
#2672 = CARTESIAN_POINT('',(3.532621655,-0.813593661,-0.112199738));
#2673 = CARTESIAN_POINT('',(3.535813107,-0.814322033,-3.7399913E-02));
#2674 = CARTESIAN_POINT('',(3.535813107,-0.814322033,0.));
#2675 = CARTESIAN_POINT('',(3.659293406,-0.554846707,0.));
#2676 = CARTESIAN_POINT('',(3.659293406,-0.554846707,1.4286E-05));
#2677 = CARTESIAN_POINT('',(3.659293406,-0.554846707,2.8571E-05));
#2678 = CARTESIAN_POINT('',(3.659293405,-0.554846707,4.2857E-05));
#2679 = CARTESIAN_POINT('',(3.659293405,-0.554846707,5.7143E-05));
#2680 = CARTESIAN_POINT('',(3.659293404,-0.554846707,7.1429E-05));
#2681 = CARTESIAN_POINT('',(3.659293403,-0.554846707,8.5714E-05));
#2682 = CARTESIAN_POINT('',(3.659293401,-0.554846707,1.E-04));
#2683 = CARTESIAN_POINT('',(3.659289697,-0.554846148,3.7485627E-02));
#2684 = CARTESIAN_POINT('',(3.656050196,-0.554357946,0.112270839));
#2685 = CARTESIAN_POINT('',(3.641491944,-0.552163975,0.223942512));
#2686 = CARTESIAN_POINT('',(3.602814176,-0.546335123,0.36976632));
#2687 = CARTESIAN_POINT('',(3.523351549,-0.534359874,0.541855254));
#2688 = CARTESIAN_POINT('',(3.385265156,-0.513549853,0.723465834));
#2689 = CARTESIAN_POINT('',(3.175316659,-0.481910003,0.886050204));
#2690 = CARTESIAN_POINT('',(2.930813115,-0.445062607,0.988260588));
#2691 = CARTESIAN_POINT('',(2.668428493,-0.405520481,1.023122647));
#2692 = CARTESIAN_POINT('',(2.40604387,-0.365978355,0.988260588));
#2693 = CARTESIAN_POINT('',(2.161540326,-0.329130959,0.886050204));
#2694 = CARTESIAN_POINT('',(1.951580373,-0.297489383,0.723456962));
#2695 = CARTESIAN_POINT('',(1.790472435,-0.273209948,0.511561324));
#2696 = CARTESIAN_POINT('',(1.689195751,-0.257947257,0.264803627));
#2697 = CARTESIAN_POINT('',(1.65465216,-0.252741437,0.));
#2698 = CARTESIAN_POINT('',(1.689195751,-0.257947257,-0.264803627));
#2699 = CARTESIAN_POINT('',(1.790472435,-0.273209948,-0.511561324));
#2700 = CARTESIAN_POINT('',(1.951580373,-0.297489383,-0.723456962));
#2701 = CARTESIAN_POINT('',(2.161540326,-0.329130959,-0.886050204));
#2702 = CARTESIAN_POINT('',(2.40604387,-0.365978355,-0.988260588));
#2703 = CARTESIAN_POINT('',(2.668428493,-0.405520481,-1.023122647));
#2704 = CARTESIAN_POINT('',(2.930813115,-0.445062607,-0.988260588));
#2705 = CARTESIAN_POINT('',(3.175316659,-0.481910003,-0.886050204));
#2706 = CARTESIAN_POINT('',(3.385276613,-0.513551579,-0.723456962));
#2707 = CARTESIAN_POINT('',(3.523369131,-0.534362524,-0.541832129));
#2708 = CARTESIAN_POINT('',(3.602832388,-0.546337868,-0.369726876));
#2709 = CARTESIAN_POINT('',(3.641506717,-0.552166202,-0.223886805));
#2710 = CARTESIAN_POINT('',(3.656059463,-0.554359343,-0.112199738));
#2711 = CARTESIAN_POINT('',(3.659293406,-0.554846707,-3.7399913E-02));
#2712 = CARTESIAN_POINT('',(3.659293406,-0.554846707,0.));
#2713 = CARTESIAN_POINT('',(3.721278896,-0.335860965,0.));
#2714 = CARTESIAN_POINT('',(3.721278896,-0.335860965,1.4286E-05));
#2715 = CARTESIAN_POINT('',(3.721278896,-0.335860965,2.8571E-05));
#2716 = CARTESIAN_POINT('',(3.721278895,-0.335860965,4.2857E-05));
#2717 = CARTESIAN_POINT('',(3.721278895,-0.335860965,5.7143E-05));
#2718 = CARTESIAN_POINT('',(3.721278894,-0.335860965,7.1429E-05));
#2719 = CARTESIAN_POINT('',(3.721278893,-0.335860965,8.5714E-05));
#2720 = CARTESIAN_POINT('',(3.721278891,-0.335860965,1.E-04));
#2721 = CARTESIAN_POINT('',(3.721275163,-0.33586063,3.7485627E-02));
#2722 = CARTESIAN_POINT('',(3.718015186,-0.335567279,0.112270839));
#2723 = CARTESIAN_POINT('',(3.703364916,-0.334248968,0.223942512));
#2724 = CARTESIAN_POINT('',(3.664442677,-0.330746534,0.36976632));
#2725 = CARTESIAN_POINT('',(3.584477788,-0.323550859,0.541855254));
#2726 = CARTESIAN_POINT('',(3.44551859,-0.311046556,0.723465834));
#2727 = CARTESIAN_POINT('',(3.234243068,-0.292034838,0.886050204));
#2728 = CARTESIAN_POINT('',(2.988194085,-0.269894016,0.988260588));
#2729 = CARTESIAN_POINT('',(2.724151003,-0.246133986,1.023122647));
#2730 = CARTESIAN_POINT('',(2.460107921,-0.222373957,0.988260588));
#2731 = CARTESIAN_POINT('',(2.214058939,-0.200233134,0.886050204));
#2732 = CARTESIAN_POINT('',(2.002771887,-0.181220378,0.723456962));
#2733 = CARTESIAN_POINT('',(1.840645631,-0.166631378,0.511561324));
#2734 = CARTESIAN_POINT('',(1.738728805,-0.157460349,0.264803627));
#2735 = CARTESIAN_POINT('',(1.703966874,-0.154332282,0.));
#2736 = CARTESIAN_POINT('',(1.738728805,-0.157460349,-0.264803627));
#2737 = CARTESIAN_POINT('',(1.840645631,-0.166631378,-0.511561324));
#2738 = CARTESIAN_POINT('',(2.002771887,-0.181220378,-0.723456962));
#2739 = CARTESIAN_POINT('',(2.214058939,-0.200233134,-0.886050204));
#2740 = CARTESIAN_POINT('',(2.460107921,-0.222373957,-0.988260588));
#2741 = CARTESIAN_POINT('',(2.724151003,-0.246133986,-1.023122647));
#2742 = CARTESIAN_POINT('',(2.988194085,-0.269894016,-0.988260588));
#2743 = CARTESIAN_POINT('',(3.234243068,-0.292034838,-0.886050204));
#2744 = CARTESIAN_POINT('',(3.445530119,-0.311047594,-0.723456962));
#2745 = CARTESIAN_POINT('',(3.584495482,-0.323552451,-0.541832129));
#2746 = CARTESIAN_POINT('',(3.664461004,-0.330748183,-0.369726876));
#2747 = CARTESIAN_POINT('',(3.703379783,-0.334250306,-0.223886805));
#2748 = CARTESIAN_POINT('',(3.718024512,-0.335568118,-0.112199738));
#2749 = CARTESIAN_POINT('',(3.721278896,-0.335860965,-3.7399913E-02));
#2750 = CARTESIAN_POINT('',(3.721278896,-0.335860965,0.));
#2751 = CARTESIAN_POINT('',(3.744777981,-0.1682996,0.));
#2752 = CARTESIAN_POINT('',(3.744777981,-0.1682996,1.4286E-05));
#2753 = CARTESIAN_POINT('',(3.744777981,-0.1682996,2.8571E-05));
#2754 = CARTESIAN_POINT('',(3.74477798,-0.1682996,4.2857E-05));
#2755 = CARTESIAN_POINT('',(3.74477798,-0.1682996,5.7143E-05));
#2756 = CARTESIAN_POINT('',(3.744777979,-0.1682996,7.1429E-05));
#2757 = CARTESIAN_POINT('',(3.744777978,-0.1682996,8.5714E-05));
#2758 = CARTESIAN_POINT('',(3.744777976,-0.1682996,1.E-04));
#2759 = CARTESIAN_POINT('',(3.74477424,-0.168299432,3.7485627E-02));
#2760 = CARTESIAN_POINT('',(3.74150658,-0.168152703,0.112270839));
#2761 = CARTESIAN_POINT('',(3.726821783,-0.167493307,0.223942512));
#2762 = CARTESIAN_POINT('',(3.687807817,-0.165741449,0.36976632));
#2763 = CARTESIAN_POINT('',(3.607654478,-0.162142297,0.541855254));
#2764 = CARTESIAN_POINT('',(3.468367798,-0.155887859,0.723465834));
#2765 = CARTESIAN_POINT('',(3.256594368,-0.146378524,0.886050204));
#2766 = CARTESIAN_POINT('',(3.009965528,-0.135304064,0.988260588));
#2767 = CARTESIAN_POINT('',(2.745300182,-0.123419705,1.023122647));
#2768 = CARTESIAN_POINT('',(2.480634837,-0.111535346,0.988260588));
#2769 = CARTESIAN_POINT('',(2.234005997,-0.100460887,0.886050204));
#2770 = CARTESIAN_POINT('',(2.022221011,-9.0951033E-02,0.723456962));
#2771 = CARTESIAN_POINT('',(1.859712675,-8.3653865E-02,0.511561324));
#2772 = CARTESIAN_POINT('',(1.757555665,-7.9066674E-02,0.264803627));
#2773 = CARTESIAN_POINT('',(1.722711811,-7.7502068E-02,0.));
#2774 = CARTESIAN_POINT('',(1.757555665,-7.9066674E-02,-0.264803627));
#2775 = CARTESIAN_POINT('',(1.859712675,-8.3653865E-02,-0.511561324));
#2776 = CARTESIAN_POINT('',(2.022221011,-9.0951033E-02,-0.723456962));
#2777 = CARTESIAN_POINT('',(2.234005997,-0.100460887,-0.886050204));
#2778 = CARTESIAN_POINT('',(2.480634837,-0.111535346,-0.988260588));
#2779 = CARTESIAN_POINT('',(2.745300182,-0.123419705,-1.023122647));
#2780 = CARTESIAN_POINT('',(3.009965528,-0.135304064,-0.988260588));
#2781 = CARTESIAN_POINT('',(3.256594368,-0.146378524,-0.886050204));
#2782 = CARTESIAN_POINT('',(3.468379354,-0.155888378,-0.723456962));
#2783 = CARTESIAN_POINT('',(3.607672213,-0.162143093,-0.541832129));
#2784 = CARTESIAN_POINT('',(3.687826188,-0.165742274,-0.369726876));
#2785 = CARTESIAN_POINT('',(3.726836685,-0.167493976,-0.223886805));
#2786 = CARTESIAN_POINT('',(3.741515927,-0.168153123,-0.112199738));
#2787 = CARTESIAN_POINT('',(3.744777981,-0.1682996,-3.7399913E-02));
#2788 = CARTESIAN_POINT('',(3.744777981,-0.1682996,0.));
#2789 = CARTESIAN_POINT('',(3.75,-5.6099867E-02,0.));
#2790 = CARTESIAN_POINT('',(3.75,-5.6099867E-02,1.4286E-05));
#2791 = CARTESIAN_POINT('',(3.75,-5.6099867E-02,2.8571E-05));
#2792 = CARTESIAN_POINT('',(3.749999999,-5.6099867E-02,4.2857E-05));
#2793 = CARTESIAN_POINT('',(3.749999999,-5.6099867E-02,5.7143E-05));
#2794 = CARTESIAN_POINT('',(3.749999998,-5.6099867E-02,7.1429E-05));
#2795 = CARTESIAN_POINT('',(3.749999996,-5.6099867E-02,8.5714E-05));
#2796 = CARTESIAN_POINT('',(3.749999995,-5.6099867E-02,1.E-04));
#2797 = CARTESIAN_POINT('',(3.749996256,-5.6099811E-02,3.7485627E-02));
#2798 = CARTESIAN_POINT('',(3.74672689,-5.6050901E-02,0.112270839));
#2799 = CARTESIAN_POINT('',(3.73203442,-5.5831102E-02,0.223942512));
#2800 = CARTESIAN_POINT('',(3.693000071,-5.524715E-02,0.36976632));
#2801 = CARTESIAN_POINT('',(3.612804853,-5.4047432E-02,0.541855254));
#2802 = CARTESIAN_POINT('',(3.473445399,-5.196262E-02,0.723465834));
#2803 = CARTESIAN_POINT('',(3.261561324,-4.8792841E-02,0.886050204));
#2804 = CARTESIAN_POINT('',(3.014803627,-4.5101355E-02,0.988260588));
#2805 = CARTESIAN_POINT('',(2.75,-4.1139902E-02,1.023122647));
#2806 = CARTESIAN_POINT('',(2.485196373,-3.7178449E-02,0.988260588));
#2807 = CARTESIAN_POINT('',(2.238438676,-3.3486962E-02,0.886050204));
#2808 = CARTESIAN_POINT('',(2.026543038,-3.0317011E-02,0.723456962));
#2809 = CARTESIAN_POINT('',(1.863949796,-2.7884622E-02,0.511561324));
#2810 = CARTESIAN_POINT('',(1.761739412,-2.6355558E-02,0.264803627));
#2811 = CARTESIAN_POINT('',(1.726877353,-2.5834023E-02,0.));
#2812 = CARTESIAN_POINT('',(1.761739412,-2.6355558E-02,-0.264803627));
#2813 = CARTESIAN_POINT('',(1.863949796,-2.7884622E-02,-0.511561324));
#2814 = CARTESIAN_POINT('',(2.026543038,-3.0317011E-02,-0.723456962));
#2815 = CARTESIAN_POINT('',(2.238438676,-3.3486962E-02,-0.886050204));
#2816 = CARTESIAN_POINT('',(2.485196373,-3.7178449E-02,-0.988260588));
#2817 = CARTESIAN_POINT('',(2.75,-4.1139902E-02,-1.023122647));
#2818 = CARTESIAN_POINT('',(3.014803627,-4.5101355E-02,-0.988260588));
#2819 = CARTESIAN_POINT('',(3.261561324,-4.8792841E-02,-0.886050204));
#2820 = CARTESIAN_POINT('',(3.473456962,-5.1962793E-02,-0.723456962));
#2821 = CARTESIAN_POINT('',(3.612822598,-5.4047698E-02,-0.541832129));
#2822 = CARTESIAN_POINT('',(3.693018451,-5.5247425E-02,-0.369726876));
#2823 = CARTESIAN_POINT('',(3.73204933,-5.5831325E-02,-0.223886805));
#2824 = CARTESIAN_POINT('',(3.746736242,-5.6051041E-02,-0.112199738));
#2825 = CARTESIAN_POINT('',(3.75,-5.6099867E-02,-3.7399913E-02));
#2826 = CARTESIAN_POINT('',(3.75,-5.6099867E-02,0.));
#2827 = CARTESIAN_POINT('',(3.75,0.,0.));
#2828 = CARTESIAN_POINT('',(3.75,0.,1.4286E-05));
#2829 = CARTESIAN_POINT('',(3.75,0.,2.8571E-05));
#2830 = CARTESIAN_POINT('',(3.749999999,0.,4.2857E-05));
#2831 = CARTESIAN_POINT('',(3.749999999,0.,5.7143E-05));
#2832 = CARTESIAN_POINT('',(3.749999998,0.,7.1429E-05));
#2833 = CARTESIAN_POINT('',(3.749999996,0.,8.5714E-05));
#2834 = CARTESIAN_POINT('',(3.749999995,0.,1.E-04));
#2835 = CARTESIAN_POINT('',(3.749996256,0.,3.7485627E-02));
#2836 = CARTESIAN_POINT('',(3.74672689,0.,0.112270839));
#2837 = CARTESIAN_POINT('',(3.73203442,0.,0.223942512));
#2838 = CARTESIAN_POINT('',(3.693000071,0.,0.36976632));
#2839 = CARTESIAN_POINT('',(3.612804853,0.,0.541855254));
#2840 = CARTESIAN_POINT('',(3.473445399,0.,0.723465834));
#2841 = CARTESIAN_POINT('',(3.261561324,0.,0.886050204));
#2842 = CARTESIAN_POINT('',(3.014803627,0.,0.988260588));
#2843 = CARTESIAN_POINT('',(2.75,0.,1.023122647));
#2844 = CARTESIAN_POINT('',(2.485196373,0.,0.988260588));
#2845 = CARTESIAN_POINT('',(2.238438676,0.,0.886050204));
#2846 = CARTESIAN_POINT('',(2.026543038,0.,0.723456962));
#2847 = CARTESIAN_POINT('',(1.863949796,0.,0.511561324));
#2848 = CARTESIAN_POINT('',(1.761739412,0.,0.264803627));
#2849 = CARTESIAN_POINT('',(1.726877353,0.,0.));
#2850 = CARTESIAN_POINT('',(1.761739412,0.,-0.264803627));
#2851 = CARTESIAN_POINT('',(1.863949796,0.,-0.511561324));
#2852 = CARTESIAN_POINT('',(2.026543038,0.,-0.723456962));
#2853 = CARTESIAN_POINT('',(2.238438676,0.,-0.886050204));
#2854 = CARTESIAN_POINT('',(2.485196373,0.,-0.988260588));
#2855 = CARTESIAN_POINT('',(2.75,0.,-1.023122647));
#2856 = CARTESIAN_POINT('',(3.014803627,0.,-0.988260588));
#2857 = CARTESIAN_POINT('',(3.261561324,0.,-0.886050204));
#2858 = CARTESIAN_POINT('',(3.473456962,0.,-0.723456962));
#2859 = CARTESIAN_POINT('',(3.612822598,0.,-0.541832129));
#2860 = CARTESIAN_POINT('',(3.693018451,0.,-0.369726876));
#2861 = CARTESIAN_POINT('',(3.73204933,0.,-0.223886805));
#2862 = CARTESIAN_POINT('',(3.746736242,0.,-0.112199738));
#2863 = CARTESIAN_POINT('',(3.75,0.,-3.7399913E-02));
#2864 = CARTESIAN_POINT('',(3.75,0.,0.));
#2865 = DEFINITIONAL_REPRESENTATION('',(#2866),#2914);
#2866 = B_SPLINE_CURVE_WITH_KNOTS('',3,(#2867,#2868,#2869,#2870,#2871,
    #2872,#2873,#2874,#2875,#2876,#2877,#2878,#2879,#2880,#2881,#2882,
    #2883,#2884,#2885,#2886,#2887,#2888,#2889,#2890,#2891,#2892,#2893,
    #2894,#2895,#2896,#2897,#2898,#2899,#2900,#2901,#2902,#2903,#2904,
    #2905,#2906,#2907,#2908,#2909,#2910,#2911,#2912,#2913),
  .UNSPECIFIED.,.T.,.F.,(4,1,1,1,1,1,1,1,1,1,1,1,1,1,1,1,1,1,1,1,1,1,1,1
    ,1,1,1,1,1,1,1,1,1,1,1,1,1,1,1,1,1,1,1,1,4),(0.,7.105886363636E-06,
    1.421177272727E-05,2.131765909091E-05,2.842354545455E-05,
    3.552943181818E-05,4.263531818182E-05,4.974120454545E-05,
    5.684709090909E-05,6.395297727273E-05,7.105886363636E-05,
    7.816475E-05,8.527063636364E-05,9.237652272727E-05,
    9.948240909091E-05,1.065882954545E-04,1.136941818182E-04,
    1.208000681818E-04,1.279059545455E-04,1.350118409091E-04,
    1.421177272727E-04,1.492236136364E-04,1.563295E-04,
    1.634353863636E-04,1.705412727273E-04,1.776471590909E-04,
    1.847530454545E-04,1.918589318182E-04,1.989648181818E-04,
    2.060707045455E-04,2.131765909091E-04,2.202824772727E-04,
    2.273883636364E-04,2.3449425E-04,2.416001363636E-04,
    2.487060227273E-04,2.558119090909E-04,2.629177954545E-04,
    2.700236818182E-04,2.771295681818E-04,2.842354545455E-04,
    2.913413409091E-04,2.984472272727E-04,3.055531136364E-04,3.12659E-04
    ),.QUASI_UNIFORM_KNOTS.);
#2867 = CARTESIAN_POINT('',(37.,25.191065598696));
#2868 = CARTESIAN_POINT('',(37.009975546056,25.191066315981));
#2869 = CARTESIAN_POINT('',(37.029847454431,25.189643935122));
#2870 = CARTESIAN_POINT('',(37.058941107571,25.183481375049));
#2871 = CARTESIAN_POINT('',(37.086847066327,25.173529771363));
#2872 = CARTESIAN_POINT('',(37.113080739371,25.160037862411));
#2873 = CARTESIAN_POINT('',(37.137154704741,25.143270124241));
#2874 = CARTESIAN_POINT('',(37.158550462701,25.123462312437));
#2875 = CARTESIAN_POINT('',(37.176775001779,25.101010829453));
#2876 = CARTESIAN_POINT('',(37.1916070421,25.076513209591));
#2877 = CARTESIAN_POINT('',(37.202763801913,25.050523972001));
#2878 = CARTESIAN_POINT('',(37.209969543861,25.023606591154));
#2879 = CARTESIAN_POINT('',(37.212919704315,24.99630777991));
#2880 = CARTESIAN_POINT('',(37.21136606098,24.969196106553));
#2881 = CARTESIAN_POINT('',(37.205499887408,24.942781595789));
#2882 = CARTESIAN_POINT('',(37.195456550357,24.917532408165));
#2883 = CARTESIAN_POINT('',(37.181387748076,24.893917694838));
#2884 = CARTESIAN_POINT('',(37.163474830456,24.872397142791));
#2885 = CARTESIAN_POINT('',(37.141817376853,24.853424249655));
#2886 = CARTESIAN_POINT('',(37.117166982171,24.837619377931));
#2887 = CARTESIAN_POINT('',(37.090087258822,24.825050494233));
#2888 = CARTESIAN_POINT('',(37.061154152706,24.815873230529));
#2889 = CARTESIAN_POINT('',(37.030957631959,24.810234665468));
#2890 = CARTESIAN_POINT('',(37.000081126338,24.808283633479));
#2891 = CARTESIAN_POINT('',(36.969169119854,24.810237268891));
#2892 = CARTESIAN_POINT('',(36.938906026569,24.815925849707));
#2893 = CARTESIAN_POINT('',(36.909917967031,24.825134614911));
#2894 = CARTESIAN_POINT('',(36.882839206003,24.837679464666));
#2895 = CARTESIAN_POINT('',(36.858276116113,24.853370375631));
#2896 = CARTESIAN_POINT('',(36.836871519834,24.872069424421));
#2897 = CARTESIAN_POINT('',(36.819002782338,24.893397723904));
#2898 = CARTESIAN_POINT('',(36.80486937498,24.916896490762));
#2899 = CARTESIAN_POINT('',(36.794698119224,24.942132265528));
#2900 = CARTESIAN_POINT('',(36.788694828964,24.968636303128));
#2901 = CARTESIAN_POINT('',(36.787064049788,24.996016789213));
#2902 = CARTESIAN_POINT('',(36.789991451603,25.023563886937));
#2903 = CARTESIAN_POINT('',(36.797169124152,25.050540740527));
#2904 = CARTESIAN_POINT('',(36.808308102969,25.076511308231));
#2905 = CARTESIAN_POINT('',(36.82312801205,25.100949289719));
#2906 = CARTESIAN_POINT('',(36.841347355076,25.123352238328));
#2907 = CARTESIAN_POINT('',(36.862741445428,25.143188265706));
#2908 = CARTESIAN_POINT('',(36.886833079126,25.159979985805));
#2909 = CARTESIAN_POINT('',(36.913093929863,25.173495091024));
#2910 = CARTESIAN_POINT('',(36.941029168796,25.18346545025));
#2911 = CARTESIAN_POINT('',(36.97014625357,25.189640738503));
#2912 = CARTESIAN_POINT('',(36.990024731117,25.191066329642));
#2913 = CARTESIAN_POINT('',(37.,25.191065598696));
#2914 = ( GEOMETRIC_REPRESENTATION_CONTEXT(2) 
PARAMETRIC_REPRESENTATION_CONTEXT() REPRESENTATION_CONTEXT('2D SPACE',''
  ) );
#2915 = PCURVE('',#2916,#2921);
#2916 = CYLINDRICAL_SURFACE('',#2917,5.E-02);
#2917 = AXIS2_PLACEMENT_3D('',#2918,#2919,#2920);
#2918 = CARTESIAN_POINT('',(-2.25,0.,-0.85));
#2919 = DIRECTION('',(0.,0.,-1.));
#2920 = DIRECTION('',(-1.,0.,0.));
#2921 = DEFINITIONAL_REPRESENTATION('',(#2922),#2970);
#2922 = B_SPLINE_CURVE_WITH_KNOTS('',3,(#2923,#2924,#2925,#2926,#2927,
    #2928,#2929,#2930,#2931,#2932,#2933,#2934,#2935,#2936,#2937,#2938,
    #2939,#2940,#2941,#2942,#2943,#2944,#2945,#2946,#2947,#2948,#2949,
    #2950,#2951,#2952,#2953,#2954,#2955,#2956,#2957,#2958,#2959,#2960,
    #2961,#2962,#2963,#2964,#2965,#2966,#2967,#2968,#2969),
  .UNSPECIFIED.,.F.,.F.,(4,1,1,1,1,1,1,1,1,1,1,1,1,1,1,1,1,1,1,1,1,1,1,1
    ,1,1,1,1,1,1,1,1,1,1,1,1,1,1,1,1,1,1,1,1,4),(0.,7.105886363636E-06,
    1.421177272727E-05,2.131765909091E-05,2.842354545455E-05,
    3.552943181818E-05,4.263531818182E-05,4.974120454545E-05,
    5.684709090909E-05,6.395297727273E-05,7.105886363636E-05,
    7.816475E-05,8.527063636364E-05,9.237652272727E-05,
    9.948240909091E-05,1.065882954545E-04,1.136941818182E-04,
    1.208000681818E-04,1.279059545455E-04,1.350118409091E-04,
    1.421177272727E-04,1.492236136364E-04,1.563295E-04,
    1.634353863636E-04,1.705412727273E-04,1.776471590909E-04,
    1.847530454545E-04,1.918589318182E-04,1.989648181818E-04,
    2.060707045455E-04,2.131765909091E-04,2.202824772727E-04,
    2.273883636364E-04,2.3449425E-04,2.416001363636E-04,
    2.487060227273E-04,2.558119090909E-04,2.629177954545E-04,
    2.700236818182E-04,2.771295681818E-04,2.842354545455E-04,
    2.913413409091E-04,2.984472272727E-04,3.055531136364E-04,3.12659E-04
    ),.QUASI_UNIFORM_KNOTS.);
#2923 = CARTESIAN_POINT('',(6.28318530718,0.148749218));
#2924 = CARTESIAN_POINT('',(6.235158362956,0.148749218));
#2925 = CARTESIAN_POINT('',(6.139381263199,0.148769820055));
#2926 = CARTESIAN_POINT('',(5.996319309716,0.148851989171));
#2927 = CARTESIAN_POINT('',(5.853542639411,0.148974851098));
#2928 = CARTESIAN_POINT('',(5.71105394,0.149127948447));
#2929 = CARTESIAN_POINT('',(5.568826653653,0.149300393574));
#2930 = CARTESIAN_POINT('',(5.426572459766,0.149482904032));
#2931 = CARTESIAN_POINT('',(5.2840201633,0.149651388567));
#2932 = CARTESIAN_POINT('',(5.141080655888,0.149797932538));
#2933 = CARTESIAN_POINT('',(4.998048578571,0.149912686724));
#2934 = CARTESIAN_POINT('',(4.85527969975,0.149986428647));
#2935 = CARTESIAN_POINT('',(4.71290517838,0.150009363438));
#2936 = CARTESIAN_POINT('',(4.570690910059,0.149973359043));
#2937 = CARTESIAN_POINT('',(4.428306401908,0.149889471731));
#2938 = CARTESIAN_POINT('',(4.285641368617,0.149767171135));
#2939 = CARTESIAN_POINT('',(4.142712384343,0.149616238063));
#2940 = CARTESIAN_POINT('',(3.99952374471,0.149446795257));
#2941 = CARTESIAN_POINT('',(3.855451620205,0.149267286547));
#2942 = CARTESIAN_POINT('',(3.712263164985,0.14910185879));
#2943 = CARTESIAN_POINT('',(3.569333588869,0.148957557702));
#2944 = CARTESIAN_POINT('',(3.426658904199,0.148843425881));
#2945 = CARTESIAN_POINT('',(3.284248796365,0.148768001507));
#2946 = CARTESIAN_POINT('',(3.141966280858,0.148739843549));
#2947 = CARTESIAN_POINT('',(2.999521245664,0.148767932245));
#2948 = CARTESIAN_POINT('',(2.856724096556,0.148843683015));
#2949 = CARTESIAN_POINT('',(2.713685458574,0.148958016032));
#2950 = CARTESIAN_POINT('',(2.570762506976,0.149102090383));
#2951 = CARTESIAN_POINT('',(2.428245602031,0.149266604747));
#2952 = CARTESIAN_POINT('',(2.286062128581,0.149443860528));
#2953 = CARTESIAN_POINT('',(2.143815497231,0.149612782341));
#2954 = CARTESIAN_POINT('',(2.001274051314,0.149764139933));
#2955 = CARTESIAN_POINT('',(1.858444190941,0.149887462587));
#2956 = CARTESIAN_POINT('',(1.715447901133,0.149972534537));
#2957 = CARTESIAN_POINT('',(1.571794276535,0.150009360675));
#2958 = CARTESIAN_POINT('',(1.428134451053,0.149986808314));
#2959 = CARTESIAN_POINT('',(1.285124424325,0.14991338694));
#2960 = CARTESIAN_POINT('',(1.142270531498,0.149798808364));
#2961 = CARTESIAN_POINT('',(0.999680397852,0.149652336215));
#2962 = CARTESIAN_POINT('',(0.857354290637,0.149483824515));
#2963 = CARTESIAN_POINT('',(0.714999517291,0.149301213901));
#2964 = CARTESIAN_POINT('',(0.572636627178,0.149128588636));
#2965 = CARTESIAN_POINT('',(0.429972402598,0.148975272541));
#2966 = CARTESIAN_POINT('',(0.287024655403,0.148852197938));
#2967 = CARTESIAN_POINT('',(0.143835186558,0.148769866005));
#2968 = CARTESIAN_POINT('',(4.802477085726E-02,0.148749218));
#2969 = CARTESIAN_POINT('',(8.881784197001E-16,0.148749218));
#2970 = ( GEOMETRIC_REPRESENTATION_CONTEXT(2) 
PARAMETRIC_REPRESENTATION_CONTEXT() REPRESENTATION_CONTEXT('2D SPACE',''
  ) );
#2971 = FACE_BOUND('',#2972,.T.);
#2972 = EDGE_LOOP('',(#2973));
#2973 = ORIENTED_EDGE('',*,*,#2974,.T.);
#2974 = EDGE_CURVE('',#2975,#2975,#2977,.T.);
#2975 = VERTEX_POINT('',#2976);
#2976 = CARTESIAN_POINT('',(-0.695288237,2.189877162,0.998872974));
#2977 = SURFACE_CURVE('',#2978,(#3004,#3055),.PCURVE_S1.);
#2978 = B_SPLINE_CURVE_WITH_KNOTS('',3,(#2979,#2980,#2981,#2982,#2983,
    #2984,#2985,#2986,#2987,#2988,#2989,#2990,#2991,#2992,#2993,#2994,
    #2995,#2996,#2997,#2998,#2999,#3000,#3001,#3002,#3003),
  .UNSPECIFIED.,.T.,.F.,(1,3,3,3,3,3,3,3,3,3,1),(-3.9082E-05,0.,
    3.9082E-05,7.8164E-05,1.17246E-04,1.56329E-04,1.95411E-04,
    2.34493E-04,2.73575E-04,3.12657E-04,3.51739E-04),.UNSPECIFIED.);
#2979 = CARTESIAN_POINT('',(-0.695288237,2.189877162,0.998872974));
#2980 = CARTESIAN_POINT('',(-0.682074649,2.189877162,0.999073925));
#2981 = CARTESIAN_POINT('',(-0.6691579,2.184457644,0.999499643));
#2982 = CARTESIAN_POINT('',(-0.659932625,2.175232228,0.999759371));
#2983 = CARTESIAN_POINT('',(-0.650707351,2.166006811,1.0000191));
#2984 = CARTESIAN_POINT('',(-0.645295299,2.152948248,1.000066995));
#2985 = CARTESIAN_POINT('',(-0.645288245,2.1399042,0.999866608));
#2986 = CARTESIAN_POINT('',(-0.645281191,2.126860153,0.999666221));
#2987 = CARTESIAN_POINT('',(-0.65058285,2.113881857,0.999256825));
#2988 = CARTESIAN_POINT('',(-0.659912305,2.104542427,0.998998141));
#2989 = CARTESIAN_POINT('',(-0.669241761,2.095202998,0.998739457));
#2990 = CARTESIAN_POINT('',(-0.682218177,2.089881818,0.998679102));
#2991 = CARTESIAN_POINT('',(-0.695270414,2.089877165,0.998863727));
#2992 = CARTESIAN_POINT('',(-0.708322651,2.089872512,0.999048352));
#2993 = CARTESIAN_POINT('',(-0.721377138,2.095274549,0.999453962));
#2994 = CARTESIAN_POINT('',(-0.730606886,2.10448517,0.999722701));
#2995 = CARTESIAN_POINT('',(-0.739836634,2.113695791,0.99999144));
#2996 = CARTESIAN_POINT('',(-0.745276156,2.126635346,1.000079033));
#2997 = CARTESIAN_POINT('',(-0.745288212,2.139827077,0.999894486));
#2998 = CARTESIAN_POINT('',(-0.745300269,2.153018809,0.99970994));
#2999 = CARTESIAN_POINT('',(-0.739896865,2.165963218,0.999288982));
#3000 = CARTESIAN_POINT('',(-0.730674146,2.175201905,0.999016652));
#3001 = CARTESIAN_POINT('',(-0.721451427,2.184440592,0.998744323));
#3002 = CARTESIAN_POINT('',(-0.708501879,2.189877162,0.998672023));
#3003 = CARTESIAN_POINT('',(-0.695288237,2.189877162,0.998872974));
#3004 = PCURVE('',#52,#3005);
#3005 = DEFINITIONAL_REPRESENTATION('',(#3006),#3054);
#3006 = B_SPLINE_CURVE_WITH_KNOTS('',3,(#3007,#3008,#3009,#3010,#3011,
    #3012,#3013,#3014,#3015,#3016,#3017,#3018,#3019,#3020,#3021,#3022,
    #3023,#3024,#3025,#3026,#3027,#3028,#3029,#3030,#3031,#3032,#3033,
    #3034,#3035,#3036,#3037,#3038,#3039,#3040,#3041,#3042,#3043,#3044,
    #3045,#3046,#3047,#3048,#3049,#3050,#3051,#3052,#3053),
  .UNSPECIFIED.,.T.,.F.,(4,1,1,1,1,1,1,1,1,1,1,1,1,1,1,1,1,1,1,1,1,1,1,1
    ,1,1,1,1,1,1,1,1,1,1,1,1,1,1,1,1,1,1,1,1,4),(0.,7.105840909091E-06,
    1.421168181818E-05,2.131752272727E-05,2.842336363636E-05,
    3.552920454545E-05,4.263504545455E-05,4.974088636364E-05,
    5.684672727273E-05,6.395256818182E-05,7.105840909091E-05,
    7.816425E-05,8.527009090909E-05,9.237593181818E-05,
    9.948177272727E-05,1.065876136364E-04,1.136934545455E-04,
    1.207992954545E-04,1.279051363636E-04,1.350109772727E-04,
    1.421168181818E-04,1.492226590909E-04,1.563285E-04,
    1.634343409091E-04,1.705401818182E-04,1.776460227273E-04,
    1.847518636364E-04,1.918577045455E-04,1.989635454545E-04,
    2.060693863636E-04,2.131752272727E-04,2.202810681818E-04,
    2.273869090909E-04,2.3449275E-04,2.415985909091E-04,
    2.487044318182E-04,2.558102727273E-04,2.629161136364E-04,
    2.700219545455E-04,2.771277954545E-04,2.842336363636E-04,
    2.913394772727E-04,2.984453181818E-04,3.055511590909E-04,3.12657E-04
    ),.QUASI_UNIFORM_KNOTS.);
#3007 = CARTESIAN_POINT('',(24.935782753043,12.818634763036));
#3008 = CARTESIAN_POINT('',(24.926266669985,12.821574679042));
#3009 = CARTESIAN_POINT('',(24.907741379085,12.828775417012));
#3010 = CARTESIAN_POINT('',(24.881870435515,12.843147907752));
#3011 = CARTESIAN_POINT('',(24.858307753485,12.860701494737));
#3012 = CARTESIAN_POINT('',(24.837462446054,12.881042227519));
#3013 = CARTESIAN_POINT('',(24.819746407487,12.903766715361));
#3014 = CARTESIAN_POINT('',(24.805614583918,12.92849861393));
#3015 = CARTESIAN_POINT('',(24.795453330628,12.954724497668));
#3016 = CARTESIAN_POINT('',(24.789307377795,12.981831008884));
#3017 = CARTESIAN_POINT('',(24.787290166989,13.009235824979));
#3018 = CARTESIAN_POINT('',(24.789497458475,13.036357393941));
#3019 = CARTESIAN_POINT('',(24.796049998935,13.062627470488));
#3020 = CARTESIAN_POINT('',(24.806992821032,13.087478616873));
#3021 = CARTESIAN_POINT('',(24.821952454963,13.110523019784));
#3022 = CARTESIAN_POINT('',(24.840615155002,13.131388029226));
#3023 = CARTESIAN_POINT('',(24.862641784631,13.149700254518));
#3024 = CARTESIAN_POINT('',(24.887660861156,13.165094848155));
#3025 = CARTESIAN_POINT('',(24.915375258285,13.177181671781));
#3026 = CARTESIAN_POINT('',(24.944799455027,13.185572858931));
#3027 = CARTESIAN_POINT('',(24.97532819198,13.190339897911));
#3028 = CARTESIAN_POINT('',(25.006321545566,13.191465634685));
#3029 = CARTESIAN_POINT('',(25.037140471905,13.188937237679));
#3030 = CARTESIAN_POINT('',(25.067161897219,13.1827331694));
#3031 = CARTESIAN_POINT('',(25.095700637824,13.172781216682));
#3032 = CARTESIAN_POINT('',(25.122181480611,13.159391535029));
#3033 = CARTESIAN_POINT('',(25.146114104418,13.142905709781));
#3034 = CARTESIAN_POINT('',(25.166999090089,13.123648052494));
#3035 = CARTESIAN_POINT('',(25.184372607868,13.101951022866));
#3036 = CARTESIAN_POINT('',(25.197723574334,13.078118353983));
#3037 = CARTESIAN_POINT('',(25.206868263292,13.052623856785));
#3038 = CARTESIAN_POINT('',(25.211815512078,13.025983919304));
#3039 = CARTESIAN_POINT('',(25.212531207613,12.998705240656));
#3040 = CARTESIAN_POINT('',(25.209004123368,12.971328019693));
#3041 = CARTESIAN_POINT('',(25.201187561897,12.944322020402));
#3042 = CARTESIAN_POINT('',(25.189151043591,12.918457015678));
#3043 = CARTESIAN_POINT('',(25.173416133319,12.894385592391));
#3044 = CARTESIAN_POINT('',(25.154374810802,12.872471244516));
#3045 = CARTESIAN_POINT('',(25.132435846792,12.853158527351));
#3046 = CARTESIAN_POINT('',(25.107997141233,12.836860833613));
#3047 = CARTESIAN_POINT('',(25.081409791628,12.82402736112));
#3048 = CARTESIAN_POINT('',(25.053246483442,12.814976694192));
#3049 = CARTESIAN_POINT('',(25.024052322486,12.809762021376));
#3050 = CARTESIAN_POINT('',(24.994359273484,12.808474572689));
#3051 = CARTESIAN_POINT('',(24.964698564349,12.811183760215));
#3052 = CARTESIAN_POINT('',(24.945299881127,12.815693596335));
#3053 = CARTESIAN_POINT('',(24.935782753043,12.818634763036));
#3054 = ( GEOMETRIC_REPRESENTATION_CONTEXT(2) 
PARAMETRIC_REPRESENTATION_CONTEXT() REPRESENTATION_CONTEXT('2D SPACE',''
  ) );
#3055 = PCURVE('',#3056,#3061);
#3056 = CYLINDRICAL_SURFACE('',#3057,5.E-02);
#3057 = AXIS2_PLACEMENT_3D('',#3058,#3059,#3060);
#3058 = CARTESIAN_POINT('',(-0.695288237,2.139877162,0.85));
#3059 = DIRECTION('',(0.,0.,1.));
#3060 = DIRECTION('',(0.,1.,0.));
#3061 = DEFINITIONAL_REPRESENTATION('',(#3062),#3110);
#3062 = B_SPLINE_CURVE_WITH_KNOTS('',3,(#3063,#3064,#3065,#3066,#3067,
    #3068,#3069,#3070,#3071,#3072,#3073,#3074,#3075,#3076,#3077,#3078,
    #3079,#3080,#3081,#3082,#3083,#3084,#3085,#3086,#3087,#3088,#3089,
    #3090,#3091,#3092,#3093,#3094,#3095,#3096,#3097,#3098,#3099,#3100,
    #3101,#3102,#3103,#3104,#3105,#3106,#3107,#3108,#3109),
  .UNSPECIFIED.,.F.,.F.,(4,1,1,1,1,1,1,1,1,1,1,1,1,1,1,1,1,1,1,1,1,1,1,1
    ,1,1,1,1,1,1,1,1,1,1,1,1,1,1,1,1,1,1,1,1,4),(0.,7.105840909091E-06,
    1.421168181818E-05,2.131752272727E-05,2.842336363636E-05,
    3.552920454545E-05,4.263504545455E-05,4.974088636364E-05,
    5.684672727273E-05,6.395256818182E-05,7.105840909091E-05,
    7.816425E-05,8.527009090909E-05,9.237593181818E-05,
    9.948177272727E-05,1.065876136364E-04,1.136934545455E-04,
    1.207992954545E-04,1.279051363636E-04,1.350109772727E-04,
    1.421168181818E-04,1.492226590909E-04,1.563285E-04,
    1.634343409091E-04,1.705401818182E-04,1.776460227273E-04,
    1.847518636364E-04,1.918577045455E-04,1.989635454545E-04,
    2.060693863636E-04,2.131752272727E-04,2.202810681818E-04,
    2.273869090909E-04,2.3449275E-04,2.415985909091E-04,
    2.487044318182E-04,2.558102727273E-04,2.629161136364E-04,
    2.700219545455E-04,2.771277954545E-04,2.842336363636E-04,
    2.913394772727E-04,2.984453181818E-04,3.055511590909E-04,3.12657E-04
    ),.QUASI_UNIFORM_KNOTS.);
#3063 = CARTESIAN_POINT('',(6.28318530718,0.148872974));
#3064 = CARTESIAN_POINT('',(6.235164263321,0.148909510662));
#3065 = CARTESIAN_POINT('',(6.139402007147,0.148997444875));
#3066 = CARTESIAN_POINT('',(5.996366255217,0.149159835327));
#3067 = CARTESIAN_POINT('',(5.853615514195,0.149338627311));
#3068 = CARTESIAN_POINT('',(5.711144819585,0.149519712474));
#3069 = CARTESIAN_POINT('',(5.56892171206,0.149689059538));
#3070 = CARTESIAN_POINT('',(5.426645441559,0.149832349686));
#3071 = CARTESIAN_POINT('',(5.284067521594,0.149931115885));
#3072 = CARTESIAN_POINT('',(5.141102109183,0.149986407755));
#3073 = CARTESIAN_POINT('',(4.998048110198,0.149996189205));
#3074 = CARTESIAN_POINT('',(4.855266693618,0.14995966833));
#3075 = CARTESIAN_POINT('',(4.712895134102,0.149874162201));
#3076 = CARTESIAN_POINT('',(4.570701173992,0.149743307791));
#3077 = CARTESIAN_POINT('',(4.428335200583,0.149585013076));
#3078 = CARTESIAN_POINT('',(4.285689932741,0.149410927723));
#3079 = CARTESIAN_POINT('',(4.142778071436,0.149234381783));
#3080 = CARTESIAN_POINT('',(3.999600255026,0.149068242077));
#3081 = CARTESIAN_POINT('',(3.855533379195,0.148925547969));
#3082 = CARTESIAN_POINT('',(3.71233478252,0.148824794501));
#3083 = CARTESIAN_POINT('',(3.569384638072,0.148765416943));
#3084 = CARTESIAN_POINT('',(3.426688443004,0.148749753372));
#3085 = CARTESIAN_POINT('',(3.284263171321,0.148779109819));
#3086 = CARTESIAN_POINT('',(3.141985832675,0.14885601768));
#3087 = CARTESIAN_POINT('',(2.999548292717,0.148979138946));
#3088 = CARTESIAN_POINT('',(2.856767548383,0.149132549968));
#3089 = CARTESIAN_POINT('',(2.713747189172,0.149304152961));
#3090 = CARTESIAN_POINT('',(2.570839635068,0.149480829566));
#3091 = CARTESIAN_POINT('',(2.428328826923,0.149649717859));
#3092 = CARTESIAN_POINT('',(2.286140402821,0.149797950747));
#3093 = CARTESIAN_POINT('',(2.14387575814,0.149907042983));
#3094 = CARTESIAN_POINT('',(2.00130756477,0.149975720683));
#3095 = CARTESIAN_POINT('',(1.858452843934,0.150000084103));
#3096 = CARTESIAN_POINT('',(1.715442914715,0.149977316754));
#3097 = CARTESIAN_POINT('',(1.571801604864,0.149902894989));
#3098 = CARTESIAN_POINT('',(1.428169206186,0.149778040538));
#3099 = CARTESIAN_POINT('',(1.285183651515,0.149621127946));
#3100 = CARTESIAN_POINT('',(1.14235272175,0.149444841293));
#3101 = CARTESIAN_POINT('',(0.999777439174,0.149263384958));
#3102 = CARTESIAN_POINT('',(0.857454137051,0.149090572581));
#3103 = CARTESIAN_POINT('',(0.715079505612,0.148940260462));
#3104 = CARTESIAN_POINT('',(0.57269134196,0.148832767072));
#3105 = CARTESIAN_POINT('',(0.430000811285,0.148768421529));
#3106 = CARTESIAN_POINT('',(0.287030414988,0.148750483899));
#3107 = CARTESIAN_POINT('',(0.1438283472,0.148781428632));
#3108 = CARTESIAN_POINT('',(4.802007384686E-02,0.148836437338));
#3109 = CARTESIAN_POINT('',(8.881784197001E-16,0.148872974));
#3110 = ( GEOMETRIC_REPRESENTATION_CONTEXT(2) 
PARAMETRIC_REPRESENTATION_CONTEXT() REPRESENTATION_CONTEXT('2D SPACE',''
  ) );
#3111 = FACE_BOUND('',#3112,.T.);
#3112 = EDGE_LOOP('',(#3113,#3209));
#3113 = ORIENTED_EDGE('',*,*,#3114,.T.);
#3114 = EDGE_CURVE('',#3115,#3117,#3119,.T.);
#3115 = VERTEX_POINT('',#3116);
#3116 = CARTESIAN_POINT('',(-2.200808203,8.953606E-03,0.9987877));
#3117 = VERTEX_POINT('',#3118);
#3118 = CARTESIAN_POINT('',(-2.200029169,1.37E-07,0.998753491));
#3119 = SURFACE_CURVE('',#3120,(#3146,#3175),.PCURVE_S1.);
#3120 = B_SPLINE_CURVE_WITH_KNOTS('',3,(#3121,#3122,#3123,#3124,#3125,
    #3126,#3127,#3128,#3129,#3130,#3131,#3132,#3133,#3134,#3135,#3136,
    #3137,#3138,#3139,#3140,#3141,#3142,#3143,#3144,#3145),
  .UNSPECIFIED.,.T.,.F.,(1,3,3,3,3,3,3,3,3,3,1),(-4.8445E-05,-8.99E-06,
    3.0465E-05,6.992E-05,1.09375E-04,1.4883E-04,1.88285E-04,2.27741E-04,
    2.67196E-04,3.06651E-04,3.46106E-04),.UNSPECIFIED.);
#3121 = CARTESIAN_POINT('',(-2.200808203,8.953606E-03,0.9987877));
#3122 = CARTESIAN_POINT('',(-2.198443676,-4.037285E-03,0.998675951));
#3123 = CARTESIAN_POINT('',(-2.201537208,-1.7935695E-02,0.998846842));
#3124 = CARTESIAN_POINT('',(-2.209011476,-2.863461E-02,0.999145642));
#3125 = CARTESIAN_POINT('',(-2.216485744,-3.9333524E-02,0.999444442));
#3126 = CARTESIAN_POINT('',(-2.228381657,-4.6928371E-02,0.99982792));
#3127 = CARTESIAN_POINT('',(-2.241202478,-4.9219951E-02,0.999952347));
#3128 = CARTESIAN_POINT('',(-2.2540233,-5.1511531E-02,1.000076774));
#3129 = CARTESIAN_POINT('',(-2.267758194,-4.855766E-02,0.999917728));
#3130 = CARTESIAN_POINT('',(-2.278553081,-4.1045361E-02,0.999610454));
#3131 = CARTESIAN_POINT('',(-2.289347967,-3.3533062E-02,0.99930318));
#3132 = CARTESIAN_POINT('',(-2.29689867,-2.1704878E-02,0.998907897));
#3133 = CARTESIAN_POINT('',(-2.299210504,-8.850215E-03,0.998789871));
#3134 = CARTESIAN_POINT('',(-2.301522338,4.004449E-03,0.998671844));
#3135 = CARTESIAN_POINT('',(-2.29850644,1.7793878E-02,0.998855802));
#3136 = CARTESIAN_POINT('',(-2.291087551,2.8492336E-02,0.999168084));
#3137 = CARTESIAN_POINT('',(-2.283668661,3.9190793E-02,0.999480366));
#3138 = CARTESIAN_POINT('',(-2.271880715,4.6842609E-02,0.999864467));
#3139 = CARTESIAN_POINT('',(-2.25895078,4.9192313E-02,0.999967951));
#3140 = CARTESIAN_POINT('',(-2.246020845,5.1542017E-02,1.000071435));
#3141 = CARTESIAN_POINT('',(-2.232296888,4.8552002E-02,0.999881623));
#3142 = CARTESIAN_POINT('',(-2.221552506,4.111861E-02,0.99957544));
#3143 = CARTESIAN_POINT('',(-2.210808124,3.3685217E-02,0.999269258));
#3144 = CARTESIAN_POINT('',(-2.203172739,2.1944552E-02,0.998899449));
#3145 = CARTESIAN_POINT('',(-2.200808203,8.953606E-03,0.9987877));
#3146 = PCURVE('',#52,#3147);
#3147 = DEFINITIONAL_REPRESENTATION('',(#3148),#3174);
#3148 = B_SPLINE_CURVE_WITH_KNOTS('',3,(#3149,#3150,#3151,#3152,#3153,
    #3154,#3155,#3156,#3157,#3158,#3159,#3160,#3161,#3162,#3163,#3164,
    #3165,#3166,#3167,#3168,#3169,#3170,#3171,#3172,#3173),
  .UNSPECIFIED.,.F.,.F.,(4,1,1,1,1,1,1,1,1,1,1,1,1,1,1,1,1,1,1,1,1,1,4),
  (-8.99E-06,-8.582242573576E-06,-8.174485147153E-06,-7.766727720729E-06
    ,-7.358970294306E-06,-6.951212867882E-06,-6.543455441458E-06,
    -6.135698015035E-06,-5.727940588611E-06,-5.320183162188E-06,
    -4.912425735764E-06,-4.50466830934E-06,-4.096910882917E-06,
    -3.689153456493E-06,-3.28139603007E-06,-2.873638603646E-06,
    -2.465881177222E-06,-2.058123750799E-06,-1.650366324375E-06,
    -1.242608897952E-06,-8.34851471528E-07,-4.270940451044E-07,
    -1.933661868079E-08),.UNSPECIFIED.);
#3149 = CARTESIAN_POINT('',(36.96115056182,13.188102831333));
#3150 = CARTESIAN_POINT('',(36.961732663737,13.188192447148));
#3151 = CARTESIAN_POINT('',(36.96289776896,13.188367385434));
#3152 = CARTESIAN_POINT('',(36.964648004609,13.188616943301));
#3153 = CARTESIAN_POINT('',(36.966400691734,13.188853682131));
#3154 = CARTESIAN_POINT('',(36.968155703967,13.189077632247));
#3155 = CARTESIAN_POINT('',(36.969912914931,13.189288823837));
#3156 = CARTESIAN_POINT('',(36.971672198235,13.189487286939));
#3157 = CARTESIAN_POINT('',(36.973433427476,13.189673051439));
#3158 = CARTESIAN_POINT('',(36.975196476246,13.189846147076));
#3159 = CARTESIAN_POINT('',(36.976961218127,13.190006603434));
#3160 = CARTESIAN_POINT('',(36.978727526701,13.190154449948));
#3161 = CARTESIAN_POINT('',(36.980495275543,13.190289715902));
#3162 = CARTESIAN_POINT('',(36.982264338233,13.190412430423));
#3163 = CARTESIAN_POINT('',(36.984034588349,13.190522622489));
#3164 = CARTESIAN_POINT('',(36.985805899478,13.190620320924));
#3165 = CARTESIAN_POINT('',(36.987578145208,13.190705554397));
#3166 = CARTESIAN_POINT('',(36.989351199139,13.190778351422));
#3167 = CARTESIAN_POINT('',(36.99112493488,13.190838740362));
#3168 = CARTESIAN_POINT('',(36.992899226053,13.190886749421));
#3169 = CARTESIAN_POINT('',(36.994673946294,13.190922406652));
#3170 = CARTESIAN_POINT('',(36.996448969256,13.190945739948));
#3171 = CARTESIAN_POINT('',(36.99822416861,13.190956777061));
#3172 = CARTESIAN_POINT('',(36.999407668238,13.190955956042));
#3173 = CARTESIAN_POINT('',(36.999999405348,13.190953505358));
#3174 = ( GEOMETRIC_REPRESENTATION_CONTEXT(2) 
PARAMETRIC_REPRESENTATION_CONTEXT() REPRESENTATION_CONTEXT('2D SPACE',''
  ) );
#3175 = PCURVE('',#3176,#3181);
#3176 = CYLINDRICAL_SURFACE('',#3177,5.E-02);
#3177 = AXIS2_PLACEMENT_3D('',#3178,#3179,#3180);
#3178 = CARTESIAN_POINT('',(-2.25,0.,0.85));
#3179 = DIRECTION('',(0.,0.,1.));
#3180 = DIRECTION('',(1.,0.,0.));
#3181 = DEFINITIONAL_REPRESENTATION('',(#3182),#3208);
#3182 = B_SPLINE_CURVE_WITH_KNOTS('',3,(#3183,#3184,#3185,#3186,#3187,
    #3188,#3189,#3190,#3191,#3192,#3193,#3194,#3195,#3196,#3197,#3198,
    #3199,#3200,#3201,#3202,#3203,#3204,#3205,#3206,#3207),
  .UNSPECIFIED.,.F.,.F.,(4,1,1,1,1,1,1,1,1,1,1,1,1,1,1,1,1,1,1,1,1,1,4),
  (-8.99E-06,-8.582242573576E-06,-8.174485147153E-06,-7.766727720729E-06
    ,-7.358970294306E-06,-6.951212867882E-06,-6.543455441458E-06,
    -6.135698015035E-06,-5.727940588611E-06,-5.320183162188E-06,
    -4.912425735764E-06,-4.50466830934E-06,-4.096910882917E-06,
    -3.689153456493E-06,-3.28139603007E-06,-2.873638603646E-06,
    -2.465881177222E-06,-2.058123750799E-06,-1.650366324375E-06,
    -1.242608897952E-06,-8.34851471528E-07,-4.270940451044E-07,
    -1.933661868079E-08),.UNSPECIFIED.);
#3183 = CARTESIAN_POINT('',(0.180043247157,0.1487877));
#3184 = CARTESIAN_POINT('',(0.177313980383,0.148786545102));
#3185 = CARTESIAN_POINT('',(0.171855805702,0.148784295683));
#3186 = CARTESIAN_POINT('',(0.163669497681,0.148781101657));
#3187 = CARTESIAN_POINT('',(0.155484018243,0.148778086709));
#3188 = CARTESIAN_POINT('',(0.147299251833,0.148775249814));
#3189 = CARTESIAN_POINT('',(0.139115089221,0.148772589947));
#3190 = CARTESIAN_POINT('',(0.130931428308,0.148770106084));
#3191 = CARTESIAN_POINT('',(0.122748173766,0.1487677972));
#3192 = CARTESIAN_POINT('',(0.114565236988,0.148765662271));
#3193 = CARTESIAN_POINT('',(0.106382535954,0.14876370027));
#3194 = CARTESIAN_POINT('',(9.819999511129E-02,0.148761910175));
#3195 = CARTESIAN_POINT('',(9.001754526045E-02,0.148760290959));
#3196 = CARTESIAN_POINT('',(8.183512342689E-02,0.148758841598));
#3197 = CARTESIAN_POINT('',(7.365267273901E-02,0.148757561067));
#3198 = CARTESIAN_POINT('',(6.547014230186E-02,0.148756448342));
#3199 = CARTESIAN_POINT('',(5.728748706927E-02,0.148755502397));
#3200 = CARTESIAN_POINT('',(4.910466771526E-02,0.148754722209));
#3201 = CARTESIAN_POINT('',(4.092165049982E-02,0.148754106752));
#3202 = CARTESIAN_POINT('',(3.273840714773E-02,0.148753655001));
#3203 = CARTESIAN_POINT('',(2.455491467042E-02,0.148753365932));
#3204 = CARTESIAN_POINT('',(1.637115539265E-02,0.148753238519));
#3205 = CARTESIAN_POINT('',(8.187116206486E-03,0.148753271739));
#3206 = CARTESIAN_POINT('',(2.730899202873E-03,0.14875340029));
#3207 = CARTESIAN_POINT('',(2.741593806419E-06,0.148753490996));
#3208 = ( GEOMETRIC_REPRESENTATION_CONTEXT(2) 
PARAMETRIC_REPRESENTATION_CONTEXT() REPRESENTATION_CONTEXT('2D SPACE',''
  ) );
#3209 = ORIENTED_EDGE('',*,*,#3210,.T.);
#3210 = EDGE_CURVE('',#3117,#3115,#3211,.T.);
#3211 = SURFACE_CURVE('',#3212,(#3238,#3289),.PCURVE_S1.);
#3212 = B_SPLINE_CURVE_WITH_KNOTS('',3,(#3213,#3214,#3215,#3216,#3217,
    #3218,#3219,#3220,#3221,#3222,#3223,#3224,#3225,#3226,#3227,#3228,
    #3229,#3230,#3231,#3232,#3233,#3234,#3235,#3236,#3237),
  .UNSPECIFIED.,.T.,.F.,(1,3,3,3,3,3,3,3,3,3,1),(-4.8445E-05,-8.99E-06,
    3.0465E-05,6.992E-05,1.09375E-04,1.4883E-04,1.88285E-04,2.27741E-04,
    2.67196E-04,3.06651E-04,3.46106E-04),.UNSPECIFIED.);
#3213 = CARTESIAN_POINT('',(-2.200808203,8.953606E-03,0.9987877));
#3214 = CARTESIAN_POINT('',(-2.198443676,-4.037285E-03,0.998675951));
#3215 = CARTESIAN_POINT('',(-2.201537208,-1.7935695E-02,0.998846842));
#3216 = CARTESIAN_POINT('',(-2.209011476,-2.863461E-02,0.999145642));
#3217 = CARTESIAN_POINT('',(-2.216485744,-3.9333524E-02,0.999444442));
#3218 = CARTESIAN_POINT('',(-2.228381657,-4.6928371E-02,0.99982792));
#3219 = CARTESIAN_POINT('',(-2.241202478,-4.9219951E-02,0.999952347));
#3220 = CARTESIAN_POINT('',(-2.2540233,-5.1511531E-02,1.000076774));
#3221 = CARTESIAN_POINT('',(-2.267758194,-4.855766E-02,0.999917728));
#3222 = CARTESIAN_POINT('',(-2.278553081,-4.1045361E-02,0.999610454));
#3223 = CARTESIAN_POINT('',(-2.289347967,-3.3533062E-02,0.99930318));
#3224 = CARTESIAN_POINT('',(-2.29689867,-2.1704878E-02,0.998907897));
#3225 = CARTESIAN_POINT('',(-2.299210504,-8.850215E-03,0.998789871));
#3226 = CARTESIAN_POINT('',(-2.301522338,4.004449E-03,0.998671844));
#3227 = CARTESIAN_POINT('',(-2.29850644,1.7793878E-02,0.998855802));
#3228 = CARTESIAN_POINT('',(-2.291087551,2.8492336E-02,0.999168084));
#3229 = CARTESIAN_POINT('',(-2.283668661,3.9190793E-02,0.999480366));
#3230 = CARTESIAN_POINT('',(-2.271880715,4.6842609E-02,0.999864467));
#3231 = CARTESIAN_POINT('',(-2.25895078,4.9192313E-02,0.999967951));
#3232 = CARTESIAN_POINT('',(-2.246020845,5.1542017E-02,1.000071435));
#3233 = CARTESIAN_POINT('',(-2.232296888,4.8552002E-02,0.999881623));
#3234 = CARTESIAN_POINT('',(-2.221552506,4.111861E-02,0.99957544));
#3235 = CARTESIAN_POINT('',(-2.210808124,3.3685217E-02,0.999269258));
#3236 = CARTESIAN_POINT('',(-2.203172739,2.1944552E-02,0.998899449));
#3237 = CARTESIAN_POINT('',(-2.200808203,8.953606E-03,0.9987877));
#3238 = PCURVE('',#52,#3239);
#3239 = DEFINITIONAL_REPRESENTATION('',(#3240),#3288);
#3240 = B_SPLINE_CURVE_WITH_KNOTS('',3,(#3241,#3242,#3243,#3244,#3245,
    #3246,#3247,#3248,#3249,#3250,#3251,#3252,#3253,#3254,#3255,#3256,
    #3257,#3258,#3259,#3260,#3261,#3262,#3263,#3264,#3265,#3266,#3267,
    #3268,#3269,#3270,#3271,#3272,#3273,#3274,#3275,#3276,#3277,#3278,
    #3279,#3280,#3281,#3282,#3283,#3284,#3285,#3286,#3287),
  .UNSPECIFIED.,.F.,.F.,(4,1,1,1,1,1,1,1,1,1,1,1,1,1,1,1,1,1,1,1,1,1,1,1
    ,1,1,1,1,1,1,1,1,1,1,1,1,1,1,1,1,1,1,1,1,4),(-1.933661868079E-08,
    6.950443759017E-06,1.392022413671E-05,2.089000451441E-05,
    2.785978489211E-05,3.482956526981E-05,4.17993456475E-05,
    4.87691260252E-05,5.57389064029E-05,6.270868678059E-05,
    6.967846715829E-05,7.664824753599E-05,8.361802791369E-05,
    9.058780829138E-05,9.755758866908E-05,1.045273690468E-04,
    1.114971494245E-04,1.184669298022E-04,1.254367101799E-04,
    1.324064905576E-04,1.393762709353E-04,1.46346051313E-04,
    1.533158316907E-04,1.602856120684E-04,1.672553924461E-04,
    1.742251728238E-04,1.811949532014E-04,1.881647335791E-04,
    1.951345139568E-04,2.021042943345E-04,2.090740747122E-04,
    2.160438550899E-04,2.230136354676E-04,2.299834158453E-04,
    2.36953196223E-04,2.439229766007E-04,2.508927569784E-04,
    2.578625373561E-04,2.648323177338E-04,2.718020981115E-04,
    2.787718784892E-04,2.857416588669E-04,2.927114392446E-04,
    2.996812196223E-04,3.06651E-04),.UNSPECIFIED.);
#3241 = CARTESIAN_POINT('',(36.999999405348,13.190953505358));
#3242 = CARTESIAN_POINT('',(37.01011438971,13.190910570097));
#3243 = CARTESIAN_POINT('',(37.030335232619,13.189636432929));
#3244 = CARTESIAN_POINT('',(37.060016467176,13.18427743928));
#3245 = CARTESIAN_POINT('',(37.088419474292,13.17558898296));
#3246 = CARTESIAN_POINT('',(37.11493546478,13.16368479304));
#3247 = CARTESIAN_POINT('',(37.138927618824,13.148627262932));
#3248 = CARTESIAN_POINT('',(37.160067676393,13.130678758865));
#3249 = CARTESIAN_POINT('',(37.178057157515,13.110272203827));
#3250 = CARTESIAN_POINT('',(37.192600463466,13.087803540352));
#3251 = CARTESIAN_POINT('',(37.203417381518,13.063682627884));
#3252 = CARTESIAN_POINT('',(37.210230776723,13.038320023197));
#3253 = CARTESIAN_POINT('',(37.212794289707,13.01213853545));
#3254 = CARTESIAN_POINT('',(37.21127768911,12.985629072098));
#3255 = CARTESIAN_POINT('',(37.205821236824,12.959285722647));
#3256 = CARTESIAN_POINT('',(37.196563560443,12.933608710689));
#3257 = CARTESIAN_POINT('',(37.183658039754,12.909115744027));
#3258 = CARTESIAN_POINT('',(37.167167445824,12.886285999981));
#3259 = CARTESIAN_POINT('',(37.14752225555,12.86582218741));
#3260 = CARTESIAN_POINT('',(37.125239485262,12.8480151132));
#3261 = CARTESIAN_POINT('',(37.100755327288,12.833154387751));
#3262 = CARTESIAN_POINT('',(37.074513906992,12.821528203639));
#3263 = CARTESIAN_POINT('',(37.046948260836,12.813405052717));
#3264 = CARTESIAN_POINT('',(37.018473841333,12.809099905427));
#3265 = CARTESIAN_POINT('',(36.989656151196,12.808703603764));
#3266 = CARTESIAN_POINT('',(36.961005336789,12.812058114753));
#3267 = CARTESIAN_POINT('',(36.933042963724,12.819049046149));
#3268 = CARTESIAN_POINT('',(36.906290937789,12.829537304309));
#3269 = CARTESIAN_POINT('',(36.881283526635,12.843383389166));
#3270 = CARTESIAN_POINT('',(36.858541502813,12.860422251854));
#3271 = CARTESIAN_POINT('',(36.838350993706,12.880198978921));
#3272 = CARTESIAN_POINT('',(36.821036247153,12.902272510266));
#3273 = CARTESIAN_POINT('',(36.806927255747,12.926202382229));
#3274 = CARTESIAN_POINT('',(36.796358861961,12.951531153722));
#3275 = CARTESIAN_POINT('',(36.789704070568,12.977877636772));
#3276 = CARTESIAN_POINT('',(36.787233681816,13.004515261376));
#3277 = CARTESIAN_POINT('',(36.788828319149,13.030940943073));
#3278 = CARTESIAN_POINT('',(36.794422177809,13.056690977998));
#3279 = CARTESIAN_POINT('',(36.803934215891,13.081298617998));
#3280 = CARTESIAN_POINT('',(36.817272445318,13.104316033501));
#3281 = CARTESIAN_POINT('',(36.834371987159,13.125268030537));
#3282 = CARTESIAN_POINT('',(36.854794190639,13.143755657057));
#3283 = CARTESIAN_POINT('',(36.878110958492,13.159582888002));
#3284 = CARTESIAN_POINT('',(36.903882337239,13.172508068232));
#3285 = CARTESIAN_POINT('',(36.931657489387,13.18229784411));
#3286 = CARTESIAN_POINT('',(36.951199852472,13.186570392991));
#3287 = CARTESIAN_POINT('',(36.96115056182,13.188102831333));
#3288 = ( GEOMETRIC_REPRESENTATION_CONTEXT(2) 
PARAMETRIC_REPRESENTATION_CONTEXT() REPRESENTATION_CONTEXT('2D SPACE',''
  ) );
#3289 = PCURVE('',#3176,#3290);
#3290 = DEFINITIONAL_REPRESENTATION('',(#3291),#3339);
#3291 = B_SPLINE_CURVE_WITH_KNOTS('',3,(#3292,#3293,#3294,#3295,#3296,
    #3297,#3298,#3299,#3300,#3301,#3302,#3303,#3304,#3305,#3306,#3307,
    #3308,#3309,#3310,#3311,#3312,#3313,#3314,#3315,#3316,#3317,#3318,
    #3319,#3320,#3321,#3322,#3323,#3324,#3325,#3326,#3327,#3328,#3329,
    #3330,#3331,#3332,#3333,#3334,#3335,#3336,#3337,#3338),
  .UNSPECIFIED.,.F.,.F.,(4,1,1,1,1,1,1,1,1,1,1,1,1,1,1,1,1,1,1,1,1,1,1,1
    ,1,1,1,1,1,1,1,1,1,1,1,1,1,1,1,1,1,1,1,1,4),(-1.933661868079E-08,
    6.950443759017E-06,1.392022413671E-05,2.089000451441E-05,
    2.785978489211E-05,3.482956526981E-05,4.17993456475E-05,
    4.87691260252E-05,5.57389064029E-05,6.270868678059E-05,
    6.967846715829E-05,7.664824753599E-05,8.361802791369E-05,
    9.058780829138E-05,9.755758866908E-05,1.045273690468E-04,
    1.114971494245E-04,1.184669298022E-04,1.254367101799E-04,
    1.324064905576E-04,1.393762709353E-04,1.46346051313E-04,
    1.533158316907E-04,1.602856120684E-04,1.672553924461E-04,
    1.742251728238E-04,1.811949532014E-04,1.881647335791E-04,
    1.951345139568E-04,2.021042943345E-04,2.090740747122E-04,
    2.160438550899E-04,2.230136354676E-04,2.299834158453E-04,
    2.36953196223E-04,2.439229766007E-04,2.508927569784E-04,
    2.578625373561E-04,2.648323177338E-04,2.718020981115E-04,
    2.787718784892E-04,2.857416588669E-04,2.927114392446E-04,
    2.996812196223E-04,3.06651E-04),.UNSPECIFIED.);
#3292 = CARTESIAN_POINT('',(6.283188048773,0.148753490996));
#3293 = CARTESIAN_POINT('',(6.236565563802,0.148755041431));
#3294 = CARTESIAN_POINT('',(6.143248718064,0.148773588269));
#3295 = CARTESIAN_POINT('',(6.003358399183,0.148842613761));
#3296 = CARTESIAN_POINT('',(5.863861758725,0.148947771453));
#3297 = CARTESIAN_POINT('',(5.725038994854,0.149083779605));
#3298 = CARTESIAN_POINT('',(5.586814701899,0.149246131668));
#3299 = CARTESIAN_POINT('',(5.448286371386,0.149416371591));
#3300 = CARTESIAN_POINT('',(5.309493640076,0.149584194071));
#3301 = CARTESIAN_POINT('',(5.170674212498,0.149737996675));
#3302 = CARTESIAN_POINT('',(5.032137455975,0.149866281018));
#3303 = CARTESIAN_POINT('',(4.89402590693,0.149958429658));
#3304 = CARTESIAN_POINT('',(4.756022864711,0.150000197327));
#3305 = CARTESIAN_POINT('',(4.617722699309,0.149992437086));
#3306 = CARTESIAN_POINT('',(4.479127044438,0.149940640852));
#3307 = CARTESIAN_POINT('',(4.340334148118,0.149848810286));
#3308 = CARTESIAN_POINT('',(4.201496087623,0.149722286357));
#3309 = CARTESIAN_POINT('',(4.062108241154,0.149562543055));
#3310 = CARTESIAN_POINT('',(3.923143486866,0.149388533566));
#3311 = CARTESIAN_POINT('',(3.78435942013,0.149214206122));
#3312 = CARTESIAN_POINT('',(3.645680713217,0.149051105226));
#3313 = CARTESIAN_POINT('',(3.507184659473,0.148911592097));
#3314 = CARTESIAN_POINT('',(3.36887184413,0.148807164811));
#3315 = CARTESIAN_POINT('',(3.230459351911,0.14875195731));
#3316 = CARTESIAN_POINT('',(3.091886452812,0.148751422511));
#3317 = CARTESIAN_POINT('',(2.953048593719,0.148797475651));
#3318 = CARTESIAN_POINT('',(2.814221717796,0.148885111818));
#3319 = CARTESIAN_POINT('',(2.67570070229,0.149007972199));
#3320 = CARTESIAN_POINT('',(2.537637020831,0.14916203373));
#3321 = CARTESIAN_POINT('',(2.399677899213,0.149335284252));
#3322 = CARTESIAN_POINT('',(2.261383467245,0.149509041075));
#3323 = CARTESIAN_POINT('',(2.122789353848,0.149673541225));
#3324 = CARTESIAN_POINT('',(1.984013211995,0.149816574288));
#3325 = CARTESIAN_POINT('',(1.845215603086,0.149926808883));
#3326 = CARTESIAN_POINT('',(1.705938034863,0.149991844934));
#3327 = CARTESIAN_POINT('',(1.567017850047,0.150002525838));
#3328 = CARTESIAN_POINT('',(1.428206373277,0.149966380599));
#3329 = CARTESIAN_POINT('',(1.289468070899,0.149888812072));
#3330 = CARTESIAN_POINT('',(1.150905363123,0.149775790806));
#3331 = CARTESIAN_POINT('',(1.012528342014,0.149633142718));
#3332 = CARTESIAN_POINT('',(0.874086398372,0.14946670456));
#3333 = CARTESIAN_POINT('',(0.735799872526,0.14929673767));
#3334 = CARTESIAN_POINT('',(0.597310640223,0.149132166502));
#3335 = CARTESIAN_POINT('',(0.458608570288,0.148984090599));
#3336 = CARTESIAN_POINT('',(0.319664109452,0.148863026493));
#3337 = CARTESIAN_POINT('',(0.226669509521,0.148807440616));
#3338 = CARTESIAN_POINT('',(0.180043247157,0.1487877));
#3339 = ( GEOMETRIC_REPRESENTATION_CONTEXT(2) 
PARAMETRIC_REPRESENTATION_CONTEXT() REPRESENTATION_CONTEXT('2D SPACE',''
  ) );
#3340 = FACE_BOUND('',#3341,.T.);
#3341 = EDGE_LOOP('',(#3342));
#3342 = ORIENTED_EDGE('',*,*,#3343,.T.);
#3343 = EDGE_CURVE('',#3344,#3344,#3346,.T.);
#3344 = VERTEX_POINT('',#3345);
#3345 = CARTESIAN_POINT('',(-0.695288237,-2.089877162,0.998863979));
#3346 = SURFACE_CURVE('',#3347,(#3373,#3424),.PCURVE_S1.);
#3347 = B_SPLINE_CURVE_WITH_KNOTS('',3,(#3348,#3349,#3350,#3351,#3352,
    #3353,#3354,#3355,#3356,#3357,#3358,#3359,#3360,#3361,#3362,#3363,
    #3364,#3365,#3366,#3367,#3368,#3369,#3370,#3371,#3372),
  .UNSPECIFIED.,.T.,.F.,(1,3,3,3,3,3,3,3,3,3,1),(-2.495984774,0.,
    2.495984774,4.991969547,7.487954321,9.983939094,12.479923868,
    14.975908642,17.471893415,19.967878189,22.463862963),.UNSPECIFIED.);
#3348 = CARTESIAN_POINT('',(-0.695288237,-2.089877162,0.998863979));
#3349 = CARTESIAN_POINT('',(-0.682222804,-2.089877162,0.998678984));
#3350 = CARTESIAN_POINT('',(-0.669249719,-2.095234662,0.998740332));
#3351 = CARTESIAN_POINT('',(-0.659989483,-2.104465328,0.998996012));
#3352 = CARTESIAN_POINT('',(-0.650729247,-2.113695994,0.999251693));
#3353 = CARTESIAN_POINT('',(-0.645300979,-2.126707856,0.999663176));
#3354 = CARTESIAN_POINT('',(-0.645288261,-2.139828697,0.99986544));
#3355 = CARTESIAN_POINT('',(-0.645275543,-2.152949538,1.000067704));
#3356 = CARTESIAN_POINT('',(-0.650682406,-2.165987904,1.000019894));
#3357 = CARTESIAN_POINT('',(-0.659944162,-2.175243761,0.999759047));
#3358 = CARTESIAN_POINT('',(-0.669205918,-2.184499618,0.9994982));
#3359 = CARTESIAN_POINT('',(-0.68220351,-2.189874643,0.999071986));
#3360 = CARTESIAN_POINT('',(-0.695278611,-2.189877161,0.998873141));
#3361 = CARTESIAN_POINT('',(-0.708353712,-2.189879678,0.998674295));
#3362 = CARTESIAN_POINT('',(-0.721347607,-2.184507764,0.998742502));
#3363 = CARTESIAN_POINT('',(-0.73060405,-2.175271983,0.999014608));
#3364 = CARTESIAN_POINT('',(-0.739860493,-2.166036202,0.999286714));
#3365 = CARTESIAN_POINT('',(-0.745270276,-2.153047263,0.999708221));
#3366 = CARTESIAN_POINT('',(-0.745288191,-2.139945527,0.99989282));
#3367 = CARTESIAN_POINT('',(-0.745306105,-2.126843791,1.000077419));
#3368 = CARTESIAN_POINT('',(-0.739914765,-2.113791592,0.999993596));
#3369 = CARTESIAN_POINT('',(-0.73064087,-2.104519117,0.999723673));
#3370 = CARTESIAN_POINT('',(-0.721366976,-2.095246642,0.99945375));
#3371 = CARTESIAN_POINT('',(-0.708345394,-2.089877162,0.999048857));
#3372 = CARTESIAN_POINT('',(-0.695288237,-2.089877162,0.998863979));
#3373 = PCURVE('',#52,#3374);
#3374 = DEFINITIONAL_REPRESENTATION('',(#3375),#3423);
#3375 = B_SPLINE_CURVE_WITH_KNOTS('',3,(#3376,#3377,#3378,#3379,#3380,
    #3381,#3382,#3383,#3384,#3385,#3386,#3387,#3388,#3389,#3390,#3391,
    #3392,#3393,#3394,#3395,#3396,#3397,#3398,#3399,#3400,#3401,#3402,
    #3403,#3404,#3405,#3406,#3407,#3408,#3409,#3410,#3411,#3412,#3413,
    #3414,#3415,#3416,#3417,#3418,#3419,#3420,#3421,#3422),
  .UNSPECIFIED.,.T.,.F.,(4,1,1,1,1,1,1,1,1,1,1,1,1,1,1,1,1,1,1,1,1,1,1,1
    ,1,1,1,1,1,1,1,1,1,1,1,1,1,1,1,1,1,1,1,1,4),(0.,0.453815413386,
    0.907630826773,1.361446240159,1.815261653545,2.269077066932,
    2.722892480318,3.176707893705,3.630523307091,4.084338720477,
    4.538154133864,4.99196954725,5.445784960636,5.899600374023,
    6.353415787409,6.807231200795,7.261046614182,7.714862027568,
    8.168677440955,8.622492854341,9.076308267727,9.530123681114,
    9.9839390945,10.437754507886,10.891569921273,11.345385334659,
    11.799200748045,12.253016161432,12.706831574818,13.160646988205,
    13.614462401591,14.068277814977,14.522093228364,14.97590864175,
    15.429724055136,15.883539468523,16.337354881909,16.791170295295,
    17.244985708682,17.698801122068,18.152616535455,18.606431948841,
    19.060247362227,19.514062775614,19.967878189),
  .QUASI_UNIFORM_KNOTS.);
#3376 = CARTESIAN_POINT('',(48.933009828434,13.18208773611));
#3377 = CARTESIAN_POINT('',(48.942782462698,13.184782769583));
#3378 = CARTESIAN_POINT('',(48.962808271214,13.188924476337));
#3379 = CARTESIAN_POINT('',(48.993635942849,13.191440781852));
#3380 = CARTESIAN_POINT('',(49.024600339556,13.190316205244));
#3381 = CARTESIAN_POINT('',(49.05504773198,13.18558320617));
#3382 = CARTESIAN_POINT('',(49.084329799163,13.177276165571));
#3383 = CARTESIAN_POINT('',(49.111796075688,13.165363052104));
#3384 = CARTESIAN_POINT('',(49.136769251316,13.150076560017));
#3385 = CARTESIAN_POINT('',(49.15886471808,13.131822473979));
#3386 = CARTESIAN_POINT('',(49.17766946148,13.11096015409));
#3387 = CARTESIAN_POINT('',(49.192793269876,13.087868540929));
#3388 = CARTESIAN_POINT('',(49.203866590128,13.062897155967));
#3389 = CARTESIAN_POINT('',(49.210492736082,13.036510470722));
#3390 = CARTESIAN_POINT('',(49.212745729598,13.009333802443));
#3391 = CARTESIAN_POINT('',(49.210742361349,12.981894029558));
#3392 = CARTESIAN_POINT('',(49.204583074976,12.954757068105));
#3393 = CARTESIAN_POINT('',(49.194383719422,12.928486644425));
#3394 = CARTESIAN_POINT('',(49.180191752298,12.903664280466));
#3395 = CARTESIAN_POINT('',(49.162378328547,12.88089686022));
#3396 = CARTESIAN_POINT('',(49.141449903677,12.860549003147));
#3397 = CARTESIAN_POINT('',(49.117857818738,12.843022063609));
#3398 = CARTESIAN_POINT('',(49.092059100209,12.82870617993));
#3399 = CARTESIAN_POINT('',(49.064469595598,12.817980544214));
#3400 = CARTESIAN_POINT('',(49.035594782422,12.811250951858));
#3401 = CARTESIAN_POINT('',(49.006068151669,12.808519222861));
#3402 = CARTESIAN_POINT('',(48.976421350298,12.809742273393));
#3403 = CARTESIAN_POINT('',(48.947213411538,12.814879378513));
#3404 = CARTESIAN_POINT('',(48.918996375911,12.823862139626));
#3405 = CARTESIAN_POINT('',(48.892337041962,12.836668143004));
#3406 = CARTESIAN_POINT('',(48.867839034565,12.852969625589));
#3407 = CARTESIAN_POINT('',(48.845850588212,12.8722877416));
#3408 = CARTESIAN_POINT('',(48.826773432149,12.894181004559));
#3409 = CARTESIAN_POINT('',(48.811013956631,12.91818956445));
#3410 = CARTESIAN_POINT('',(48.798981329549,12.9438817541));
#3411 = CARTESIAN_POINT('',(48.79114300689,12.970735573146));
#3412 = CARTESIAN_POINT('',(48.787540003427,12.998108741019));
#3413 = CARTESIAN_POINT('',(48.788168609818,13.025459842802));
#3414 = CARTESIAN_POINT('',(48.79304367198,13.052230409854));
#3415 = CARTESIAN_POINT('',(48.802157190952,13.077880381703));
#3416 = CARTESIAN_POINT('',(48.815563928082,13.101867653916));
#3417 = CARTESIAN_POINT('',(48.832953366271,13.123635160094));
#3418 = CARTESIAN_POINT('',(48.85383676057,13.142913672784));
#3419 = CARTESIAN_POINT('',(48.877755495147,13.159389441071));
#3420 = CARTESIAN_POINT('',(48.904226194089,13.172759279217));
#3421 = CARTESIAN_POINT('',(48.923242090427,13.179392735612));
#3422 = CARTESIAN_POINT('',(48.933009828434,13.18208773611));
#3423 = ( GEOMETRIC_REPRESENTATION_CONTEXT(2) 
PARAMETRIC_REPRESENTATION_CONTEXT() REPRESENTATION_CONTEXT('2D SPACE',''
  ) );
#3424 = PCURVE('',#3425,#3430);
#3425 = CYLINDRICAL_SURFACE('',#3426,5.E-02);
#3426 = AXIS2_PLACEMENT_3D('',#3427,#3428,#3429);
#3427 = CARTESIAN_POINT('',(-0.695288237,-2.139877162,0.85));
#3428 = DIRECTION('',(0.,0.,1.));
#3429 = DIRECTION('',(0.,1.,0.));
#3430 = DEFINITIONAL_REPRESENTATION('',(#3431),#3479);
#3431 = B_SPLINE_CURVE_WITH_KNOTS('',3,(#3432,#3433,#3434,#3435,#3436,
    #3437,#3438,#3439,#3440,#3441,#3442,#3443,#3444,#3445,#3446,#3447,
    #3448,#3449,#3450,#3451,#3452,#3453,#3454,#3455,#3456,#3457,#3458,
    #3459,#3460,#3461,#3462,#3463,#3464,#3465,#3466,#3467,#3468,#3469,
    #3470,#3471,#3472,#3473,#3474,#3475,#3476,#3477,#3478),
  .UNSPECIFIED.,.F.,.F.,(4,1,1,1,1,1,1,1,1,1,1,1,1,1,1,1,1,1,1,1,1,1,1,1
    ,1,1,1,1,1,1,1,1,1,1,1,1,1,1,1,1,1,1,1,1,4),(0.,0.453815413386,
    0.907630826773,1.361446240159,1.815261653545,2.269077066932,
    2.722892480318,3.176707893705,3.630523307091,4.084338720477,
    4.538154133864,4.99196954725,5.445784960636,5.899600374023,
    6.353415787409,6.807231200795,7.261046614182,7.714862027568,
    8.168677440955,8.622492854341,9.076308267727,9.530123681114,
    9.9839390945,10.437754507886,10.891569921273,11.345385334659,
    11.799200748045,12.253016161432,12.706831574818,13.160646988205,
    13.614462401591,14.068277814977,14.522093228364,14.97590864175,
    15.429724055136,15.883539468523,16.337354881909,16.791170295295,
    17.244985708682,17.698801122068,18.152616535455,18.606431948841,
    19.060247362227,19.514062775614,19.967878189),
  .QUASI_UNIFORM_KNOTS.);
#3432 = CARTESIAN_POINT('',(6.28318530718,0.148863979));
#3433 = CARTESIAN_POINT('',(6.235703288709,0.148830343545));
#3434 = CARTESIAN_POINT('',(6.140747409026,0.14877935831));
#3435 = CARTESIAN_POINT('',(5.99829648966,0.148749875));
#3436 = CARTESIAN_POINT('',(5.855703532331,0.148765470956));
#3437 = CARTESIAN_POINT('',(5.713135381678,0.148824415692));
#3438 = CARTESIAN_POINT('',(5.570693092582,0.148924292358));
#3439 = CARTESIAN_POINT('',(5.42808795218,0.149065244771));
#3440 = CARTESIAN_POINT('',(5.285421565334,0.149230719329));
#3441 = CARTESIAN_POINT('',(5.1424691503,0.149407277798));
#3442 = CARTESIAN_POINT('',(4.999385724905,0.149581921599));
#3443 = CARTESIAN_POINT('',(4.856388201941,0.149741100525));
#3444 = CARTESIAN_POINT('',(4.713363583538,0.149873031232));
#3445 = CARTESIAN_POINT('',(4.570307146712,0.149959414547));
#3446 = CARTESIAN_POINT('',(4.42722647873,0.149996436797));
#3447 = CARTESIAN_POINT('',(4.284021018725,0.149986855986));
#3448 = CARTESIAN_POINT('',(4.140917049953,0.149931467788));
#3449 = CARTESIAN_POINT('',(3.998074736901,0.149832345523));
#3450 = CARTESIAN_POINT('',(3.855263162078,0.149688414251));
#3451 = CARTESIAN_POINT('',(3.712599018217,0.149518609287));
#3452 = CARTESIAN_POINT('',(3.569801147365,0.149337309596));
#3453 = CARTESIAN_POINT('',(3.426989218485,0.149158531641));
#3454 = CARTESIAN_POINT('',(3.284348546069,0.148996810296));
#3455 = CARTESIAN_POINT('',(3.141783307695,0.148864969298));
#3456 = CARTESIAN_POINT('',(2.999229263756,0.14878215851));
#3457 = CARTESIAN_POINT('',(2.85661993933,0.148751103975));
#3458 = CARTESIAN_POINT('',(2.713862986955,0.14876814418));
#3459 = CARTESIAN_POINT('',(2.571152629591,0.148831533954));
#3460 = CARTESIAN_POINT('',(2.428620975618,0.148938250318));
#3461 = CARTESIAN_POINT('',(2.286004242696,0.149088465184));
#3462 = CARTESIAN_POINT('',(2.143430814008,0.149261284812));
#3463 = CARTESIAN_POINT('',(2.000641491182,0.14944284231));
#3464 = CARTESIAN_POINT('',(1.857763311908,0.149619259568));
#3465 = CARTESIAN_POINT('',(1.714979923109,0.149776326888));
#3466 = CARTESIAN_POINT('',(1.572179773594,0.149901172153));
#3467 = CARTESIAN_POINT('',(1.429282746193,0.149975904498));
#3468 = CARTESIAN_POINT('',(1.286249784712,0.149999518641));
#3469 = CARTESIAN_POINT('',(1.143020577067,0.149976086873));
#3470 = CARTESIAN_POINT('',(0.999827770842,0.149908138037));
#3471 = CARTESIAN_POINT('',(0.856838984127,0.149799297191));
#3472 = CARTESIAN_POINT('',(0.713799243383,0.149650347986));
#3473 = CARTESIAN_POINT('',(0.570945266982,0.149481178732));
#3474 = CARTESIAN_POINT('',(0.427989014887,0.14930440119));
#3475 = CARTESIAN_POINT('',(0.285074866486,0.149132868165));
#3476 = CARTESIAN_POINT('',(0.14242336203,0.148979367854));
#3477 = CARTESIAN_POINT('',(4.745142228301E-02,0.148897593182));
#3478 = CARTESIAN_POINT('',(0.,0.148863979));
#3479 = ( GEOMETRIC_REPRESENTATION_CONTEXT(2) 
PARAMETRIC_REPRESENTATION_CONTEXT() REPRESENTATION_CONTEXT('2D SPACE',''
  ) );
#3480 = FACE_BOUND('',#3481,.T.);
#3481 = EDGE_LOOP('',(#3482));
#3482 = ORIENTED_EDGE('',*,*,#3483,.T.);
#3483 = EDGE_CURVE('',#3484,#3484,#3486,.T.);
#3484 = VERTEX_POINT('',#3485);
#3485 = CARTESIAN_POINT('',(1.870288237,-1.322516818,0.999194663));
#3486 = SURFACE_CURVE('',#3487,(#3513,#3564),.PCURVE_S1.);
#3487 = B_SPLINE_CURVE_WITH_KNOTS('',3,(#3488,#3489,#3490,#3491,#3492,
    #3493,#3494,#3495,#3496,#3497,#3498,#3499,#3500,#3501,#3502,#3503,
    #3504,#3505,#3506,#3507,#3508,#3509,#3510,#3511,#3512),
  .UNSPECIFIED.,.T.,.F.,(1,3,3,3,3,3,3,3,3,3,1),(-0.208316845,0.,
    0.208316845,0.416633689,0.624950534,0.833267378,1.041584223,
    1.249901067,1.458217912,1.666534757,1.874851602),.UNSPECIFIED.);
#3488 = CARTESIAN_POINT('',(1.870288237,-1.322516818,0.999194663));
#3489 = CARTESIAN_POINT('',(1.870288237,-1.335596183,0.998876412));
#3490 = CARTESIAN_POINT('',(1.864904909,-1.348599775,0.998676342));
#3491 = CARTESIAN_POINT('',(1.85566467,-1.35785105,0.998780744));
#3492 = CARTESIAN_POINT('',(1.846424431,-1.367102325,0.998885147));
#3493 = CARTESIAN_POINT('',(1.833439578,-1.372501872,0.999272667));
#3494 = CARTESIAN_POINT('',(1.820345183,-1.372516785,0.999584854));
#3495 = CARTESIAN_POINT('',(1.807250787,-1.372531699,0.999897042));
#3496 = CARTESIAN_POINT('',(1.794210734,-1.367149802,1.00007473));
#3497 = CARTESIAN_POINT('',(1.784933262,-1.35787252,0.999961358));
#3498 = CARTESIAN_POINT('',(1.775655789,-1.348595238,0.999847986));
#3499 = CARTESIAN_POINT('',(1.770275022,-1.335549765,0.999469383));
#3500 = CARTESIAN_POINT('',(1.770288263,-1.322466215,0.999165831));
#3501 = CARTESIAN_POINT('',(1.770301504,-1.309382665,0.998862278));
#3502 = CARTESIAN_POINT('',(1.775682215,-1.296426995,0.998682087));
#3503 = CARTESIAN_POINT('',(1.784904544,-1.287189856,0.998778313));
#3504 = CARTESIAN_POINT('',(1.794126872,-1.277952717,0.998874538));
#3505 = CARTESIAN_POINT('',(1.807109329,-1.27253626,0.999234753));
#3506 = CARTESIAN_POINT('',(1.820214268,-1.272516872,0.999546428));
#3507 = CARTESIAN_POINT('',(1.833319208,-1.272497485,0.999858104));
#3508 = CARTESIAN_POINT('',(1.846376892,-1.27789439,1.00006597));
#3509 = CARTESIAN_POINT('',(1.855644347,-1.287162249,0.999976342));
#3510 = CARTESIAN_POINT('',(1.864911802,-1.296430108,0.999886714));
#3511 = CARTESIAN_POINT('',(1.870288237,-1.309440922,0.999512829));
#3512 = CARTESIAN_POINT('',(1.870288237,-1.322516818,0.999194663));
#3513 = PCURVE('',#52,#3514);
#3514 = DEFINITIONAL_REPRESENTATION('',(#3515),#3563);
#3515 = B_SPLINE_CURVE_WITH_KNOTS('',3,(#3516,#3517,#3518,#3519,#3520,
    #3521,#3522,#3523,#3524,#3525,#3526,#3527,#3528,#3529,#3530,#3531,
    #3532,#3533,#3534,#3535,#3536,#3537,#3538,#3539,#3540,#3541,#3542,
    #3543,#3544,#3545,#3546,#3547,#3548,#3549,#3550,#3551,#3552,#3553,
    #3554,#3555,#3556,#3557,#3558,#3559,#3560,#3561,#3562),
  .UNSPECIFIED.,.T.,.F.,(4,1,1,1,1,1,1,1,1,1,1,1,1,1,1,1,1,1,1,1,1,1,1,1
    ,1,1,1,1,1,1,1,1,1,1,1,1,1,1,1,1,1,1,1,1,4),(0.,3.787578993182E-02,
    7.575157986364E-02,0.113627369795,0.151503159727,0.189378949659,
    0.227254739591,0.265130529523,0.303006319455,0.340882109386,
    0.378757899318,0.41663368925,0.454509479182,0.492385269114,
    0.530261059045,0.568136848977,0.606012638909,0.643888428841,
    0.681764218773,0.719640008705,0.757515798636,0.795391588568,
    0.8332673785,0.871143168432,0.909018958364,0.946894748295,
    0.984770538227,1.022646328159,1.060522118091,1.098397908023,
    1.136273697955,1.174149487886,1.212025277818,1.24990106775,
    1.287776857682,1.325652647614,1.363528437545,1.401404227477,
    1.439280017409,1.477155807341,1.515031597273,1.552907387205,
    1.590783177136,1.628658967068,1.666534757),.QUASI_UNIFORM_KNOTS.);
#3516 = CARTESIAN_POINT('',(61.122522325595,12.846692159714));
#3517 = CARTESIAN_POINT('',(61.114427111699,12.841183112387));
#3518 = CARTESIAN_POINT('',(61.097428929152,12.831295495314));
#3519 = CARTESIAN_POINT('',(61.070063001069,12.820012037843));
#3520 = CARTESIAN_POINT('',(61.041386071872,12.812435463205));
#3521 = CARTESIAN_POINT('',(61.011945143677,12.80871635853));
#3522 = CARTESIAN_POINT('',(60.982285547544,12.808981084845));
#3523 = CARTESIAN_POINT('',(60.952941066825,12.813401840521));
#3524 = CARTESIAN_POINT('',(60.924558972909,12.821858858596));
#3525 = CARTESIAN_POINT('',(60.897593747046,12.834009136746));
#3526 = CARTESIAN_POINT('',(60.872534498839,12.849552458996));
#3527 = CARTESIAN_POINT('',(60.849878672506,12.868163274508));
#3528 = CARTESIAN_POINT('',(60.830117805127,12.889535817251));
#3529 = CARTESIAN_POINT('',(60.813827950593,12.913280539935));
#3530 = CARTESIAN_POINT('',(60.80123985923,12.93876630711));
#3531 = CARTESIAN_POINT('',(60.792520800781,12.965445722798));
#3532 = CARTESIAN_POINT('',(60.787870549093,12.992756321928));
#3533 = CARTESIAN_POINT('',(60.78747309557,13.020145875346));
#3534 = CARTESIAN_POINT('',(60.79158136332,13.047079597322));
#3535 = CARTESIAN_POINT('',(60.80013984103,13.072903259645));
#3536 = CARTESIAN_POINT('',(60.812820295818,13.097199782564));
#3537 = CARTESIAN_POINT('',(60.829345028914,13.119528711919));
#3538 = CARTESIAN_POINT('',(60.849401672849,13.139459493624));
#3539 = CARTESIAN_POINT('',(60.872696350022,13.156574405532));
#3540 = CARTESIAN_POINT('',(60.898817008022,13.170412438112));
#3541 = CARTESIAN_POINT('',(60.927072371581,13.180861391651));
#3542 = CARTESIAN_POINT('',(60.956862690657,13.18784639617));
#3543 = CARTESIAN_POINT('',(60.987552827111,13.191265620705));
#3544 = CARTESIAN_POINT('',(61.018506831326,13.191021433616));
#3545 = CARTESIAN_POINT('',(61.049092128573,13.186950164772));
#3546 = CARTESIAN_POINT('',(61.078568931805,13.179120479388));
#3547 = CARTESIAN_POINT('',(61.106388902174,13.167824494481));
#3548 = CARTESIAN_POINT('',(61.13199175704,13.153293014446));
#3549 = CARTESIAN_POINT('',(61.154830740196,13.135768356638));
#3550 = CARTESIAN_POINT('',(61.174391653321,13.115464473885));
#3551 = CARTESIAN_POINT('',(61.190097867199,13.092669940924));
#3552 = CARTESIAN_POINT('',(61.201774113912,13.067951050809));
#3553 = CARTESIAN_POINT('',(61.209333629951,13.041807147422));
#3554 = CARTESIAN_POINT('',(61.212671583731,13.014765315253));
#3555 = CARTESIAN_POINT('',(61.211710643178,12.987358452317));
#3556 = CARTESIAN_POINT('',(61.206309046325,12.960119817893));
#3557 = CARTESIAN_POINT('',(61.196653904678,12.933710069104));
#3558 = CARTESIAN_POINT('',(61.183149605487,12.90860385525));
#3559 = CARTESIAN_POINT('',(61.166136566909,12.885306068203));
#3560 = CARTESIAN_POINT('',(61.145959144237,12.864317199851));
#3561 = CARTESIAN_POINT('',(61.130613637002,12.852198996193));
#3562 = CARTESIAN_POINT('',(61.122522325595,12.846692159714));
#3563 = ( GEOMETRIC_REPRESENTATION_CONTEXT(2) 
PARAMETRIC_REPRESENTATION_CONTEXT() REPRESENTATION_CONTEXT('2D SPACE',''
  ) );
#3564 = PCURVE('',#3565,#3570);
#3565 = CYLINDRICAL_SURFACE('',#3566,5.E-02);
#3566 = AXIS2_PLACEMENT_3D('',#3567,#3568,#3569);
#3567 = CARTESIAN_POINT('',(1.820288237,-1.322516818,0.85));
#3568 = DIRECTION('',(0.,0.,1.));
#3569 = DIRECTION('',(1.,0.,0.));
#3570 = DEFINITIONAL_REPRESENTATION('',(#3571),#3619);
#3571 = B_SPLINE_CURVE_WITH_KNOTS('',3,(#3572,#3573,#3574,#3575,#3576,
    #3577,#3578,#3579,#3580,#3581,#3582,#3583,#3584,#3585,#3586,#3587,
    #3588,#3589,#3590,#3591,#3592,#3593,#3594,#3595,#3596,#3597,#3598,
    #3599,#3600,#3601,#3602,#3603,#3604,#3605,#3606,#3607,#3608,#3609,
    #3610,#3611,#3612,#3613,#3614,#3615,#3616,#3617,#3618),
  .UNSPECIFIED.,.F.,.F.,(4,1,1,1,1,1,1,1,1,1,1,1,1,1,1,1,1,1,1,1,1,1,1,1
    ,1,1,1,1,1,1,1,1,1,1,1,1,1,1,1,1,1,1,1,1,4),(0.,3.787578993182E-02,
    7.575157986364E-02,0.113627369795,0.151503159727,0.189378949659,
    0.227254739591,0.265130529523,0.303006319455,0.340882109386,
    0.378757899318,0.41663368925,0.454509479182,0.492385269114,
    0.530261059045,0.568136848977,0.606012638909,0.643888428841,
    0.681764218773,0.719640008705,0.757515798636,0.795391588568,
    0.8332673785,0.871143168432,0.909018958364,0.946894748295,
    0.984770538227,1.022646328159,1.060522118091,1.098397908023,
    1.136273697955,1.174149487886,1.212025277818,1.24990106775,
    1.287776857682,1.325652647614,1.363528437545,1.401404227477,
    1.439280017409,1.477155807341,1.515031597273,1.552907387205,
    1.590783177136,1.628658967068,1.666534757),.QUASI_UNIFORM_KNOTS.);
#3572 = CARTESIAN_POINT('',(6.28318530718,0.149194663));
#3573 = CARTESIAN_POINT('',(6.235654088768,0.149136799182));
#3574 = CARTESIAN_POINT('',(6.14057214593,0.149028883377));
#3575 = CARTESIAN_POINT('',(5.997886084747,0.148897179494));
#3576 = CARTESIAN_POINT('',(5.855043812219,0.148802315373));
#3577 = CARTESIAN_POINT('',(5.712261788317,0.148751186332));
#3578 = CARTESIAN_POINT('',(5.569688272428,0.148749850556));
#3579 = CARTESIAN_POINT('',(5.427078484546,0.148807489385));
#3580 = CARTESIAN_POINT('',(5.284535622978,0.1489159979));
#3581 = CARTESIAN_POINT('',(5.141795844345,0.14906092801));
#3582 = CARTESIAN_POINT('',(4.99897974786,0.14922989329));
#3583 = CARTESIAN_POINT('',(4.856266793935,0.149409326597));
#3584 = CARTESIAN_POINT('',(4.713542148626,0.149588321993));
#3585 = CARTESIAN_POINT('',(4.570732009767,0.149746509439));
#3586 = CARTESIAN_POINT('',(4.427796821804,0.149870791339));
#3587 = CARTESIAN_POINT('',(4.284659466233,0.149957561014));
#3588 = CARTESIAN_POINT('',(4.141530395029,0.150000466534));
#3589 = CARTESIAN_POINT('',(3.998553718032,0.149994646055));
#3590 = CARTESIAN_POINT('',(3.855448893624,0.149932022639));
#3591 = CARTESIAN_POINT('',(3.712461238903,0.149821971672));
#3592 = CARTESIAN_POINT('',(3.569319433537,0.149677999297));
#3593 = CARTESIAN_POINT('',(3.426182758767,0.149511937943));
#3594 = CARTESIAN_POINT('',(3.283280892126,0.149336581508));
#3595 = CARTESIAN_POINT('',(3.140554337663,0.14916255174));
#3596 = CARTESIAN_POINT('',(2.997985306373,0.149008197516));
#3597 = CARTESIAN_POINT('',(2.855490153145,0.148885123129));
#3598 = CARTESIAN_POINT('',(2.712929563939,0.148797182661));
#3599 = CARTESIAN_POINT('',(2.570459513569,0.148750473328));
#3600 = CARTESIAN_POINT('',(2.42817849311,0.148749870021));
#3601 = CARTESIAN_POINT('',(2.285820033502,0.148802893791));
#3602 = CARTESIAN_POINT('',(2.143406523109,0.148903754298));
#3603 = CARTESIAN_POINT('',(2.000714335448,0.149039746489));
#3604 = CARTESIAN_POINT('',(1.85788475679,0.149200107892));
#3605 = CARTESIAN_POINT('',(1.71511584318,0.149372968619));
#3606 = CARTESIAN_POINT('',(1.572295401269,0.149548945876));
#3607 = CARTESIAN_POINT('',(1.429356778637,0.149709815899));
#3608 = CARTESIAN_POINT('',(1.286282110136,0.149841633002));
#3609 = CARTESIAN_POINT('',(1.14301687062,0.149939317458));
#3610 = CARTESIAN_POINT('',(0.999811401455,0.149995224771));
#3611 = CARTESIAN_POINT('',(0.856847917678,0.150003103568));
#3612 = CARTESIAN_POINT('',(0.713898232193,0.149953694754));
#3613 = CARTESIAN_POINT('',(0.571111016735,0.14985275182));
#3614 = CARTESIAN_POINT('',(0.42820159733,0.149714161971));
#3615 = CARTESIAN_POINT('',(0.28529519163,0.149549749909));
#3616 = CARTESIAN_POINT('',(0.142588660589,0.149371893173));
#3617 = CARTESIAN_POINT('',(4.751956841806E-02,0.149252511364));
#3618 = CARTESIAN_POINT('',(0.,0.149194663));
#3619 = ( GEOMETRIC_REPRESENTATION_CONTEXT(2) 
PARAMETRIC_REPRESENTATION_CONTEXT() REPRESENTATION_CONTEXT('2D SPACE',''
  ) );
#3620 = FACE_BOUND('',#3621,.T.);
#3621 = EDGE_LOOP('',(#3622));
#3622 = ORIENTED_EDGE('',*,*,#3623,.T.);
#3623 = EDGE_CURVE('',#3624,#3624,#3626,.T.);
#3624 = VERTEX_POINT('',#3625);
#3625 = CARTESIAN_POINT('',(1.770288237,1.322516818,-0.999167006));
#3626 = SURFACE_CURVE('',#3627,(#3653,#3704),.PCURVE_S1.);
#3627 = B_SPLINE_CURVE_WITH_KNOTS('',3,(#3628,#3629,#3630,#3631,#3632,
    #3633,#3634,#3635,#3636,#3637,#3638,#3639,#3640,#3641,#3642,#3643,
    #3644,#3645,#3646,#3647,#3648,#3649,#3650,#3651,#3652),
  .UNSPECIFIED.,.T.,.F.,(1,3,3,3,3,3,3,3,3,3,1),(-3.9082E-05,0.,
    3.9083E-05,7.8165E-05,1.17248E-04,1.56331E-04,1.95413E-04,
    2.34496E-04,2.73579E-04,3.12661E-04,3.51744E-04),.UNSPECIFIED.);
#3628 = CARTESIAN_POINT('',(1.770288237,1.322516818,-0.999167006));
#3629 = CARTESIAN_POINT('',(1.770288237,1.309305432,-0.998860321));
#3630 = CARTESIAN_POINT('',(1.775709642,1.296382183,-0.998681733));
#3631 = CARTESIAN_POINT('',(1.78493779,1.287156587,-0.998778632));
#3632 = CARTESIAN_POINT('',(1.794165939,1.277930991,-0.99887553));
#3633 = CARTESIAN_POINT('',(1.807220191,1.272523554,-0.99923756));
#3634 = CARTESIAN_POINT('',(1.820262438,1.272516824,-0.999547577));
#3635 = CARTESIAN_POINT('',(1.833304685,1.272510094,-0.999857594));
#3636 = CARTESIAN_POINT('',(1.846286948,1.277812479,-1.000066513));
#3637 = CARTESIAN_POINT('',(1.855627598,1.287145508,-0.999976565));
#3638 = CARTESIAN_POINT('',(1.864968249,1.296478536,-0.999886616));
#3639 = CARTESIAN_POINT('',(1.87028376,1.309451123,-0.999512646));
#3640 = CARTESIAN_POINT('',(1.870288234,1.322499671,-0.99919508));
#3641 = CARTESIAN_POINT('',(1.870292708,1.335548218,-0.998877514));
#3642 = CARTESIAN_POINT('',(1.864890028,1.348608551,-0.998676645));
#3643 = CARTESIAN_POINT('',(1.855676384,1.357839319,-0.998780604));
#3644 = CARTESIAN_POINT('',(1.84646274,1.367070086,-0.998884563));
#3645 = CARTESIAN_POINT('',(1.833529312,1.372504725,-0.999271161));
#3646 = CARTESIAN_POINT('',(1.820338004,1.372516793,-0.999585022));
#3647 = CARTESIAN_POINT('',(1.807146696,1.372528861,-0.999898883));
#3648 = CARTESIAN_POINT('',(1.794199072,1.367124274,-1.000074017));
#3649 = CARTESIAN_POINT('',(1.784959786,1.357899024,-0.999961678));
#3650 = CARTESIAN_POINT('',(1.775720499,1.348673774,-0.99984934));
#3651 = CARTESIAN_POINT('',(1.770288237,1.33572819,-0.999473692));
#3652 = CARTESIAN_POINT('',(1.770288237,1.322516818,-0.999167006));
#3653 = PCURVE('',#52,#3654);
#3654 = DEFINITIONAL_REPRESENTATION('',(#3655),#3703);
#3655 = B_SPLINE_CURVE_WITH_KNOTS('',3,(#3656,#3657,#3658,#3659,#3660,
    #3661,#3662,#3663,#3664,#3665,#3666,#3667,#3668,#3669,#3670,#3671,
    #3672,#3673,#3674,#3675,#3676,#3677,#3678,#3679,#3680,#3681,#3682,
    #3683,#3684,#3685,#3686,#3687,#3688,#3689,#3690,#3691,#3692,#3693,
    #3694,#3695,#3696,#3697,#3698,#3699,#3700,#3701,#3702),
  .UNSPECIFIED.,.T.,.F.,(4,1,1,1,1,1,1,1,1,1,1,1,1,1,1,1,1,1,1,1,1,1,1,1
    ,1,1,1,1,1,1,1,1,1,1,1,1,1,1,1,1,1,1,1,1,4),(0.,7.105931818182E-06,
    1.421186363636E-05,2.131779545455E-05,2.842372727273E-05,
    3.552965909091E-05,4.263559090909E-05,4.974152272727E-05,
    5.684745454545E-05,6.395338636364E-05,7.105931818182E-05,
    7.816525E-05,8.527118181818E-05,9.237711363636E-05,
    9.948304545455E-05,1.065889772727E-04,1.136949090909E-04,
    1.208008409091E-04,1.279067727273E-04,1.350127045455E-04,
    1.421186363636E-04,1.492245681818E-04,1.563305E-04,
    1.634364318182E-04,1.705423636364E-04,1.776482954545E-04,
    1.847542272727E-04,1.918601590909E-04,1.989660909091E-04,
    2.060720227273E-04,2.131779545455E-04,2.202838863636E-04,
    2.273898181818E-04,2.3449575E-04,2.416016818182E-04,
    2.487076136364E-04,2.558135454545E-04,2.629194772727E-04,
    2.700254090909E-04,2.771313409091E-04,2.842372727273E-04,
    2.913432045455E-04,2.984491363636E-04,3.055550681818E-04,3.12661E-04
    ),.QUASI_UNIFORM_KNOTS.);
#3656 = CARTESIAN_POINT('',(13.127007912388,24.844081615042));
#3657 = CARTESIAN_POINT('',(13.118692774717,24.838863077601));
#3658 = CARTESIAN_POINT('',(13.101165740163,24.829558615112));
#3659 = CARTESIAN_POINT('',(13.072793150592,24.819062950221));
#3660 = CARTESIAN_POINT('',(13.042943577888,24.812086516496));
#3661 = CARTESIAN_POINT('',(13.012233225158,24.80870497895));
#3662 = CARTESIAN_POINT('',(12.981284913263,24.808994700501));
#3663 = CARTESIAN_POINT('',(12.950716218616,24.813086676438));
#3664 = CARTESIAN_POINT('',(12.92122446852,24.820971667002));
#3665 = CARTESIAN_POINT('',(12.89338534339,24.832327785921));
#3666 = CARTESIAN_POINT('',(12.867777374905,24.846904664687));
#3667 = CARTESIAN_POINT('',(12.844960203564,24.864439109177));
#3668 = CARTESIAN_POINT('',(12.825488958042,24.884693059777));
#3669 = CARTESIAN_POINT('',(12.809872012697,24.907369153036));
#3670 = CARTESIAN_POINT('',(12.798216679887,24.931955499119));
#3671 = CARTESIAN_POINT('',(12.790653297684,24.957988123444));
#3672 = CARTESIAN_POINT('',(12.787300963837,24.984983743046));
#3673 = CARTESIAN_POINT('',(12.788256408753,25.012440223172));
#3674 = CARTESIAN_POINT('',(12.793687611393,25.039899414985));
#3675 = CARTESIAN_POINT('',(12.803360767132,25.066390852155));
#3676 = CARTESIAN_POINT('',(12.81687200936,25.091504056582));
#3677 = CARTESIAN_POINT('',(12.833877102844,25.114757874793));
#3678 = CARTESIAN_POINT('',(12.854030396834,25.135681793975));
#3679 = CARTESIAN_POINT('',(12.877000740148,25.153818989293));
#3680 = CARTESIAN_POINT('',(12.902472313722,25.168643963957));
#3681 = CARTESIAN_POINT('',(12.929854799119,25.179926263032));
#3682 = CARTESIAN_POINT('',(12.958566729737,25.187518621326));
#3683 = CARTESIAN_POINT('',(12.988033115192,25.191259514261));
#3684 = CARTESIAN_POINT('',(13.017686685652,25.19101925498));
#3685 = CARTESIAN_POINT('',(13.046952388331,25.186617554686));
#3686 = CARTESIAN_POINT('',(13.07528847363,25.178212501735));
#3687 = CARTESIAN_POINT('',(13.102236121986,25.16611274706));
#3688 = CARTESIAN_POINT('',(13.127314715542,25.15059049882));
#3689 = CARTESIAN_POINT('',(13.150023972692,25.131953303079));
#3690 = CARTESIAN_POINT('',(13.169904360623,25.110442337848));
#3691 = CARTESIAN_POINT('',(13.186285687257,25.086558931772));
#3692 = CARTESIAN_POINT('',(13.198870016393,25.061053901783));
#3693 = CARTESIAN_POINT('',(13.207549456618,25.034417105617));
#3694 = CARTESIAN_POINT('',(13.212151166471,25.007200524902));
#3695 = CARTESIAN_POINT('',(13.212525072436,24.979932369676));
#3696 = CARTESIAN_POINT('',(13.208460374199,24.953129258904));
#3697 = CARTESIAN_POINT('',(13.200007787978,24.927392108227));
#3698 = CARTESIAN_POINT('',(13.18744167975,24.903137649579));
#3699 = CARTESIAN_POINT('',(13.170997513583,24.8807989699));
#3700 = CARTESIAN_POINT('',(13.15093327737,24.860797718789));
#3701 = CARTESIAN_POINT('',(13.13532522194,24.849300835739));
#3702 = CARTESIAN_POINT('',(13.127007912388,24.844081615042));
#3703 = ( GEOMETRIC_REPRESENTATION_CONTEXT(2) 
PARAMETRIC_REPRESENTATION_CONTEXT() REPRESENTATION_CONTEXT('2D SPACE',''
  ) );
#3704 = PCURVE('',#3705,#3710);
#3705 = CYLINDRICAL_SURFACE('',#3706,5.E-02);
#3706 = AXIS2_PLACEMENT_3D('',#3707,#3708,#3709);
#3707 = CARTESIAN_POINT('',(1.820288237,1.322516818,-0.85));
#3708 = DIRECTION('',(-0.,-0.,-1.));
#3709 = DIRECTION('',(-1.,0.,0.));
#3710 = DEFINITIONAL_REPRESENTATION('',(#3711),#3759);
#3711 = B_SPLINE_CURVE_WITH_KNOTS('',3,(#3712,#3713,#3714,#3715,#3716,
    #3717,#3718,#3719,#3720,#3721,#3722,#3723,#3724,#3725,#3726,#3727,
    #3728,#3729,#3730,#3731,#3732,#3733,#3734,#3735,#3736,#3737,#3738,
    #3739,#3740,#3741,#3742,#3743,#3744,#3745,#3746,#3747,#3748,#3749,
    #3750,#3751,#3752,#3753,#3754,#3755,#3756,#3757,#3758),
  .UNSPECIFIED.,.F.,.F.,(4,1,1,1,1,1,1,1,1,1,1,1,1,1,1,1,1,1,1,1,1,1,1,1
    ,1,1,1,1,1,1,1,1,1,1,1,1,1,1,1,1,1,1,1,1,4),(0.,7.105931818182E-06,
    1.421186363636E-05,2.131779545455E-05,2.842372727273E-05,
    3.552965909091E-05,4.263559090909E-05,4.974152272727E-05,
    5.684745454545E-05,6.395338636364E-05,7.105931818182E-05,
    7.816525E-05,8.527118181818E-05,9.237711363636E-05,
    9.948304545455E-05,1.065889772727E-04,1.136949090909E-04,
    1.208008409091E-04,1.279067727273E-04,1.350127045455E-04,
    1.421186363636E-04,1.492245681818E-04,1.563305E-04,
    1.634364318182E-04,1.705423636364E-04,1.776482954545E-04,
    1.847542272727E-04,1.918601590909E-04,1.989660909091E-04,
    2.060720227273E-04,2.131779545455E-04,2.202838863636E-04,
    2.273898181818E-04,2.3449575E-04,2.416016818182E-04,
    2.487076136364E-04,2.558135454545E-04,2.629194772727E-04,
    2.700254090909E-04,2.771313409091E-04,2.842372727273E-04,
    2.913432045455E-04,2.984491363636E-04,3.055550681818E-04,3.12661E-04
    ),.QUASI_UNIFORM_KNOTS.);
#3712 = CARTESIAN_POINT('',(6.28318530718,0.149167006));
#3713 = CARTESIAN_POINT('',(6.235173069553,0.149111245626));
#3714 = CARTESIAN_POINT('',(6.13941615875,0.149008192544));
#3715 = CARTESIAN_POINT('',(5.996362195472,0.148884343657));
#3716 = CARTESIAN_POINT('',(5.8535773161,0.148796503053));
#3717 = CARTESIAN_POINT('',(5.711067801692,0.148750123939));
#3718 = CARTESIAN_POINT('',(5.568812103686,0.148750007073));
#3719 = CARTESIAN_POINT('',(5.426511222424,0.148803387346));
#3720 = CARTESIAN_POINT('',(5.283936478827,0.148904786495));
#3721 = CARTESIAN_POINT('',(5.140993440518,0.14904128868));
#3722 = CARTESIAN_POINT('',(4.997970902628,0.149201962495));
#3723 = CARTESIAN_POINT('',(4.855220448922,0.149374822703));
#3724 = CARTESIAN_POINT('',(4.712872174042,0.149550114954));
#3725 = CARTESIAN_POINT('',(4.570690583737,0.149710215176));
#3726 = CARTESIAN_POINT('',(4.428315112921,0.149841820114));
#3727 = CARTESIAN_POINT('',(4.285648609187,0.149939492284));
#3728 = CARTESIAN_POINT('',(4.142707385167,0.149995493119));
#3729 = CARTESIAN_POINT('',(3.999498115705,0.150003422613));
#3730 = CARTESIAN_POINT('',(3.855391898817,0.149953827593));
#3731 = CARTESIAN_POINT('',(3.712189467024,0.149852761451));
#3732 = CARTESIAN_POINT('',(3.569259028024,0.149714146392));
#3733 = CARTESIAN_POINT('',(3.426597039854,0.149549682731));
#3734 = CARTESIAN_POINT('',(3.284209968742,0.149372305585));
#3735 = CARTESIAN_POINT('',(3.141975611691,0.149192232763));
#3736 = CARTESIAN_POINT('',(2.999561242247,0.149029316493));
#3737 = CARTESIAN_POINT('',(2.856769110039,0.148897946333));
#3738 = CARTESIAN_POINT('',(2.71371978773,0.148802825322));
#3739 = CARTESIAN_POINT('',(2.57077454011,0.148751461231));
#3740 = CARTESIAN_POINT('',(2.428226324231,0.148749829424));
#3741 = CARTESIAN_POINT('',(2.286004684815,0.148807230161));
#3742 = CARTESIAN_POINT('',(2.143748877814,0.148915438517));
#3743 = CARTESIAN_POINT('',(2.001211690392,0.149060141738));
#3744 = CARTESIAN_POINT('',(1.85839738156,0.14922907349));
#3745 = CARTESIAN_POINT('',(1.715422609666,0.149408718286));
#3746 = CARTESIAN_POINT('',(1.571798362756,0.149588510843));
#3747 = CARTESIAN_POINT('',(1.428164317936,0.149747334205));
#3748 = CARTESIAN_POINT('',(1.285166792731,0.149871515371));
#3749 = CARTESIAN_POINT('',(1.142316105399,0.149957957686));
#3750 = CARTESIAN_POINT('',(0.999717234878,0.150000536239));
#3751 = CARTESIAN_POINT('',(0.85737118437,0.149994662794));
#3752 = CARTESIAN_POINT('',(0.714970738319,0.149932630673));
#3753 = CARTESIAN_POINT('',(0.572584335821,0.149823425663));
#3754 = CARTESIAN_POINT('',(0.42991414826,0.14968021671));
#3755 = CARTESIAN_POINT('',(0.286973859625,0.149514669439));
#3756 = CARTESIAN_POINT('',(0.143802918325,0.149338852426));
#3757 = CARTESIAN_POINT('',(4.801272048098E-02,0.149222767983));
#3758 = CARTESIAN_POINT('',(0.,0.149167006));
#3759 = ( GEOMETRIC_REPRESENTATION_CONTEXT(2) 
PARAMETRIC_REPRESENTATION_CONTEXT() REPRESENTATION_CONTEXT('2D SPACE',''
  ) );
#3760 = FACE_BOUND('',#3761,.T.);
#3761 = EDGE_LOOP('',(#3762));
#3762 = ORIENTED_EDGE('',*,*,#3763,.T.);
#3763 = EDGE_CURVE('',#3764,#3764,#3766,.T.);
#3764 = VERTEX_POINT('',#3765);
#3765 = CARTESIAN_POINT('',(-0.695288237,2.089877162,-0.998863979));
#3766 = SURFACE_CURVE('',#3767,(#3793,#3844),.PCURVE_S1.);
#3767 = B_SPLINE_CURVE_WITH_KNOTS('',3,(#3768,#3769,#3770,#3771,#3772,
    #3773,#3774,#3775,#3776,#3777,#3778,#3779,#3780,#3781,#3782,#3783,
    #3784,#3785,#3786,#3787,#3788,#3789,#3790,#3791,#3792),
  .UNSPECIFIED.,.T.,.F.,(1,3,3,3,3,3,3,3,3,3,1),(-3.9082E-05,0.,
    3.9083E-05,7.8165E-05,1.17248E-04,1.56331E-04,1.95413E-04,
    2.34496E-04,2.73579E-04,3.12661E-04,3.51744E-04),.UNSPECIFIED.);
#3768 = CARTESIAN_POINT('',(-0.695288237,2.089877162,-0.998863979));
#3769 = CARTESIAN_POINT('',(-0.682074494,2.089877162,-0.998676884));
#3770 = CARTESIAN_POINT('',(-0.669150567,2.095301019,-0.998742024));
#3771 = CARTESIAN_POINT('',(-0.659926888,2.104527834,-0.998997736));
#3772 = CARTESIAN_POINT('',(-0.650703209,2.113754648,-0.999253447));
#3773 = CARTESIAN_POINT('',(-0.645295069,2.12680695,-0.999664867));
#3774 = CARTESIAN_POINT('',(-0.645288244,2.139851,-0.99986579));
#3775 = CARTESIAN_POINT('',(-0.645281419,2.152895051,-1.000066713));
#3776 = CARTESIAN_POINT('',(-0.650585872,2.165878474,-1.00002232));
#3777 = CARTESIAN_POINT('',(-0.659918292,2.175217889,-0.999759775));
#3778 = CARTESIAN_POINT('',(-0.669250712,2.184557303,-0.99949723));
#3779 = CARTESIAN_POINT('',(-0.682219998,2.189872576,-0.999071902));
#3780 = CARTESIAN_POINT('',(-0.695270678,2.189877159,-0.998873242));
#3781 = CARTESIAN_POINT('',(-0.708321357,2.189881741,-0.998674581));
#3782 = CARTESIAN_POINT('',(-0.721382429,2.184477003,-0.998743451));
#3783 = CARTESIAN_POINT('',(-0.730611709,2.175264339,-0.999014813));
#3784 = CARTESIAN_POINT('',(-0.739840989,2.166051675,-0.999286175));
#3785 = CARTESIAN_POINT('',(-0.74527608,2.15312092,-0.999707669));
#3786 = CARTESIAN_POINT('',(-0.745288212,2.139927241,-0.99989308));
#3787 = CARTESIAN_POINT('',(-0.745300345,2.126733562,-1.000078492));
#3788 = CARTESIAN_POINT('',(-0.739893222,2.113785051,-0.999992938));
#3789 = CARTESIAN_POINT('',(-0.730669544,2.104547809,-0.999724525));
#3790 = CARTESIAN_POINT('',(-0.721445865,2.095310567,-0.999456112));
#3791 = CARTESIAN_POINT('',(-0.708501926,2.089877162,-0.999051073));
#3792 = CARTESIAN_POINT('',(-0.695288237,2.089877162,-0.998863979));
#3793 = PCURVE('',#52,#3794);
#3794 = DEFINITIONAL_REPRESENTATION('',(#3795),#3843);
#3795 = B_SPLINE_CURVE_WITH_KNOTS('',3,(#3796,#3797,#3798,#3799,#3800,
    #3801,#3802,#3803,#3804,#3805,#3806,#3807,#3808,#3809,#3810,#3811,
    #3812,#3813,#3814,#3815,#3816,#3817,#3818,#3819,#3820,#3821,#3822,
    #3823,#3824,#3825,#3826,#3827,#3828,#3829,#3830,#3831,#3832,#3833,
    #3834,#3835,#3836,#3837,#3838,#3839,#3840,#3841,#3842),
  .UNSPECIFIED.,.T.,.F.,(4,1,1,1,1,1,1,1,1,1,1,1,1,1,1,1,1,1,1,1,1,1,1,1
    ,1,1,1,1,1,1,1,1,1,1,1,1,1,1,1,1,1,1,1,1,4),(0.,7.105931818182E-06,
    1.421186363636E-05,2.131779545455E-05,2.842372727273E-05,
    3.552965909091E-05,4.263559090909E-05,4.974152272727E-05,
    5.684745454545E-05,6.395338636364E-05,7.105931818182E-05,
    7.816525E-05,8.527118181818E-05,9.237711363636E-05,
    9.948304545455E-05,1.065889772727E-04,1.136949090909E-04,
    1.208008409091E-04,1.279067727273E-04,1.350127045455E-04,
    1.421186363636E-04,1.492245681818E-04,1.563305E-04,
    1.634364318182E-04,1.705423636364E-04,1.776482954545E-04,
    1.847542272727E-04,1.918601590909E-04,1.989660909091E-04,
    2.060720227273E-04,2.131779545455E-04,2.202838863636E-04,
    2.273898181818E-04,2.3449575E-04,2.416016818182E-04,
    2.487076136364E-04,2.558135454545E-04,2.629194772727E-04,
    2.700254090909E-04,2.771313409091E-04,2.842372727273E-04,
    2.913432045455E-04,2.984491363636E-04,3.055550681818E-04,3.12661E-04
    ),.QUASI_UNIFORM_KNOTS.);
#3796 = CARTESIAN_POINT('',(25.066990171566,24.817912263891));
#3797 = CARTESIAN_POINT('',(25.05710663599,24.815186625199));
#3798 = CARTESIAN_POINT('',(25.036906517475,24.811013530638));
#3799 = CARTESIAN_POINT('',(25.005936093109,24.808514392426));
#3800 = CARTESIAN_POINT('',(24.974924171033,24.809695583916));
#3801 = CARTESIAN_POINT('',(24.944500013247,24.814498383002));
#3802 = CARTESIAN_POINT('',(24.915287042248,24.822864949809));
#3803 = CARTESIAN_POINT('',(24.887910099085,24.834790850706));
#3804 = CARTESIAN_POINT('',(24.862999446268,24.850115277791));
#3805 = CARTESIAN_POINT('',(24.840954902608,24.868402401401));
#3806 = CARTESIAN_POINT('',(24.822196338025,24.889273351062));
#3807 = CARTESIAN_POINT('',(24.8071169011,24.912330833645));
#3808 = CARTESIAN_POINT('',(24.796111914379,24.937192338072));
#3809 = CARTESIAN_POINT('',(24.789515728601,24.963418121869));
#3810 = CARTESIAN_POINT('',(24.787221051854,24.990459870382));
#3811 = CARTESIAN_POINT('',(24.789166397826,25.017805703583));
#3812 = CARTESIAN_POINT('',(24.795283853244,25.044924122375));
#3813 = CARTESIAN_POINT('',(24.805489011492,25.071270644141));
#3814 = CARTESIAN_POINT('',(24.819788726428,25.096323112876));
#3815 = CARTESIAN_POINT('',(24.837656239453,25.119183014165));
#3816 = CARTESIAN_POINT('',(24.858606538697,25.139549232595));
#3817 = CARTESIAN_POINT('',(24.882189665324,25.15704420207));
#3818 = CARTESIAN_POINT('',(24.907960072632,25.171309629536));
#3819 = CARTESIAN_POINT('',(24.935491055539,25.182005439998));
#3820 = CARTESIAN_POINT('',(24.964343000028,25.188727342363));
#3821 = CARTESIAN_POINT('',(24.993908877403,25.191445084535));
#3822 = CARTESIAN_POINT('',(25.023611287867,25.190213458313));
#3823 = CARTESIAN_POINT('',(25.052863361622,25.185075051621));
#3824 = CARTESIAN_POINT('',(25.081085778093,25.176103010965));
#3825 = CARTESIAN_POINT('',(25.107663590314,25.163326432642));
#3826 = CARTESIAN_POINT('',(25.13211836154,25.1470823472));
#3827 = CARTESIAN_POINT('',(25.154088113888,25.127816596638));
#3828 = CARTESIAN_POINT('',(25.173172363136,25.105940995374));
#3829 = CARTESIAN_POINT('',(25.188958063419,25.081898673203));
#3830 = CARTESIAN_POINT('',(25.201047359135,25.056049884904));
#3831 = CARTESIAN_POINT('',(25.208920678712,25.029051580824));
#3832 = CARTESIAN_POINT('',(25.212510486277,25.001676968782));
#3833 = CARTESIAN_POINT('',(25.211857522459,24.974391658419));
#3834 = CARTESIAN_POINT('',(25.206968484903,24.94773339449));
#3835 = CARTESIAN_POINT('',(25.197874618723,24.922207232025));
#3836 = CARTESIAN_POINT('',(25.184555490292,24.898322819206));
#3837 = CARTESIAN_POINT('',(25.167284251604,24.876591373123));
#3838 = CARTESIAN_POINT('',(25.146498453732,24.85730250055));
#3839 = CARTESIAN_POINT('',(25.122610430997,24.840778851452));
#3840 = CARTESIAN_POINT('',(25.096055528246,24.827334567407));
#3841 = CARTESIAN_POINT('',(25.076875171415,24.820639510443));
#3842 = CARTESIAN_POINT('',(25.066990171566,24.817912263891));
#3843 = ( GEOMETRIC_REPRESENTATION_CONTEXT(2) 
PARAMETRIC_REPRESENTATION_CONTEXT() REPRESENTATION_CONTEXT('2D SPACE',''
  ) );
#3844 = PCURVE('',#3845,#3850);
#3845 = CYLINDRICAL_SURFACE('',#3846,5.E-02);
#3846 = AXIS2_PLACEMENT_3D('',#3847,#3848,#3849);
#3847 = CARTESIAN_POINT('',(-0.695288237,2.139877162,-0.85));
#3848 = DIRECTION('',(0.,0.,-1.));
#3849 = DIRECTION('',(0.,-1.,0.));
#3850 = DEFINITIONAL_REPRESENTATION('',(#3851),#3899);
#3851 = B_SPLINE_CURVE_WITH_KNOTS('',3,(#3852,#3853,#3854,#3855,#3856,
    #3857,#3858,#3859,#3860,#3861,#3862,#3863,#3864,#3865,#3866,#3867,
    #3868,#3869,#3870,#3871,#3872,#3873,#3874,#3875,#3876,#3877,#3878,
    #3879,#3880,#3881,#3882,#3883,#3884,#3885,#3886,#3887,#3888,#3889,
    #3890,#3891,#3892,#3893,#3894,#3895,#3896,#3897,#3898),
  .UNSPECIFIED.,.F.,.F.,(4,1,1,1,1,1,1,1,1,1,1,1,1,1,1,1,1,1,1,1,1,1,1,1
    ,1,1,1,1,1,1,1,1,1,1,1,1,1,1,1,1,1,1,1,1,4),(0.,7.105931818182E-06,
    1.421186363636E-05,2.131779545455E-05,2.842372727273E-05,
    3.552965909091E-05,4.263559090909E-05,4.974152272727E-05,
    5.684745454545E-05,6.395338636364E-05,7.105931818182E-05,
    7.816525E-05,8.527118181818E-05,9.237711363636E-05,
    9.948304545455E-05,1.065889772727E-04,1.136949090909E-04,
    1.208008409091E-04,1.279067727273E-04,1.350127045455E-04,
    1.421186363636E-04,1.492245681818E-04,1.563305E-04,
    1.634364318182E-04,1.705423636364E-04,1.776482954545E-04,
    1.847542272727E-04,1.918601590909E-04,1.989660909091E-04,
    2.060720227273E-04,2.131779545455E-04,2.202838863636E-04,
    2.273898181818E-04,2.3449575E-04,2.416016818182E-04,
    2.487076136364E-04,2.558135454545E-04,2.629194772727E-04,
    2.700254090909E-04,2.771313409091E-04,2.842372727273E-04,
    2.913432045455E-04,2.984491363636E-04,3.055550681818E-04,3.12661E-04
    ),.QUASI_UNIFORM_KNOTS.);
#3852 = CARTESIAN_POINT('',(6.28318530718,0.148863979));
#3853 = CARTESIAN_POINT('',(6.235164642288,0.148829962054));
#3854 = CARTESIAN_POINT('',(6.139392545314,0.14877860315));
#3855 = CARTESIAN_POINT('',(5.996321657975,0.148749378531));
#3856 = CARTESIAN_POINT('',(5.853525870155,0.148765706564));
#3857 = CARTESIAN_POINT('',(5.711014037298,0.148825500642));
#3858 = CARTESIAN_POINT('',(5.568767056916,0.1489260261));
#3859 = CARTESIAN_POINT('',(5.426492616914,0.149066966034));
#3860 = CARTESIAN_POINT('',(5.283936864006,0.149232433272));
#3861 = CARTESIAN_POINT('',(5.141008252392,0.149408893769));
#3862 = CARTESIAN_POINT('',(4.997993498594,0.149583306161));
#3863 = CARTESIAN_POINT('',(4.855242852422,0.149742126987));
#3864 = CARTESIAN_POINT('',(4.71288045118,0.14987332849));
#3865 = CARTESIAN_POINT('',(4.570678627587,0.149959322189));
#3866 = CARTESIAN_POINT('',(4.428287421988,0.149996704829));
#3867 = CARTESIAN_POINT('',(4.28560788133,0.149987676544));
#3868 = CARTESIAN_POINT('',(4.142659607784,0.149932717597));
#3869 = CARTESIAN_POINT('',(3.99945180295,0.149833584339));
#3870 = CARTESIAN_POINT('',(3.85536035864,0.149688648643));
#3871 = CARTESIAN_POINT('',(3.712175929733,0.149518413116));
#3872 = CARTESIAN_POINT('',(3.569264570069,0.149336985737));
#3873 = CARTESIAN_POINT('',(3.42661703966,0.149158302298));
#3874 = CARTESIAN_POINT('',(3.284234892468,0.148996778116));
#3875 = CARTESIAN_POINT('',(3.141985184957,0.14886508259));
#3876 = CARTESIAN_POINT('',(2.999547475271,0.148782389271));
#3877 = CARTESIAN_POINT('',(2.856740267592,0.148751513967));
#3878 = CARTESIAN_POINT('',(2.713680047209,0.14876868584));
#3879 = CARTESIAN_POINT('',(2.570731269337,0.148832098709));
#3880 = CARTESIAN_POINT('',(2.428188681654,0.148938674411));
#3881 = CARTESIAN_POINT('',(2.285986971353,0.14908845805));
#3882 = CARTESIAN_POINT('',(2.14374890411,0.149261023339));
#3883 = CARTESIAN_POINT('',(2.001227556755,0.149442466507));
#3884 = CARTESIAN_POINT('',(1.858423032029,0.149618931677));
#3885 = CARTESIAN_POINT('',(1.715448613827,0.149776179849));
#3886 = CARTESIAN_POINT('',(1.571805791462,0.14990145662));
#3887 = CARTESIAN_POINT('',(1.42814604439,0.149976452325));
#3888 = CARTESIAN_POINT('',(1.28513128581,0.149999945278));
#3889 = CARTESIAN_POINT('',(1.142268590365,0.149976327814));
#3890 = CARTESIAN_POINT('',(0.999667196818,0.149908316208));
#3891 = CARTESIAN_POINT('',(0.857330754654,0.149799716947));
#3892 = CARTESIAN_POINT('',(0.714959872248,0.149651651734));
#3893 = CARTESIAN_POINT('',(0.572592418962,0.149482954655));
#3894 = CARTESIAN_POINT('',(0.42993467462,0.149306317241));
#3895 = CARTESIAN_POINT('',(0.286998906578,0.149134552769));
#3896 = CARTESIAN_POINT('',(0.143822984335,0.148980441883));
#3897 = CARTESIAN_POINT('',(4.802109644643E-02,0.148897996635));
#3898 = CARTESIAN_POINT('',(8.881784197001E-16,0.148863979));
#3899 = ( GEOMETRIC_REPRESENTATION_CONTEXT(2) 
PARAMETRIC_REPRESENTATION_CONTEXT() REPRESENTATION_CONTEXT('2D SPACE',''
  ) );
#3900 = FACE_BOUND('',#3901,.T.);
#3901 = EDGE_LOOP('',(#3902));
#3902 = ORIENTED_EDGE('',*,*,#3903,.T.);
#3903 = EDGE_CURVE('',#3904,#3904,#3906,.T.);
#3904 = VERTEX_POINT('',#3905);
#3905 = CARTESIAN_POINT('',(1.870288237,1.322516818,0.999194663));
#3906 = SURFACE_CURVE('',#3907,(#3933,#3984),.PCURVE_S1.);
#3907 = B_SPLINE_CURVE_WITH_KNOTS('',3,(#3908,#3909,#3910,#3911,#3912,
    #3913,#3914,#3915,#3916,#3917,#3918,#3919,#3920,#3921,#3922,#3923,
    #3924,#3925,#3926,#3927,#3928,#3929,#3930,#3931,#3932),
  .UNSPECIFIED.,.T.,.F.,(1,3,3,3,3,3,3,3,3,3,1),(-3.9082E-05,0.,
    3.9082E-05,7.8165E-05,1.17247E-04,1.5633E-04,1.95412E-04,2.34494E-04
    ,2.73577E-04,3.12659E-04,3.51741E-04),.UNSPECIFIED.);
#3908 = CARTESIAN_POINT('',(1.870288237,1.322516818,0.999194663));
#3909 = CARTESIAN_POINT('',(1.870288237,1.309305769,0.999516118));
#3910 = CARTESIAN_POINT('',(1.864869573,1.29638675,0.999887283));
#3911 = CARTESIAN_POINT('',(1.855642187,1.287160089,0.999976424));
#3912 = CARTESIAN_POINT('',(1.846414801,1.277933428,1.000065564));
#3913 = CARTESIAN_POINT('',(1.833357191,1.272523796,0.999858661));
#3914 = CARTESIAN_POINT('',(1.820314965,1.272516825,0.999548825));
#3915 = CARTESIAN_POINT('',(1.80727274,1.272509853,0.999238989));
#3916 = CARTESIAN_POINT('',(1.794293127,1.277810688,0.998876978));
#3917 = CARTESIAN_POINT('',(1.784952494,1.287141894,0.998778787));
#3918 = CARTESIAN_POINT('',(1.775611861,1.296473099,0.998680596));
#3919 = CARTESIAN_POINT('',(1.770292757,1.309449811,0.998863747));
#3920 = CARTESIAN_POINT('',(1.77028824,1.322499514,0.999166605));
#3921 = CARTESIAN_POINT('',(1.770283724,1.335549217,0.999469462));
#3922 = CARTESIAN_POINT('',(1.775684769,1.348605292,0.999847625));
#3923 = CARTESIAN_POINT('',(1.784897071,1.357836294,0.999960911));
#3924 = CARTESIAN_POINT('',(1.794109374,1.367067295,1.000074198));
#3925 = CARTESIAN_POINT('',(1.80704872,1.372504865,0.999900918));
#3926 = CARTESIAN_POINT('',(1.820238825,1.372516793,0.999587383));
#3927 = CARTESIAN_POINT('',(1.833428929,1.372528722,0.999273849));
#3928 = CARTESIAN_POINT('',(1.846373541,1.367126614,0.998886527));
#3929 = CARTESIAN_POINT('',(1.855613783,1.357901925,0.998781314));
#3930 = CARTESIAN_POINT('',(1.864854026,1.348677235,0.9986761));
#3931 = CARTESIAN_POINT('',(1.870288237,1.335727925,0.998873207));
#3932 = CARTESIAN_POINT('',(1.870288237,1.322516818,0.999194663));
#3933 = PCURVE('',#52,#3934);
#3934 = DEFINITIONAL_REPRESENTATION('',(#3935),#3983);
#3935 = B_SPLINE_CURVE_WITH_KNOTS('',3,(#3936,#3937,#3938,#3939,#3940,
    #3941,#3942,#3943,#3944,#3945,#3946,#3947,#3948,#3949,#3950,#3951,
    #3952,#3953,#3954,#3955,#3956,#3957,#3958,#3959,#3960,#3961,#3962,
    #3963,#3964,#3965,#3966,#3967,#3968,#3969,#3970,#3971,#3972,#3973,
    #3974,#3975,#3976,#3977,#3978,#3979,#3980,#3981,#3982),
  .UNSPECIFIED.,.T.,.F.,(4,1,1,1,1,1,1,1,1,1,1,1,1,1,1,1,1,1,1,1,1,1,1,1
    ,1,1,1,1,1,1,1,1,1,1,1,1,1,1,1,1,1,1,1,1,4),(0.,7.105886363636E-06,
    1.421177272727E-05,2.131765909091E-05,2.842354545455E-05,
    3.552943181818E-05,4.263531818182E-05,4.974120454545E-05,
    5.684709090909E-05,6.395297727273E-05,7.105886363636E-05,
    7.816475E-05,8.527063636364E-05,9.237652272727E-05,
    9.948240909091E-05,1.065882954545E-04,1.136941818182E-04,
    1.208000681818E-04,1.279059545455E-04,1.350118409091E-04,
    1.421177272727E-04,1.492236136364E-04,1.563295E-04,
    1.634353863636E-04,1.705412727273E-04,1.776471590909E-04,
    1.847530454545E-04,1.918589318182E-04,1.989648181818E-04,
    2.060707045455E-04,2.131765909091E-04,2.202824772727E-04,
    2.273883636364E-04,2.3449425E-04,2.416001363636E-04,
    2.487060227273E-04,2.558119090909E-04,2.629177954545E-04,
    2.700236818182E-04,2.771295681818E-04,2.842354545455E-04,
    2.913413409091E-04,2.984472272727E-04,3.055531136364E-04,3.12659E-04
    ),.QUASI_UNIFORM_KNOTS.);
#3936 = CARTESIAN_POINT('',(12.877477674404,12.846692159714));
#3937 = CARTESIAN_POINT('',(12.869302612799,12.85225604729));
#3938 = CARTESIAN_POINT('',(12.853846923164,12.864462496243));
#3939 = CARTESIAN_POINT('',(12.833632205335,12.885514783852));
#3940 = CARTESIAN_POINT('',(12.816666328371,12.908815503685));
#3941 = CARTESIAN_POINT('',(12.803248537327,12.933873185372));
#3942 = CARTESIAN_POINT('',(12.793677162466,12.960194754359));
#3943 = CARTESIAN_POINT('',(12.788300329594,12.987309310673));
#3944 = CARTESIAN_POINT('',(12.787346003572,13.014642221824));
#3945 = CARTESIAN_POINT('',(12.790665860379,13.041635499077));
#3946 = CARTESIAN_POINT('',(12.798178917682,13.067743113838));
#3947 = CARTESIAN_POINT('',(12.809776347777,13.092427495553));
#3948 = CARTESIAN_POINT('',(12.825365672091,13.11515586164));
#3949 = CARTESIAN_POINT('',(12.844772649655,13.135416768428));
#3950 = CARTESIAN_POINT('',(12.867468380589,13.152970232752));
#3951 = CARTESIAN_POINT('',(12.892981260202,13.167565843146));
#3952 = CARTESIAN_POINT('',(12.920812285255,13.178948956834));
#3953 = CARTESIAN_POINT('',(12.950434209165,13.186870405573));
#3954 = CARTESIAN_POINT('',(12.981384591397,13.191026000027));
#3955 = CARTESIAN_POINT('',(13.012543514612,13.19128421244));
#3956 = CARTESIAN_POINT('',(13.043340337406,13.18784140517));
#3957 = CARTESIAN_POINT('',(13.073151700764,13.180816540303));
#3958 = CARTESIAN_POINT('',(13.101370993552,13.170331960213));
#3959 = CARTESIAN_POINT('',(13.127415819296,13.156500909789));
#3960 = CARTESIAN_POINT('',(13.150643306735,13.139406775785));
#3961 = CARTESIAN_POINT('',(13.170658288514,13.119478046754));
#3962 = CARTESIAN_POINT('',(13.187157820702,13.097165248758));
#3963 = CARTESIAN_POINT('',(13.199827114482,13.072915400765));
#3964 = CARTESIAN_POINT('',(13.208386221306,13.047184962115));
#3965 = CARTESIAN_POINT('',(13.212497689646,13.020424740842));
#3966 = CARTESIAN_POINT('',(13.212180852416,12.993173517348));
#3967 = CARTESIAN_POINT('',(13.207638153037,12.965957864604));
#3968 = CARTESIAN_POINT('',(13.199017595421,12.939308524232));
#3969 = CARTESIAN_POINT('',(13.186488948646,12.913781544242));
#3970 = CARTESIAN_POINT('',(13.17015521019,12.889872257825));
#3971 = CARTESIAN_POINT('',(13.150317995802,12.868330007162));
#3972 = CARTESIAN_POINT('',(13.127647938614,12.849650296273));
#3973 = CARTESIAN_POINT('',(13.102599124346,12.834078892388));
#3974 = CARTESIAN_POINT('',(13.075667373573,12.821925512383));
#3975 = CARTESIAN_POINT('',(13.047330717446,12.813464378047));
#3976 = CARTESIAN_POINT('',(13.018036678291,12.809009816676));
#3977 = CARTESIAN_POINT('',(12.98841284956,12.80867680841));
#3978 = CARTESIAN_POINT('',(12.958976850158,12.812328301771));
#3979 = CARTESIAN_POINT('',(12.930256650294,12.819865639196));
#3980 = CARTESIAN_POINT('',(12.902781594252,12.831168312901));
#3981 = CARTESIAN_POINT('',(12.885654455047,12.841127588797));
#3982 = CARTESIAN_POINT('',(12.877477674404,12.846692159714));
#3983 = ( GEOMETRIC_REPRESENTATION_CONTEXT(2) 
PARAMETRIC_REPRESENTATION_CONTEXT() REPRESENTATION_CONTEXT('2D SPACE',''
  ) );
#3984 = PCURVE('',#3985,#3990);
#3985 = CYLINDRICAL_SURFACE('',#3986,5.E-02);
#3986 = AXIS2_PLACEMENT_3D('',#3987,#3988,#3989);
#3987 = CARTESIAN_POINT('',(1.820288237,1.322516818,0.85));
#3988 = DIRECTION('',(0.,0.,1.));
#3989 = DIRECTION('',(1.,0.,0.));
#3990 = DEFINITIONAL_REPRESENTATION('',(#3991),#4039);
#3991 = B_SPLINE_CURVE_WITH_KNOTS('',3,(#3992,#3993,#3994,#3995,#3996,
    #3997,#3998,#3999,#4000,#4001,#4002,#4003,#4004,#4005,#4006,#4007,
    #4008,#4009,#4010,#4011,#4012,#4013,#4014,#4015,#4016,#4017,#4018,
    #4019,#4020,#4021,#4022,#4023,#4024,#4025,#4026,#4027,#4028,#4029,
    #4030,#4031,#4032,#4033,#4034,#4035,#4036,#4037,#4038),
  .UNSPECIFIED.,.F.,.F.,(4,1,1,1,1,1,1,1,1,1,1,1,1,1,1,1,1,1,1,1,1,1,1,1
    ,1,1,1,1,1,1,1,1,1,1,1,1,1,1,1,1,1,1,1,1,4),(0.,7.105886363636E-06,
    1.421177272727E-05,2.131765909091E-05,2.842354545455E-05,
    3.552943181818E-05,4.263531818182E-05,4.974120454545E-05,
    5.684709090909E-05,6.395297727273E-05,7.105886363636E-05,
    7.816475E-05,8.527063636364E-05,9.237652272727E-05,
    9.948240909091E-05,1.065882954545E-04,1.136941818182E-04,
    1.208000681818E-04,1.279059545455E-04,1.350118409091E-04,
    1.421177272727E-04,1.492236136364E-04,1.563295E-04,
    1.634353863636E-04,1.705412727273E-04,1.776471590909E-04,
    1.847530454545E-04,1.918589318182E-04,1.989648181818E-04,
    2.060707045455E-04,2.131765909091E-04,2.202824772727E-04,
    2.273883636364E-04,2.3449425E-04,2.416001363636E-04,
    2.487060227273E-04,2.558119090909E-04,2.629177954545E-04,
    2.700236818182E-04,2.771295681818E-04,2.842354545455E-04,
    2.913413409091E-04,2.984472272727E-04,3.055531136364E-04,3.12659E-04
    ),.QUASI_UNIFORM_KNOTS.);
#3992 = CARTESIAN_POINT('',(6.28318530718,0.149194663));
#3993 = CARTESIAN_POINT('',(6.235173173469,0.149253109924));
#3994 = CARTESIAN_POINT('',(6.139422421232,0.149373291595));
#3995 = CARTESIAN_POINT('',(5.996388944013,0.14955145354));
#3996 = CARTESIAN_POINT('',(5.853629695202,0.149715572179));
#3997 = CARTESIAN_POINT('',(5.711143101165,0.149853570294));
#3998 = CARTESIAN_POINT('',(5.568898635896,0.149953907282));
#3999 = CARTESIAN_POINT('',(5.426595968445,0.15000304054));
#4000 = CARTESIAN_POINT('',(5.284012660625,0.149995176483));
#4001 = CARTESIAN_POINT('',(5.141052570934,0.149939537335));
#4002 = CARTESIAN_POINT('',(4.998012400217,0.149842368023));
#4003 = CARTESIAN_POINT('',(4.855248316966,0.14971124949));
#4004 = CARTESIAN_POINT('',(4.712900782336,0.149551395918));
#4005 = CARTESIAN_POINT('',(4.570719829672,0.149376152514));
#4006 = CARTESIAN_POINT('',(4.42835655141,0.149203311439));
#4007 = CARTESIAN_POINT('',(4.285706459402,0.149042531266));
#4008 = CARTESIAN_POINT('',(4.142783416834,0.148905762085));
#4009 = CARTESIAN_POINT('',(3.999589146598,0.148803921507));
#4010 = CARTESIAN_POINT('',(3.855497395973,0.148749765539));
#4011 = CARTESIAN_POINT('',(3.712287108653,0.148750184534));
#4012 = CARTESIAN_POINT('',(3.569333779014,0.148797188555));
#4013 = CARTESIAN_POINT('',(3.426642629003,0.148885627384));
#4014 = CARTESIAN_POINT('',(3.284229082244,0.149009119146));
#4015 = CARTESIAN_POINT('',(3.141975922218,0.149163368871));
#4016 = CARTESIAN_POINT('',(2.999559731955,0.149336965627));
#4017 = CARTESIAN_POINT('',(2.856783650327,0.149512045666));
#4018 = CARTESIAN_POINT('',(2.713759316282,0.149677862345));
#4019 = CARTESIAN_POINT('',(2.570840271242,0.14982165552));
#4020 = CARTESIAN_POINT('',(2.428312703711,0.149931601951));
#4021 = CARTESIAN_POINT('',(2.286099533486,0.149994144278));
#4022 = CARTESIAN_POINT('',(2.143824401809,0.150000692807));
#4023 = CARTESIAN_POINT('',(2.001254374026,0.14995882687));
#4024 = CARTESIAN_POINT('',(1.858404544186,0.149873056638));
#4025 = CARTESIAN_POINT('',(1.715404357368,0.149749421801));
#4026 = CARTESIAN_POINT('',(1.571777084626,0.149590913138));
#4027 = CARTESIAN_POINT('',(1.428164331863,0.149411187546));
#4028 = CARTESIAN_POINT('',(1.285188739436,0.14923143061));
#4029 = CARTESIAN_POINT('',(1.142362624514,0.149062212504));
#4030 = CARTESIAN_POINT('',(0.999784236319,0.148917071764));
#4031 = CARTESIAN_POINT('',(0.857449893759,0.148808288896));
#4032 = CARTESIAN_POINT('',(0.715047205662,0.148750208167));
#4033 = CARTESIAN_POINT('',(0.572646387854,0.148750773289));
#4034 = CARTESIAN_POINT('',(0.429954566545,0.148801170595));
#4035 = CARTESIAN_POINT('',(0.286991774133,0.148895623545));
#4036 = CARTESIAN_POINT('',(0.143804539998,0.149027541521));
#4037 = CARTESIAN_POINT('',(4.801129608546E-02,0.149136215894));
#4038 = CARTESIAN_POINT('',(-8.881784197001E-16,0.149194663));
#4039 = ( GEOMETRIC_REPRESENTATION_CONTEXT(2) 
PARAMETRIC_REPRESENTATION_CONTEXT() REPRESENTATION_CONTEXT('2D SPACE',''
  ) );
#4040 = FACE_BOUND('',#4041,.T.);
#4041 = EDGE_LOOP('',(#4042));
#4042 = ORIENTED_EDGE('',*,*,#4043,.T.);
#4043 = EDGE_CURVE('',#4044,#4044,#4046,.T.);
#4044 = VERTEX_POINT('',#4045);
#4045 = CARTESIAN_POINT('',(-0.695288237,-2.189877162,-0.998872974));
#4046 = SURFACE_CURVE('',#4047,(#4073,#4124),.PCURVE_S1.);
#4047 = B_SPLINE_CURVE_WITH_KNOTS('',3,(#4048,#4049,#4050,#4051,#4052,
    #4053,#4054,#4055,#4056,#4057,#4058,#4059,#4060,#4061,#4062,#4063,
    #4064,#4065,#4066,#4067,#4068,#4069,#4070,#4071,#4072),
  .UNSPECIFIED.,.T.,.F.,(1,3,3,3,3,3,3,3,3,3,1),(-0.206234029,0.,
    0.206234029,0.412468058,0.618702087,0.824936116,1.031170145,
    1.237404174,1.443638203,1.649872232,1.856106261),.UNSPECIFIED.);
#4048 = CARTESIAN_POINT('',(-0.695288237,-2.189877162,-0.998872974));
#4049 = CARTESIAN_POINT('',(-0.682210881,-2.189877162,-0.99907185));
#4050 = CARTESIAN_POINT('',(-0.669205428,-2.184500433,-0.999498269));
#4051 = CARTESIAN_POINT('',(-0.659941671,-2.175241271,-0.99975911));
#4052 = CARTESIAN_POINT('',(-0.650677914,-2.16598211,-1.000019952));
#4053 = CARTESIAN_POINT('',(-0.64527284,-2.15294016,-1.00006774));
#4054 = CARTESIAN_POINT('',(-0.645288272,-2.13981836,-0.999865287));
#4055 = CARTESIAN_POINT('',(-0.645303704,-2.12669656,-0.999662833));
#4056 = CARTESIAN_POINT('',(-0.65073669,-2.113688246,-0.999251321));
#4057 = CARTESIAN_POINT('',(-0.659990114,-2.104464699,-0.998995979));
#4058 = CARTESIAN_POINT('',(-0.669243539,-2.095241152,-0.998740637));
#4059 = CARTESIAN_POINT('',(-0.682199102,-2.089885182,-0.99867888));
#4060 = CARTESIAN_POINT('',(-0.695257563,-2.089877171,-0.998863504));
#4061 = CARTESIAN_POINT('',(-0.708316024,-2.08986916,-0.999048128));
#4062 = CARTESIAN_POINT('',(-0.721335263,-2.095226152,-0.999452259));
#4063 = CARTESIAN_POINT('',(-0.73061951,-2.104497773,-0.999723225));
#4064 = CARTESIAN_POINT('',(-0.739903758,-2.113769394,-0.99999419));
#4065 = CARTESIAN_POINT('',(-0.745298816,-2.126811185,-1.000076968));
#4066 = CARTESIAN_POINT('',(-0.745288221,-2.139917582,-0.999893116));
#4067 = CARTESIAN_POINT('',(-0.745277626,-2.153023979,-0.999709264));
#4068 = CARTESIAN_POINT('',(-0.739871967,-2.166017886,-0.999287579));
#4069 = CARTESIAN_POINT('',(-0.730617195,-2.175258863,-0.999015524));
#4070 = CARTESIAN_POINT('',(-0.721362422,-2.184499839,-0.998743468));
#4071 = CARTESIAN_POINT('',(-0.70836563,-2.189877162,-0.998674098));
#4072 = CARTESIAN_POINT('',(-0.695288237,-2.189877162,-0.998872974));
#4073 = PCURVE('',#52,#4074);
#4074 = DEFINITIONAL_REPRESENTATION('',(#4075),#4123);
#4075 = B_SPLINE_CURVE_WITH_KNOTS('',3,(#4076,#4077,#4078,#4079,#4080,
    #4081,#4082,#4083,#4084,#4085,#4086,#4087,#4088,#4089,#4090,#4091,
    #4092,#4093,#4094,#4095,#4096,#4097,#4098,#4099,#4100,#4101,#4102,
    #4103,#4104,#4105,#4106,#4107,#4108,#4109,#4110,#4111,#4112,#4113,
    #4114,#4115,#4116,#4117,#4118,#4119,#4120,#4121,#4122),
  .UNSPECIFIED.,.T.,.F.,(4,1,1,1,1,1,1,1,1,1,1,1,1,1,1,1,1,1,1,1,1,1,1,1
    ,1,1,1,1,1,1,1,1,1,1,1,1,1,1,1,1,1,1,1,1,4),(0.,3.749709618182E-02,
    7.499419236364E-02,0.112491288545,0.149988384727,0.187485480909,
    0.224982577091,0.262479673273,0.299976769455,0.337473865636,
    0.374970961818,0.412468058,0.449965154182,0.487462250364,
    0.524959346545,0.562456442727,0.599953538909,0.637450635091,
    0.674947731273,0.712444827455,0.749941923636,0.787439019818,
    0.824936116,0.862433212182,0.899930308364,0.937427404545,
    0.974924500727,1.012421596909,1.049918693091,1.087415789273,
    1.124912885455,1.162409981636,1.199907077818,1.237404174,
    1.274901270182,1.312398366364,1.349895462545,1.387392558727,
    1.424889654909,1.462386751091,1.499883847273,1.537380943455,
    1.574878039636,1.612375135818,1.649872232),.QUASI_UNIFORM_KNOTS.);
#4076 = CARTESIAN_POINT('',(49.064217246957,25.181365236964));
#4077 = CARTESIAN_POINT('',(49.073635187794,25.178455726458));
#4078 = CARTESIAN_POINT('',(49.092026266074,25.171308465558));
#4079 = CARTESIAN_POINT('',(49.117838008637,25.15698945385));
#4080 = CARTESIAN_POINT('',(49.141439742623,25.139457727879));
#4081 = CARTESIAN_POINT('',(49.162377675979,25.119102869984));
#4082 = CARTESIAN_POINT('',(49.180197770767,25.096327516715));
#4083 = CARTESIAN_POINT('',(49.194391906979,25.071497122888));
#4084 = CARTESIAN_POINT('',(49.20459062363,25.045219670433));
#4085 = CARTESIAN_POINT('',(49.210746975681,25.018076821075));
#4086 = CARTESIAN_POINT('',(49.212745631542,24.99063255603));
#4087 = CARTESIAN_POINT('',(49.210486652899,24.963453088155));
#4088 = CARTESIAN_POINT('',(49.203853856642,24.937065245869));
#4089 = CARTESIAN_POINT('',(49.192773507501,24.912095595515));
#4090 = CARTESIAN_POINT('',(49.177644015093,24.889008868182));
#4091 = CARTESIAN_POINT('',(49.158836995349,24.868153545279));
#4092 = CARTESIAN_POINT('',(49.136744733789,24.849907971897));
#4093 = CARTESIAN_POINT('',(49.11178203578,24.834630651441));
#4094 = CARTESIAN_POINT('',(49.084336451957,24.822727389519));
#4095 = CARTESIAN_POINT('',(49.055080911013,24.814423317385));
#4096 = CARTESIAN_POINT('',(49.024662627469,24.809687780498));
#4097 = CARTESIAN_POINT('',(48.993725089569,24.808555326728));
#4098 = CARTESIAN_POINT('',(48.962923867877,24.811058958063));
#4099 = CARTESIAN_POINT('',(48.93288794013,24.817253791745));
#4100 = CARTESIAN_POINT('',(48.904340567522,24.82719071878));
#4101 = CARTESIAN_POINT('',(48.877865568662,24.840541646066));
#4102 = CARTESIAN_POINT('',(48.853935818938,24.857000999059));
#4103 = CARTESIAN_POINT('',(48.833039618599,24.876267055867));
#4104 = CARTESIAN_POINT('',(48.815632679126,24.898028620015));
#4105 = CARTESIAN_POINT('',(48.802201530407,24.922021266181));
#4106 = CARTESIAN_POINT('',(48.79306707164,24.947668085336));
#4107 = CARTESIAN_POINT('',(48.788173313407,24.974433035991));
#4108 = CARTESIAN_POINT('',(48.787528250434,25.001779289394));
#4109 = CARTESIAN_POINT('',(48.791116778147,25.029151684624));
#4110 = CARTESIAN_POINT('',(48.798942139046,25.056014489982));
#4111 = CARTESIAN_POINT('',(48.810963835996,25.08172136978));
#4112 = CARTESIAN_POINT('',(48.826715083388,25.105742639523));
#4113 = CARTESIAN_POINT('',(48.845786337081,25.127648708661));
#4114 = CARTESIAN_POINT('',(48.867771113104,25.146979177502));
#4115 = CARTESIAN_POINT('',(48.892267548365,25.163292683379));
#4116 = CARTESIAN_POINT('',(48.918927197289,25.17611038443));
#4117 = CARTESIAN_POINT('',(48.947147764589,25.185103932448));
#4118 = CARTESIAN_POINT('',(48.976361713065,25.190250490185));
#4119 = CARTESIAN_POINT('',(49.006014661836,25.191482137556));
#4120 = CARTESIAN_POINT('',(49.03555246519,25.188755212098));
#4121 = CARTESIAN_POINT('',(49.054798231101,25.184276105921));
#4122 = CARTESIAN_POINT('',(49.064217246957,25.181365236964));
#4123 = ( GEOMETRIC_REPRESENTATION_CONTEXT(2) 
PARAMETRIC_REPRESENTATION_CONTEXT() REPRESENTATION_CONTEXT('2D SPACE',''
  ) );
#4124 = PCURVE('',#4125,#4130);
#4125 = CYLINDRICAL_SURFACE('',#4126,5.E-02);
#4126 = AXIS2_PLACEMENT_3D('',#4127,#4128,#4129);
#4127 = CARTESIAN_POINT('',(-0.695288237,-2.139877162,-0.85));
#4128 = DIRECTION('',(0.,0.,-1.));
#4129 = DIRECTION('',(0.,-1.,0.));
#4130 = DEFINITIONAL_REPRESENTATION('',(#4131),#4179);
#4131 = B_SPLINE_CURVE_WITH_KNOTS('',3,(#4132,#4133,#4134,#4135,#4136,
    #4137,#4138,#4139,#4140,#4141,#4142,#4143,#4144,#4145,#4146,#4147,
    #4148,#4149,#4150,#4151,#4152,#4153,#4154,#4155,#4156,#4157,#4158,
    #4159,#4160,#4161,#4162,#4163,#4164,#4165,#4166,#4167,#4168,#4169,
    #4170,#4171,#4172,#4173,#4174,#4175,#4176,#4177,#4178),
  .UNSPECIFIED.,.F.,.F.,(4,1,1,1,1,1,1,1,1,1,1,1,1,1,1,1,1,1,1,1,1,1,1,1
    ,1,1,1,1,1,1,1,1,1,1,1,1,1,1,1,1,1,1,1,1,4),(0.,3.749709618182E-02,
    7.499419236364E-02,0.112491288545,0.149988384727,0.187485480909,
    0.224982577091,0.262479673273,0.299976769455,0.337473865636,
    0.374970961818,0.412468058,0.449965154182,0.487462250364,
    0.524959346545,0.562456442727,0.599953538909,0.637450635091,
    0.674947731273,0.712444827455,0.749941923636,0.787439019818,
    0.824936116,0.862433212182,0.899930308364,0.937427404545,
    0.974924500727,1.012421596909,1.049918693091,1.087415789273,
    1.124912885455,1.162409981636,1.199907077818,1.237404174,
    1.274901270182,1.312398366364,1.349895462545,1.387392558727,
    1.424889654909,1.462386751091,1.499883847273,1.537380943455,
    1.574878039636,1.612375135818,1.649872232),.QUASI_UNIFORM_KNOTS.);
#4132 = CARTESIAN_POINT('',(6.28318530718,0.148872974));
#4133 = CARTESIAN_POINT('',(6.235660558622,0.148909133273));
#4134 = CARTESIAN_POINT('',(6.140589654033,0.148996496125));
#4135 = CARTESIAN_POINT('',(5.997902753985,0.149158494884));
#4136 = CARTESIAN_POINT('',(5.855034144923,0.149337274779));
#4137 = CARTESIAN_POINT('',(5.712179618883,0.149518644634));
#4138 = CARTESIAN_POINT('',(5.569464367301,0.149688479498));
#4139 = CARTESIAN_POINT('',(5.426612109171,0.149832407355));
#4140 = CARTESIAN_POINT('',(5.283736352946,0.149931521826));
#4141 = CARTESIAN_POINT('',(5.140604471521,0.14998689044));
#4142 = CARTESIAN_POINT('',(4.997375753365,0.149996434289));
#4143 = CARTESIAN_POINT('',(4.854276709584,0.149959355004));
#4144 = CARTESIAN_POINT('',(4.711206049508,0.149872878493));
#4145 = CARTESIAN_POINT('',(4.568176733005,0.149740853024));
#4146 = CARTESIAN_POINT('',(4.42518721587,0.149581627793));
#4147 = CARTESIAN_POINT('',(4.282125512508,0.149406981815));
#4148 = CARTESIAN_POINT('',(4.139214749205,0.149230477382));
#4149 = CARTESIAN_POINT('',(3.996616763901,0.149065113859));
#4150 = CARTESIAN_POINT('',(3.854120498481,0.148924359039));
#4151 = CARTESIAN_POINT('',(3.711799231343,0.148824527387));
#4152 = CARTESIAN_POINT('',(3.569360361903,0.148765514197));
#4153 = CARTESIAN_POINT('',(3.426895764441,0.148749822034));
#4154 = CARTESIAN_POINT('',(3.284555548607,0.148778969268));
#4155 = CARTESIAN_POINT('',(3.142225100245,0.148855803783));
#4156 = CARTESIAN_POINT('',(2.999780852154,0.1489788396));
#4157 = CARTESIAN_POINT('',(2.857145501735,0.149131983103));
#4158 = CARTESIAN_POINT('',(2.714257406619,0.149303415334));
#4159 = CARTESIAN_POINT('',(2.571311328409,0.149480195048));
#4160 = CARTESIAN_POINT('',(2.428437317639,0.149649595488));
#4161 = CARTESIAN_POINT('',(2.285317517748,0.149799154228));
#4162 = CARTESIAN_POINT('',(2.142311535153,0.149908186501));
#4163 = CARTESIAN_POINT('',(1.999132511807,0.149976141212));
#4164 = CARTESIAN_POINT('',(1.8559269253,0.149999514466));
#4165 = CARTESIAN_POINT('',(1.712904685065,0.149975899552));
#4166 = CARTESIAN_POINT('',(1.569974939583,0.149901453811));
#4167 = CARTESIAN_POINT('',(1.427123116879,0.149776981203));
#4168 = CARTESIAN_POINT('',(1.284303857561,0.149620072581));
#4169 = CARTESIAN_POINT('',(1.14139291849,0.14944373268));
#4170 = CARTESIAN_POINT('',(0.998574542406,0.149262190436));
#4171 = CARTESIAN_POINT('',(0.855973296407,0.149089364095));
#4172 = CARTESIAN_POINT('',(0.713329861819,0.148939190461));
#4173 = CARTESIAN_POINT('',(0.570765570212,0.148832282689));
#4174 = CARTESIAN_POINT('',(0.42801953031,0.148768619378));
#4175 = CARTESIAN_POINT('',(0.285225633196,0.14875120413));
#4176 = CARTESIAN_POINT('',(0.142584855564,0.148782229722));
#4177 = CARTESIAN_POINT('',(4.752448986946E-02,0.148836814727));
#4178 = CARTESIAN_POINT('',(0.,0.148872974));
#4179 = ( GEOMETRIC_REPRESENTATION_CONTEXT(2) 
PARAMETRIC_REPRESENTATION_CONTEXT() REPRESENTATION_CONTEXT('2D SPACE',''
  ) );
#4180 = FACE_BOUND('',#4181,.T.);
#4181 = EDGE_LOOP('',(#4182));
#4182 = ORIENTED_EDGE('',*,*,#4183,.T.);
#4183 = EDGE_CURVE('',#4184,#4184,#4186,.T.);
#4184 = VERTEX_POINT('',#4185);
#4185 = CARTESIAN_POINT('',(1.770288237,-1.322516818,-0.999167006));
#4186 = SURFACE_CURVE('',#4187,(#4213,#4264),.PCURVE_S1.);
#4187 = B_SPLINE_CURVE_WITH_KNOTS('',3,(#4188,#4189,#4190,#4191,#4192,
    #4193,#4194,#4195,#4196,#4197,#4198,#4199,#4200,#4201,#4202,#4203,
    #4204,#4205,#4206,#4207,#4208,#4209,#4210,#4211,#4212),
  .UNSPECIFIED.,.T.,.F.,(1,3,3,3,3,3,3,3,3,3,1),(-3.9083E-05,0.,
    3.9082E-05,7.8165E-05,1.17247E-04,1.56329E-04,1.95412E-04,
    2.34494E-04,2.73576E-04,3.12659E-04,3.51741E-04),.UNSPECIFIED.);
#4188 = CARTESIAN_POINT('',(1.770288237,-1.322516818,-0.999167006));
#4189 = CARTESIAN_POINT('',(1.770288237,-1.335728229,-0.999473692));
#4190 = CARTESIAN_POINT('',(1.775706997,-1.348646953,-0.999848655));
#4191 = CARTESIAN_POINT('',(1.784934235,-1.357873493,-0.999961367));
#4192 = CARTESIAN_POINT('',(1.794161473,-1.367100034,-1.000074079));
#4193 = CARTESIAN_POINT('',(1.807219518,-1.372509892,-0.999897366));
#4194 = CARTESIAN_POINT('',(1.820261712,-1.372516811,-0.999586838));
#4195 = CARTESIAN_POINT('',(1.833303906,-1.372523729,-0.99927631));
#4196 = CARTESIAN_POINT('',(1.846282992,-1.367223122,-0.99888728));
#4197 = CARTESIAN_POINT('',(1.855623623,-1.357892099,-0.998781203));
#4198 = CARTESIAN_POINT('',(1.864964255,-1.348561076,-0.998675125));
#4199 = CARTESIAN_POINT('',(1.870283476,-1.335584394,-0.998876769));
#4200 = CARTESIAN_POINT('',(1.870288234,-1.322535045,-0.999194219));
#4201 = CARTESIAN_POINT('',(1.870292992,-1.309485697,-0.99951167));
#4202 = CARTESIAN_POINT('',(1.864892314,-1.296429273,-0.999886287));
#4203 = CARTESIAN_POINT('',(1.855680016,-1.287197956,-0.999976057));
#4204 = CARTESIAN_POINT('',(1.846467718,-1.277966639,-1.000065826));
#4205 = CARTESIAN_POINT('',(1.833529031,-1.272529066,-0.999862264));
#4206 = CARTESIAN_POINT('',(1.820338738,-1.272516843,-0.99954939));
#4207 = CARTESIAN_POINT('',(1.807148444,-1.27250462,-0.999236517));
#4208 = CARTESIAN_POINT('',(1.794203398,-1.277906732,-0.998876281));
#4209 = CARTESIAN_POINT('',(1.784963024,-1.287131378,-0.998778897));
#4210 = CARTESIAN_POINT('',(1.775722651,-1.296356024,-0.998681513));
#4211 = CARTESIAN_POINT('',(1.770288237,-1.309305353,-0.998860319));
#4212 = CARTESIAN_POINT('',(1.770288237,-1.322516818,-0.999167006));
#4213 = PCURVE('',#52,#4214);
#4214 = DEFINITIONAL_REPRESENTATION('',(#4215),#4263);
#4215 = B_SPLINE_CURVE_WITH_KNOTS('',3,(#4216,#4217,#4218,#4219,#4220,
    #4221,#4222,#4223,#4224,#4225,#4226,#4227,#4228,#4229,#4230,#4231,
    #4232,#4233,#4234,#4235,#4236,#4237,#4238,#4239,#4240,#4241,#4242,
    #4243,#4244,#4245,#4246,#4247,#4248,#4249,#4250,#4251,#4252,#4253,
    #4254,#4255,#4256,#4257,#4258,#4259,#4260,#4261,#4262),
  .UNSPECIFIED.,.T.,.F.,(4,1,1,1,1,1,1,1,1,1,1,1,1,1,1,1,1,1,1,1,1,1,1,1
    ,1,1,1,1,1,1,1,1,1,1,1,1,1,1,1,1,1,1,1,1,4),(0.,7.105886363636E-06,
    1.421177272727E-05,2.131765909091E-05,2.842354545455E-05,
    3.552943181818E-05,4.263531818182E-05,4.974120454545E-05,
    5.684709090909E-05,6.395297727273E-05,7.105886363636E-05,
    7.816475E-05,8.527063636364E-05,9.237652272727E-05,
    9.948240909091E-05,1.065882954545E-04,1.136941818182E-04,
    1.208000681818E-04,1.279059545455E-04,1.350118409091E-04,
    1.421177272727E-04,1.492236136364E-04,1.563295E-04,
    1.634353863636E-04,1.705412727273E-04,1.776471590909E-04,
    1.847530454545E-04,1.918589318182E-04,1.989648181818E-04,
    2.060707045455E-04,2.131765909091E-04,2.202824772727E-04,
    2.273883636364E-04,2.3449425E-04,2.416001363636E-04,
    2.487060227273E-04,2.558119090909E-04,2.629177954545E-04,
    2.700236818182E-04,2.771295681818E-04,2.842354545455E-04,
    2.913413409091E-04,2.984472272727E-04,3.055531136364E-04,3.12659E-04
    ),.QUASI_UNIFORM_KNOTS.);
#4216 = CARTESIAN_POINT('',(60.872992087612,24.844081615042));
#4217 = CARTESIAN_POINT('',(60.864674818417,24.849300810247));
#4218 = CARTESIAN_POINT('',(60.84907063907,24.86079098871));
#4219 = CARTESIAN_POINT('',(60.829018056016,24.880768198311));
#4220 = CARTESIAN_POINT('',(60.812585932746,24.903074925401));
#4221 = CARTESIAN_POINT('',(60.80002646567,24.927295253134));
#4222 = CARTESIAN_POINT('',(60.791571407457,24.953002717348));
#4223 = CARTESIAN_POINT('',(60.787484146147,24.979783820124));
#4224 = CARTESIAN_POINT('',(60.787886572003,25.007097119579));
#4225 = CARTESIAN_POINT('',(60.792519243985,25.034371343825));
#4226 = CARTESIAN_POINT('',(60.801197003487,25.061034519762));
#4227 = CARTESIAN_POINT('',(60.813717727148,25.086506003904));
#4228 = CARTESIAN_POINT('',(60.829911237807,25.110197845327));
#4229 = CARTESIAN_POINT('',(60.849547876938,25.131527051583));
#4230 = CARTESIAN_POINT('',(60.872088719742,25.150158832507));
#4231 = CARTESIAN_POINT('',(60.897076766323,25.165755844556));
#4232 = CARTESIAN_POINT('',(60.92405282605,25.177983332549));
#4233 = CARTESIAN_POINT('',(60.952553320625,25.186524601184));
#4234 = CARTESIAN_POINT('',(60.982197175621,25.191022357958));
#4235 = CARTESIAN_POINT('',(61.011992296195,25.191310437707));
#4236 = CARTESIAN_POINT('',(61.041475274178,25.187588809946));
#4237 = CARTESIAN_POINT('',(61.070125263384,25.180000410702));
#4238 = CARTESIAN_POINT('',(61.097426008748,25.168714200147));
#4239 = CARTESIAN_POINT('',(61.122869492173,25.153907437475));
#4240 = CARTESIAN_POINT('',(61.145867917008,25.135749395082));
#4241 = CARTESIAN_POINT('',(61.166042441068,25.11475068637));
#4242 = CARTESIAN_POINT('',(61.183071062803,25.091442509716));
#4243 = CARTESIAN_POINT('',(61.196596174642,25.066349994688));
#4244 = CARTESIAN_POINT('',(61.206270737587,25.039999511366));
#4245 = CARTESIAN_POINT('',(61.211670752985,25.012904559153));
#4246 = CARTESIAN_POINT('',(61.212708282176,24.985627664536));
#4247 = CARTESIAN_POINT('',(61.209477773559,24.95868676787));
#4248 = CARTESIAN_POINT('',(61.202024430588,24.932589381977));
#4249 = CARTESIAN_POINT('',(61.190424314766,24.907850527944));
#4250 = CARTESIAN_POINT('',(61.174702780951,24.88491362966));
#4251 = CARTESIAN_POINT('',(61.155096435636,24.864449123098));
#4252 = CARTESIAN_POINT('',(61.132266301759,24.846851665385));
#4253 = CARTESIAN_POINT('',(61.106686924278,24.832280905327));
#4254 = CARTESIAN_POINT('',(61.078898192286,24.820967170618));
#4255 = CARTESIAN_POINT('',(61.049444620091,24.813119504478));
#4256 = CARTESIAN_POINT('',(61.018859588137,24.80900367952));
#4257 = CARTESIAN_POINT('',(60.987880208649,24.808704461943));
#4258 = CARTESIAN_POINT('',(60.957131286493,24.812082296422));
#4259 = CARTESIAN_POINT('',(60.927243967483,24.819059553899));
#4260 = CARTESIAN_POINT('',(60.898842422275,24.829557568275));
#4261 = CARTESIAN_POINT('',(60.881307211526,24.838863089922));
#4262 = CARTESIAN_POINT('',(60.872992087612,24.844081615042));
#4263 = ( GEOMETRIC_REPRESENTATION_CONTEXT(2) 
PARAMETRIC_REPRESENTATION_CONTEXT() REPRESENTATION_CONTEXT('2D SPACE',''
  ) );
#4264 = PCURVE('',#4265,#4270);
#4265 = CYLINDRICAL_SURFACE('',#4266,5.E-02);
#4266 = AXIS2_PLACEMENT_3D('',#4267,#4268,#4269);
#4267 = CARTESIAN_POINT('',(1.820288237,-1.322516818,-0.85));
#4268 = DIRECTION('',(0.,0.,-1.));
#4269 = DIRECTION('',(-1.,0.,0.));
#4270 = DEFINITIONAL_REPRESENTATION('',(#4271),#4319);
#4271 = B_SPLINE_CURVE_WITH_KNOTS('',3,(#4272,#4273,#4274,#4275,#4276,
    #4277,#4278,#4279,#4280,#4281,#4282,#4283,#4284,#4285,#4286,#4287,
    #4288,#4289,#4290,#4291,#4292,#4293,#4294,#4295,#4296,#4297,#4298,
    #4299,#4300,#4301,#4302,#4303,#4304,#4305,#4306,#4307,#4308,#4309,
    #4310,#4311,#4312,#4313,#4314,#4315,#4316,#4317,#4318),
  .UNSPECIFIED.,.F.,.F.,(4,1,1,1,1,1,1,1,1,1,1,1,1,1,1,1,1,1,1,1,1,1,1,1
    ,1,1,1,1,1,1,1,1,1,1,1,1,1,1,1,1,1,1,1,1,4),(0.,7.105886363636E-06,
    1.421177272727E-05,2.131765909091E-05,2.842354545455E-05,
    3.552943181818E-05,4.263531818182E-05,4.974120454545E-05,
    5.684709090909E-05,6.395297727273E-05,7.105886363636E-05,
    7.816475E-05,8.527063636364E-05,9.237652272727E-05,
    9.948240909091E-05,1.065882954545E-04,1.136941818182E-04,
    1.208000681818E-04,1.279059545455E-04,1.350118409091E-04,
    1.421177272727E-04,1.492236136364E-04,1.563295E-04,
    1.634353863636E-04,1.705412727273E-04,1.776471590909E-04,
    1.847530454545E-04,1.918589318182E-04,1.989648181818E-04,
    2.060707045455E-04,2.131765909091E-04,2.202824772727E-04,
    2.273883636364E-04,2.3449425E-04,2.416001363636E-04,
    2.487060227273E-04,2.558119090909E-04,2.629177954545E-04,
    2.700236818182E-04,2.771295681818E-04,2.842354545455E-04,
    2.913413409091E-04,2.984472272727E-04,3.055531136364E-04,3.12659E-04
    ),.QUASI_UNIFORM_KNOTS.);
#4272 = CARTESIAN_POINT('',(6.28318530718,0.149167006));
#4273 = CARTESIAN_POINT('',(6.235171854659,0.149222767626));
#4274 = CARTESIAN_POINT('',(6.139419345658,0.149338805971));
#4275 = CARTESIAN_POINT('',(5.996385248646,0.149514481135));
#4276 = CARTESIAN_POINT('',(5.853626746398,0.149679876001));
#4277 = CARTESIAN_POINT('',(5.711141692534,0.149822988713));
#4278 = CARTESIAN_POINT('',(5.568899059343,0.149932203374));
#4279 = CARTESIAN_POINT('',(5.426598623771,0.149994464164));
#4280 = CARTESIAN_POINT('',(5.28401493306,0.150000235294));
#4281 = CARTESIAN_POINT('',(5.141053012815,0.149957552083));
#4282 = CARTESIAN_POINT('',(4.998010468537,0.14987125262));
#4283 = CARTESIAN_POINT('',(4.855244511668,0.149747618298));
#4284 = CARTESIAN_POINT('',(4.712896415479,0.149590354529));
#4285 = CARTESIAN_POINT('',(4.570716742331,0.149412027341));
#4286 = CARTESIAN_POINT('',(4.428356211598,0.149232641304));
#4287 = CARTESIAN_POINT('',(4.285709678832,0.149063339071));
#4288 = CARTESIAN_POINT('',(4.142789997555,0.148917758859));
#4289 = CARTESIAN_POINT('',(3.999598982135,0.148808418551));
#4290 = CARTESIAN_POINT('',(3.855506756567,0.148749821796));
#4291 = CARTESIAN_POINT('',(3.712293227529,0.148750837986));
#4292 = CARTESIAN_POINT('',(3.569337143098,0.148801935454));
#4293 = CARTESIAN_POINT('',(3.426643139983,0.148897024189));
#4294 = CARTESIAN_POINT('',(3.284228335724,0.149028468179));
#4295 = CARTESIAN_POINT('',(3.141972305312,0.149191373764));
#4296 = CARTESIAN_POINT('',(2.999565504744,0.149371423869));
#4297 = CARTESIAN_POINT('',(2.856793004234,0.149548915561));
#4298 = CARTESIAN_POINT('',(2.713772079856,0.149713520503));
#4299 = CARTESIAN_POINT('',(2.570855139634,0.149852254206));
#4300 = CARTESIAN_POINT('',(2.42832988941,0.149953382205));
#4301 = CARTESIAN_POINT('',(2.286115916357,0.150002826077));
#4302 = CARTESIAN_POINT('',(2.143840828921,0.149995742144));
#4303 = CARTESIAN_POINT('',(2.001273074381,0.149940905476));
#4304 = CARTESIAN_POINT('',(1.858425873047,0.149844240418));
#4305 = CARTESIAN_POINT('',(1.715426985526,0.149713093448));
#4306 = CARTESIAN_POINT('',(1.571800214902,0.149551973246));
#4307 = CARTESIAN_POINT('',(1.428179861321,0.149375317544));
#4308 = CARTESIAN_POINT('',(1.285198359864,0.149202106083));
#4309 = CARTESIAN_POINT('',(1.142365604542,0.149041414394));
#4310 = CARTESIAN_POINT('',(0.999781386142,0.148905086447));
#4311 = CARTESIAN_POINT('',(0.857440614298,0.148803796676));
#4312 = CARTESIAN_POINT('',(0.715037331303,0.148750129208));
#4313 = CARTESIAN_POINT('',(0.572640257536,0.148750117746));
#4314 = CARTESIAN_POINT('',(0.429950723829,0.148796447648));
#4315 = CARTESIAN_POINT('',(0.286990133177,0.148884297634));
#4316 = CARTESIAN_POINT('',(0.143804320343,0.149008178101));
#4317 = CARTESIAN_POINT('',(4.80113698631E-02,0.149111245619));
#4318 = CARTESIAN_POINT('',(0.,0.149167006));
#4319 = ( GEOMETRIC_REPRESENTATION_CONTEXT(2) 
PARAMETRIC_REPRESENTATION_CONTEXT() REPRESENTATION_CONTEXT('2D SPACE',''
  ) );
#4320 = FACE_BOUND('',#4321,.T.);
#4321 = EDGE_LOOP('',(#4322,#4416,#4472,#4473));
#4322 = ORIENTED_EDGE('',*,*,#4323,.T.);
#4323 = EDGE_CURVE('',#4324,#4324,#4326,.T.);
#4324 = VERTEX_POINT('',#4325);
#4325 = CARTESIAN_POINT('',(3.75,-5.E-09,-1.2E-08));
#4326 = SEAM_CURVE('',#4327,(#4402,#4409),.PCURVE_S1.);
#4327 = B_SPLINE_CURVE_WITH_KNOTS('',7,(#4328,#4329,#4330,#4331,#4332,
    #4333,#4334,#4335,#4336,#4337,#4338,#4339,#4340,#4341,#4342,#4343,
    #4344,#4345,#4346,#4347,#4348,#4349,#4350,#4351,#4352,#4353,#4354,
    #4355,#4356,#4357,#4358,#4359,#4360,#4361,#4362,#4363,#4364,#4365,
    #4366,#4367,#4368,#4369,#4370,#4371,#4372,#4373,#4374,#4375,#4376,
    #4377,#4378,#4379,#4380,#4381,#4382,#4383,#4384,#4385,#4386,#4387,
    #4388,#4389,#4390,#4391,#4392,#4393,#4394,#4395,#4396,#4397,#4398,
    #4399,#4400,#4401),.UNSPECIFIED.,.T.,.F.,(1,7,1,1,1,1,1,1,1,1,1,1,1,
    1,1,1,1,1,1,1,1,1,1,1,1,1,1,1,1,1,1,1,1,1,1,1,1,1,1,1,1,1,1,1,1,1,1,
    1,1,1,1,1,1,1,1,1,1,1,1,1,1,7,7,1),(6.999745352,7.,8.,9.,10.,11.,12.
    ,13.,14.,15.,16.,17.,18.,19.,20.,21.,22.,23.,24.,25.,26.,27.,28.,29.
    ,30.,31.,32.,33.,34.,35.,36.,37.,38.,39.,40.,41.,42.,43.,44.,45.,46.
    ,47.,48.,49.,50.,51.,52.,53.,54.,55.,56.,57.,58.,59.,60.,61.,62.,63.
    ,64.,65.,66.,66.999745352,67.,68.),.UNSPECIFIED.);
#4328 = CARTESIAN_POINT('',(3.75,0.,0.));
#4329 = CARTESIAN_POINT('',(3.75,-5.6099867E-02,0.));
#4330 = CARTESIAN_POINT('',(3.744777981,-0.1682996,0.));
#4331 = CARTESIAN_POINT('',(3.721278896,-0.335860965,0.));
#4332 = CARTESIAN_POINT('',(3.659293406,-0.554846707,0.));
#4333 = CARTESIAN_POINT('',(3.535813107,-0.814322033,0.));
#4334 = CARTESIAN_POINT('',(3.337767046,-1.095128825,0.));
#4335 = CARTESIAN_POINT('',(3.07986467,-1.380821251,0.));
#4336 = CARTESIAN_POINT('',(2.833277102,-1.641626074,0.));
#4337 = CARTESIAN_POINT('',(2.619302094,-1.903034365,0.));
#4338 = CARTESIAN_POINT('',(2.436809949,-2.187316295,0.));
#4339 = CARTESIAN_POINT('',(2.264969572,-2.502428131,0.));
#4340 = CARTESIAN_POINT('',(2.072956146,-2.835991681,0.));
#4341 = CARTESIAN_POINT('',(1.832782026,-3.15697326,0.));
#4342 = CARTESIAN_POINT('',(1.530338294,-3.424776912,0.));
#4343 = CARTESIAN_POINT('',(1.170556867,-3.602603599,0.));
#4344 = CARTESIAN_POINT('',(0.774963674,-3.670213004,0.));
#4345 = CARTESIAN_POINT('',(0.372870518,-3.631327264,0.));
#4346 = CARTESIAN_POINT('',(-1.0102665E-02,-3.512818517,0.));
#4347 = CARTESIAN_POINT('',(-0.361508525,-3.355822596,0.));
#4348 = CARTESIAN_POINT('',(-0.685748401,-3.201897005,0.));
#4349 = CARTESIAN_POINT('',(-1.000484373,-3.079174284,0.));
#4350 = CARTESIAN_POINT('',(-1.327245729,-2.993461888,0.));
#4351 = CARTESIAN_POINT('',(-1.680036491,-2.92740689,0.));
#4352 = CARTESIAN_POINT('',(-2.056609691,-2.847868076,0.));
#4353 = CARTESIAN_POINT('',(-2.436099197,-2.718637677,0.));
#4354 = CARTESIAN_POINT('',(-2.784255859,-2.513752474,0.));
#4355 = CARTESIAN_POINT('',(-3.064557664,-2.226531472,0.));
#4356 = CARTESIAN_POINT('',(-3.251103048,-1.871192444,0.));
#4357 = CARTESIAN_POINT('',(-3.33837413,-1.476762772,0.));
#4358 = CARTESIAN_POINT('',(-3.344010837,-1.075912415,0.));
#4359 = CARTESIAN_POINT('',(-3.303289225,-0.693191174,0.));
#4360 = CARTESIAN_POINT('',(-3.257092921,-0.337255104,0.));
#4361 = CARTESIAN_POINT('',(-3.237635441,0.,0.));
#4362 = CARTESIAN_POINT('',(-3.257092921,0.337255104,0.));
#4363 = CARTESIAN_POINT('',(-3.303289225,0.693191174,0.));
#4364 = CARTESIAN_POINT('',(-3.344010837,1.075912415,0.));
#4365 = CARTESIAN_POINT('',(-3.33837413,1.476762772,0.));
#4366 = CARTESIAN_POINT('',(-3.251103048,1.871192444,0.));
#4367 = CARTESIAN_POINT('',(-3.064557664,2.226531472,0.));
#4368 = CARTESIAN_POINT('',(-2.784255859,2.513752474,0.));
#4369 = CARTESIAN_POINT('',(-2.436099197,2.718637677,0.));
#4370 = CARTESIAN_POINT('',(-2.056609691,2.847868076,0.));
#4371 = CARTESIAN_POINT('',(-1.680036491,2.92740689,0.));
#4372 = CARTESIAN_POINT('',(-1.327245729,2.993461888,0.));
#4373 = CARTESIAN_POINT('',(-1.000484373,3.079174284,0.));
#4374 = CARTESIAN_POINT('',(-0.685748401,3.201897005,0.));
#4375 = CARTESIAN_POINT('',(-0.361508525,3.355822596,0.));
#4376 = CARTESIAN_POINT('',(-1.0102665E-02,3.512818517,0.));
#4377 = CARTESIAN_POINT('',(0.372870518,3.631327264,0.));
#4378 = CARTESIAN_POINT('',(0.774963674,3.670213004,0.));
#4379 = CARTESIAN_POINT('',(1.170556867,3.602603599,0.));
#4380 = CARTESIAN_POINT('',(1.530338294,3.424776912,0.));
#4381 = CARTESIAN_POINT('',(1.832782026,3.15697326,0.));
#4382 = CARTESIAN_POINT('',(2.072956146,2.835991681,0.));
#4383 = CARTESIAN_POINT('',(2.264969572,2.502428131,0.));
#4384 = CARTESIAN_POINT('',(2.436809949,2.187316295,0.));
#4385 = CARTESIAN_POINT('',(2.619302094,1.903034365,0.));
#4386 = CARTESIAN_POINT('',(2.833277102,1.641626074,0.));
#4387 = CARTESIAN_POINT('',(3.07986467,1.380821251,0.));
#4388 = CARTESIAN_POINT('',(3.337757664,1.095139218,0.));
#4389 = CARTESIAN_POINT('',(3.535796296,0.814345869,0.));
#4390 = CARTESIAN_POINT('',(3.659274539,0.554886352,0.));
#4391 = CARTESIAN_POINT('',(3.721263111,0.335916729,0.));
#4392 = CARTESIAN_POINT('',(3.744768006,0.168370715,0.));
#4393 = CARTESIAN_POINT('',(3.749996008,5.6185581E-02,0.));
#4394 = CARTESIAN_POINT('',(3.749999996,1.E-04,0.));
#4395 = CARTESIAN_POINT('',(3.749999997,8.5714E-05,0.));
#4396 = CARTESIAN_POINT('',(3.749999998,7.1429E-05,0.));
#4397 = CARTESIAN_POINT('',(3.749999999,5.7143E-05,0.));
#4398 = CARTESIAN_POINT('',(3.749999999,4.2857E-05,0.));
#4399 = CARTESIAN_POINT('',(3.75,2.8571E-05,0.));
#4400 = CARTESIAN_POINT('',(3.75,1.4286E-05,0.));
#4401 = CARTESIAN_POINT('',(3.75,0.,0.));
#4402 = PCURVE('',#52,#4403);
#4403 = DEFINITIONAL_REPRESENTATION('',(#4404),#4408);
#4404 = LINE('',#4405,#4406);
#4405 = CARTESIAN_POINT('',(74.,31.));
#4406 = VECTOR('',#4407,1.);
#4407 = DIRECTION('',(-1.,0.));
#4408 = ( GEOMETRIC_REPRESENTATION_CONTEXT(2) 
PARAMETRIC_REPRESENTATION_CONTEXT() REPRESENTATION_CONTEXT('2D SPACE',''
  ) );
#4409 = PCURVE('',#52,#4410);
#4410 = DEFINITIONAL_REPRESENTATION('',(#4411),#4415);
#4411 = LINE('',#4412,#4413);
#4412 = CARTESIAN_POINT('',(74.,7.));
#4413 = VECTOR('',#4414,1.);
#4414 = DIRECTION('',(-1.,0.));
#4415 = ( GEOMETRIC_REPRESENTATION_CONTEXT(2) 
PARAMETRIC_REPRESENTATION_CONTEXT() REPRESENTATION_CONTEXT('2D SPACE',''
  ) );
#4416 = ORIENTED_EDGE('',*,*,#4417,.T.);
#4417 = EDGE_CURVE('',#4324,#4324,#4418,.T.);
#4418 = SEAM_CURVE('',#4419,(#4458,#4465),.PCURVE_S1.);
#4419 = B_SPLINE_CURVE_WITH_KNOTS('',7,(#4420,#4421,#4422,#4423,#4424,
    #4425,#4426,#4427,#4428,#4429,#4430,#4431,#4432,#4433,#4434,#4435,
    #4436,#4437,#4438,#4439,#4440,#4441,#4442,#4443,#4444,#4445,#4446,
    #4447,#4448,#4449,#4450,#4451,#4452,#4453,#4454,#4455,#4456,#4457),
  .UNSPECIFIED.,.T.,.F.,(1,7,1,1,1,1,1,1,1,1,1,1,1,1,1,1,1,1,1,1,1,1,1,1
    ,1,7,7,1),(6.999618028,7.,8.,9.,10.,11.,12.,13.,14.,15.,16.,17.,18.,
    19.,20.,21.,22.,23.,24.,25.,26.,27.,28.,29.,30.,30.999618028,31.,32.
    ),.UNSPECIFIED.);
#4420 = CARTESIAN_POINT('',(3.75,0.,0.));
#4421 = CARTESIAN_POINT('',(3.75,0.,-3.7399913E-02));
#4422 = CARTESIAN_POINT('',(3.746736242,0.,-0.112199738));
#4423 = CARTESIAN_POINT('',(3.73204933,0.,-0.223886805));
#4424 = CARTESIAN_POINT('',(3.693018451,0.,-0.369726876));
#4425 = CARTESIAN_POINT('',(3.612822598,0.,-0.541832129));
#4426 = CARTESIAN_POINT('',(3.473456962,0.,-0.723456962));
#4427 = CARTESIAN_POINT('',(3.261561324,0.,-0.886050204));
#4428 = CARTESIAN_POINT('',(3.014803627,0.,-0.988260588));
#4429 = CARTESIAN_POINT('',(2.75,0.,-1.023122647));
#4430 = CARTESIAN_POINT('',(2.485196373,0.,-0.988260588));
#4431 = CARTESIAN_POINT('',(2.238438676,0.,-0.886050204));
#4432 = CARTESIAN_POINT('',(2.026543038,0.,-0.723456962));
#4433 = CARTESIAN_POINT('',(1.863949796,0.,-0.511561324));
#4434 = CARTESIAN_POINT('',(1.761739412,0.,-0.264803627));
#4435 = CARTESIAN_POINT('',(1.726877353,0.,0.));
#4436 = CARTESIAN_POINT('',(1.761739412,0.,0.264803627));
#4437 = CARTESIAN_POINT('',(1.863949796,0.,0.511561324));
#4438 = CARTESIAN_POINT('',(2.026543038,0.,0.723456962));
#4439 = CARTESIAN_POINT('',(2.238438676,0.,0.886050204));
#4440 = CARTESIAN_POINT('',(2.485196373,0.,0.988260588));
#4441 = CARTESIAN_POINT('',(2.75,0.,1.023122647));
#4442 = CARTESIAN_POINT('',(3.014803627,0.,0.988260588));
#4443 = CARTESIAN_POINT('',(3.261561324,0.,0.886050204));
#4444 = CARTESIAN_POINT('',(3.473445399,0.,0.723465834));
#4445 = CARTESIAN_POINT('',(3.612804853,0.,0.541855254));
#4446 = CARTESIAN_POINT('',(3.693000071,0.,0.36976632));
#4447 = CARTESIAN_POINT('',(3.73203442,0.,0.223942512));
#4448 = CARTESIAN_POINT('',(3.74672689,0.,0.112270839));
#4449 = CARTESIAN_POINT('',(3.749996256,0.,3.7485627E-02));
#4450 = CARTESIAN_POINT('',(3.749999995,0.,1.E-04));
#4451 = CARTESIAN_POINT('',(3.749999996,0.,8.5714E-05));
#4452 = CARTESIAN_POINT('',(3.749999998,0.,7.1429E-05));
#4453 = CARTESIAN_POINT('',(3.749999999,0.,5.7143E-05));
#4454 = CARTESIAN_POINT('',(3.749999999,0.,4.2857E-05));
#4455 = CARTESIAN_POINT('',(3.75,0.,2.8571E-05));
#4456 = CARTESIAN_POINT('',(3.75,0.,1.4286E-05));
#4457 = CARTESIAN_POINT('',(3.75,0.,0.));
#4458 = PCURVE('',#52,#4459);
#4459 = DEFINITIONAL_REPRESENTATION('',(#4460),#4464);
#4460 = LINE('',#4461,#4462);
#4461 = CARTESIAN_POINT('',(7.,38.));
#4462 = VECTOR('',#4463,1.);
#4463 = DIRECTION('',(0.,-1.));
#4464 = ( GEOMETRIC_REPRESENTATION_CONTEXT(2) 
PARAMETRIC_REPRESENTATION_CONTEXT() REPRESENTATION_CONTEXT('2D SPACE',''
  ) );
#4465 = PCURVE('',#52,#4466);
#4466 = DEFINITIONAL_REPRESENTATION('',(#4467),#4471);
#4467 = LINE('',#4468,#4469);
#4468 = CARTESIAN_POINT('',(67.,38.));
#4469 = VECTOR('',#4470,1.);
#4470 = DIRECTION('',(0.,-1.));
#4471 = ( GEOMETRIC_REPRESENTATION_CONTEXT(2) 
PARAMETRIC_REPRESENTATION_CONTEXT() REPRESENTATION_CONTEXT('2D SPACE',''
  ) );
#4472 = ORIENTED_EDGE('',*,*,#4323,.F.);
#4473 = ORIENTED_EDGE('',*,*,#4417,.F.);
#4474 = ADVANCED_FACE('',(#4475),#4265,.T.);
#4475 = FACE_BOUND('',#4476,.T.);
#4476 = EDGE_LOOP('',(#4477,#4500,#4501,#4502));
#4477 = ORIENTED_EDGE('',*,*,#4478,.T.);
#4478 = EDGE_CURVE('',#4479,#4184,#4481,.T.);
#4479 = VERTEX_POINT('',#4480);
#4480 = CARTESIAN_POINT('',(1.770288237,-1.322516818,-1.5));
#4481 = SEAM_CURVE('',#4482,(#4486,#4493),.PCURVE_S1.);
#4482 = LINE('',#4483,#4484);
#4483 = CARTESIAN_POINT('',(1.770288237,-1.322516818,-1.5));
#4484 = VECTOR('',#4485,1.);
#4485 = DIRECTION('',(0.,0.,1.));
#4486 = PCURVE('',#4265,#4487);
#4487 = DEFINITIONAL_REPRESENTATION('',(#4488),#4492);
#4488 = LINE('',#4489,#4490);
#4489 = CARTESIAN_POINT('',(0.,0.65));
#4490 = VECTOR('',#4491,1.);
#4491 = DIRECTION('',(0.,-1.));
#4492 = ( GEOMETRIC_REPRESENTATION_CONTEXT(2) 
PARAMETRIC_REPRESENTATION_CONTEXT() REPRESENTATION_CONTEXT('2D SPACE',''
  ) );
#4493 = PCURVE('',#4265,#4494);
#4494 = DEFINITIONAL_REPRESENTATION('',(#4495),#4499);
#4495 = LINE('',#4496,#4497);
#4496 = CARTESIAN_POINT('',(6.28318530718,0.65));
#4497 = VECTOR('',#4498,1.);
#4498 = DIRECTION('',(0.,-1.));
#4499 = ( GEOMETRIC_REPRESENTATION_CONTEXT(2) 
PARAMETRIC_REPRESENTATION_CONTEXT() REPRESENTATION_CONTEXT('2D SPACE',''
  ) );
#4500 = ORIENTED_EDGE('',*,*,#4183,.F.);
#4501 = ORIENTED_EDGE('',*,*,#4478,.F.);
#4502 = ORIENTED_EDGE('',*,*,#4503,.F.);
#4503 = EDGE_CURVE('',#4479,#4479,#4504,.T.);
#4504 = SURFACE_CURVE('',#4505,(#4510,#4517),.PCURVE_S1.);
#4505 = CIRCLE('',#4506,5.E-02);
#4506 = AXIS2_PLACEMENT_3D('',#4507,#4508,#4509);
#4507 = CARTESIAN_POINT('',(1.820288237,-1.322516818,-1.5));
#4508 = DIRECTION('',(0.,0.,-1.));
#4509 = DIRECTION('',(-1.,0.,0.));
#4510 = PCURVE('',#4265,#4511);
#4511 = DEFINITIONAL_REPRESENTATION('',(#4512),#4516);
#4512 = LINE('',#4513,#4514);
#4513 = CARTESIAN_POINT('',(0.,0.65));
#4514 = VECTOR('',#4515,1.);
#4515 = DIRECTION('',(1.,0.));
#4516 = ( GEOMETRIC_REPRESENTATION_CONTEXT(2) 
PARAMETRIC_REPRESENTATION_CONTEXT() REPRESENTATION_CONTEXT('2D SPACE',''
  ) );
#4517 = PCURVE('',#4518,#4523);
#4518 = PLANE('',#4519);
#4519 = AXIS2_PLACEMENT_3D('',#4520,#4521,#4522);
#4520 = CARTESIAN_POINT('',(1.820288237,-1.322516818,-1.5));
#4521 = DIRECTION('',(0.,0.,-1.));
#4522 = DIRECTION('',(-1.,0.,0.));
#4523 = DEFINITIONAL_REPRESENTATION('',(#4524),#4528);
#4524 = CIRCLE('',#4525,5.E-02);
#4525 = AXIS2_PLACEMENT_2D('',#4526,#4527);
#4526 = CARTESIAN_POINT('',(0.,0.));
#4527 = DIRECTION('',(1.,0.));
#4528 = ( GEOMETRIC_REPRESENTATION_CONTEXT(2) 
PARAMETRIC_REPRESENTATION_CONTEXT() REPRESENTATION_CONTEXT('2D SPACE',''
  ) );
#4529 = ADVANCED_FACE('',(#4530),#4518,.T.);
#4530 = FACE_BOUND('',#4531,.T.);
#4531 = EDGE_LOOP('',(#4532));
#4532 = ORIENTED_EDGE('',*,*,#4503,.T.);
#4533 = ADVANCED_FACE('',(#4534),#4125,.T.);
#4534 = FACE_BOUND('',#4535,.T.);
#4535 = EDGE_LOOP('',(#4536,#4559,#4560,#4561,#4590));
#4536 = ORIENTED_EDGE('',*,*,#4537,.T.);
#4537 = EDGE_CURVE('',#4538,#4044,#4540,.T.);
#4538 = VERTEX_POINT('',#4539);
#4539 = CARTESIAN_POINT('',(-0.695288237,-2.189877162,-1.5));
#4540 = SEAM_CURVE('',#4541,(#4545,#4552),.PCURVE_S1.);
#4541 = LINE('',#4542,#4543);
#4542 = CARTESIAN_POINT('',(-0.695288237,-2.189877162,-1.5));
#4543 = VECTOR('',#4544,1.);
#4544 = DIRECTION('',(0.,0.,1.));
#4545 = PCURVE('',#4125,#4546);
#4546 = DEFINITIONAL_REPRESENTATION('',(#4547),#4551);
#4547 = LINE('',#4548,#4549);
#4548 = CARTESIAN_POINT('',(0.,0.65));
#4549 = VECTOR('',#4550,1.);
#4550 = DIRECTION('',(0.,-1.));
#4551 = ( GEOMETRIC_REPRESENTATION_CONTEXT(2) 
PARAMETRIC_REPRESENTATION_CONTEXT() REPRESENTATION_CONTEXT('2D SPACE',''
  ) );
#4552 = PCURVE('',#4125,#4553);
#4553 = DEFINITIONAL_REPRESENTATION('',(#4554),#4558);
#4554 = LINE('',#4555,#4556);
#4555 = CARTESIAN_POINT('',(6.28318530718,0.65));
#4556 = VECTOR('',#4557,1.);
#4557 = DIRECTION('',(0.,-1.));
#4558 = ( GEOMETRIC_REPRESENTATION_CONTEXT(2) 
PARAMETRIC_REPRESENTATION_CONTEXT() REPRESENTATION_CONTEXT('2D SPACE',''
  ) );
#4559 = ORIENTED_EDGE('',*,*,#4043,.F.);
#4560 = ORIENTED_EDGE('',*,*,#4537,.F.);
#4561 = ORIENTED_EDGE('',*,*,#4562,.F.);
#4562 = EDGE_CURVE('',#4563,#4538,#4565,.T.);
#4563 = VERTEX_POINT('',#4564);
#4564 = CARTESIAN_POINT('',(-0.695288237,-2.089877162,-1.5));
#4565 = SURFACE_CURVE('',#4566,(#4571,#4578),.PCURVE_S1.);
#4566 = CIRCLE('',#4567,5.E-02);
#4567 = AXIS2_PLACEMENT_3D('',#4568,#4569,#4570);
#4568 = CARTESIAN_POINT('',(-0.695288237,-2.139877162,-1.5));
#4569 = DIRECTION('',(0.,0.,-1.));
#4570 = DIRECTION('',(0.,1.,0.));
#4571 = PCURVE('',#4125,#4572);
#4572 = DEFINITIONAL_REPRESENTATION('',(#4573),#4577);
#4573 = LINE('',#4574,#4575);
#4574 = CARTESIAN_POINT('',(3.14159265359,0.65));
#4575 = VECTOR('',#4576,1.);
#4576 = DIRECTION('',(1.,0.));
#4577 = ( GEOMETRIC_REPRESENTATION_CONTEXT(2) 
PARAMETRIC_REPRESENTATION_CONTEXT() REPRESENTATION_CONTEXT('2D SPACE',''
  ) );
#4578 = PCURVE('',#4579,#4584);
#4579 = PLANE('',#4580);
#4580 = AXIS2_PLACEMENT_3D('',#4581,#4582,#4583);
#4581 = CARTESIAN_POINT('',(-0.695288237,-2.139877162,-1.5));
#4582 = DIRECTION('',(0.,0.,-1.));
#4583 = DIRECTION('',(0.,-1.,0.));
#4584 = DEFINITIONAL_REPRESENTATION('',(#4585),#4589);
#4585 = CIRCLE('',#4586,5.E-02);
#4586 = AXIS2_PLACEMENT_2D('',#4587,#4588);
#4587 = CARTESIAN_POINT('',(0.,0.));
#4588 = DIRECTION('',(-1.,-0.));
#4589 = ( GEOMETRIC_REPRESENTATION_CONTEXT(2) 
PARAMETRIC_REPRESENTATION_CONTEXT() REPRESENTATION_CONTEXT('2D SPACE',''
  ) );
#4590 = ORIENTED_EDGE('',*,*,#4591,.F.);
#4591 = EDGE_CURVE('',#4538,#4563,#4592,.T.);
#4592 = SURFACE_CURVE('',#4593,(#4598,#4605),.PCURVE_S1.);
#4593 = CIRCLE('',#4594,5.E-02);
#4594 = AXIS2_PLACEMENT_3D('',#4595,#4596,#4597);
#4595 = CARTESIAN_POINT('',(-0.695288237,-2.139877162,-1.5));
#4596 = DIRECTION('',(0.,0.,-1.));
#4597 = DIRECTION('',(0.,1.,0.));
#4598 = PCURVE('',#4125,#4599);
#4599 = DEFINITIONAL_REPRESENTATION('',(#4600),#4604);
#4600 = LINE('',#4601,#4602);
#4601 = CARTESIAN_POINT('',(-3.14159265359,0.65));
#4602 = VECTOR('',#4603,1.);
#4603 = DIRECTION('',(1.,0.));
#4604 = ( GEOMETRIC_REPRESENTATION_CONTEXT(2) 
PARAMETRIC_REPRESENTATION_CONTEXT() REPRESENTATION_CONTEXT('2D SPACE',''
  ) );
#4605 = PCURVE('',#4579,#4606);
#4606 = DEFINITIONAL_REPRESENTATION('',(#4607),#4611);
#4607 = CIRCLE('',#4608,5.E-02);
#4608 = AXIS2_PLACEMENT_2D('',#4609,#4610);
#4609 = CARTESIAN_POINT('',(0.,0.));
#4610 = DIRECTION('',(-1.,-0.));
#4611 = ( GEOMETRIC_REPRESENTATION_CONTEXT(2) 
PARAMETRIC_REPRESENTATION_CONTEXT() REPRESENTATION_CONTEXT('2D SPACE',''
  ) );
#4612 = ADVANCED_FACE('',(#4613),#4579,.T.);
#4613 = FACE_BOUND('',#4614,.T.);
#4614 = EDGE_LOOP('',(#4615,#4616));
#4615 = ORIENTED_EDGE('',*,*,#4562,.T.);
#4616 = ORIENTED_EDGE('',*,*,#4591,.T.);
#4617 = ADVANCED_FACE('',(#4618),#2916,.T.);
#4618 = FACE_BOUND('',#4619,.T.);
#4619 = EDGE_LOOP('',(#4620,#4643,#4644,#4645));
#4620 = ORIENTED_EDGE('',*,*,#4621,.T.);
#4621 = EDGE_CURVE('',#4622,#22,#4624,.T.);
#4622 = VERTEX_POINT('',#4623);
#4623 = CARTESIAN_POINT('',(-2.3,0.,-1.5));
#4624 = SEAM_CURVE('',#4625,(#4629,#4636),.PCURVE_S1.);
#4625 = LINE('',#4626,#4627);
#4626 = CARTESIAN_POINT('',(-2.3,0.,-1.5));
#4627 = VECTOR('',#4628,1.);
#4628 = DIRECTION('',(0.,0.,1.));
#4629 = PCURVE('',#2916,#4630);
#4630 = DEFINITIONAL_REPRESENTATION('',(#4631),#4635);
#4631 = LINE('',#4632,#4633);
#4632 = CARTESIAN_POINT('',(0.,0.65));
#4633 = VECTOR('',#4634,1.);
#4634 = DIRECTION('',(0.,-1.));
#4635 = ( GEOMETRIC_REPRESENTATION_CONTEXT(2) 
PARAMETRIC_REPRESENTATION_CONTEXT() REPRESENTATION_CONTEXT('2D SPACE',''
  ) );
#4636 = PCURVE('',#2916,#4637);
#4637 = DEFINITIONAL_REPRESENTATION('',(#4638),#4642);
#4638 = LINE('',#4639,#4640);
#4639 = CARTESIAN_POINT('',(6.28318530718,0.65));
#4640 = VECTOR('',#4641,1.);
#4641 = DIRECTION('',(0.,-1.));
#4642 = ( GEOMETRIC_REPRESENTATION_CONTEXT(2) 
PARAMETRIC_REPRESENTATION_CONTEXT() REPRESENTATION_CONTEXT('2D SPACE',''
  ) );
#4643 = ORIENTED_EDGE('',*,*,#21,.F.);
#4644 = ORIENTED_EDGE('',*,*,#4621,.F.);
#4645 = ORIENTED_EDGE('',*,*,#4646,.F.);
#4646 = EDGE_CURVE('',#4622,#4622,#4647,.T.);
#4647 = SURFACE_CURVE('',#4648,(#4653,#4660),.PCURVE_S1.);
#4648 = CIRCLE('',#4649,5.E-02);
#4649 = AXIS2_PLACEMENT_3D('',#4650,#4651,#4652);
#4650 = CARTESIAN_POINT('',(-2.25,0.,-1.5));
#4651 = DIRECTION('',(0.,0.,-1.));
#4652 = DIRECTION('',(-1.,0.,0.));
#4653 = PCURVE('',#2916,#4654);
#4654 = DEFINITIONAL_REPRESENTATION('',(#4655),#4659);
#4655 = LINE('',#4656,#4657);
#4656 = CARTESIAN_POINT('',(0.,0.65));
#4657 = VECTOR('',#4658,1.);
#4658 = DIRECTION('',(1.,0.));
#4659 = ( GEOMETRIC_REPRESENTATION_CONTEXT(2) 
PARAMETRIC_REPRESENTATION_CONTEXT() REPRESENTATION_CONTEXT('2D SPACE',''
  ) );
#4660 = PCURVE('',#4661,#4666);
#4661 = PLANE('',#4662);
#4662 = AXIS2_PLACEMENT_3D('',#4663,#4664,#4665);
#4663 = CARTESIAN_POINT('',(-2.25,0.,-1.5));
#4664 = DIRECTION('',(0.,0.,-1.));
#4665 = DIRECTION('',(-1.,0.,0.));
#4666 = DEFINITIONAL_REPRESENTATION('',(#4667),#4671);
#4667 = CIRCLE('',#4668,5.E-02);
#4668 = AXIS2_PLACEMENT_2D('',#4669,#4670);
#4669 = CARTESIAN_POINT('',(0.,0.));
#4670 = DIRECTION('',(1.,0.));
#4671 = ( GEOMETRIC_REPRESENTATION_CONTEXT(2) 
PARAMETRIC_REPRESENTATION_CONTEXT() REPRESENTATION_CONTEXT('2D SPACE',''
  ) );
#4672 = ADVANCED_FACE('',(#4673),#4661,.T.);
#4673 = FACE_BOUND('',#4674,.T.);
#4674 = EDGE_LOOP('',(#4675));
#4675 = ORIENTED_EDGE('',*,*,#4646,.T.);
#4676 = ADVANCED_FACE('',(#4677),#3845,.T.);
#4677 = FACE_BOUND('',#4678,.T.);
#4678 = EDGE_LOOP('',(#4679,#4702,#4703,#4704,#4733));
#4679 = ORIENTED_EDGE('',*,*,#4680,.T.);
#4680 = EDGE_CURVE('',#4681,#3764,#4683,.T.);
#4681 = VERTEX_POINT('',#4682);
#4682 = CARTESIAN_POINT('',(-0.695288237,2.089877162,-1.5));
#4683 = SEAM_CURVE('',#4684,(#4688,#4695),.PCURVE_S1.);
#4684 = LINE('',#4685,#4686);
#4685 = CARTESIAN_POINT('',(-0.695288237,2.089877162,-1.5));
#4686 = VECTOR('',#4687,1.);
#4687 = DIRECTION('',(0.,0.,1.));
#4688 = PCURVE('',#3845,#4689);
#4689 = DEFINITIONAL_REPRESENTATION('',(#4690),#4694);
#4690 = LINE('',#4691,#4692);
#4691 = CARTESIAN_POINT('',(0.,0.65));
#4692 = VECTOR('',#4693,1.);
#4693 = DIRECTION('',(0.,-1.));
#4694 = ( GEOMETRIC_REPRESENTATION_CONTEXT(2) 
PARAMETRIC_REPRESENTATION_CONTEXT() REPRESENTATION_CONTEXT('2D SPACE',''
  ) );
#4695 = PCURVE('',#3845,#4696);
#4696 = DEFINITIONAL_REPRESENTATION('',(#4697),#4701);
#4697 = LINE('',#4698,#4699);
#4698 = CARTESIAN_POINT('',(6.28318530718,0.65));
#4699 = VECTOR('',#4700,1.);
#4700 = DIRECTION('',(0.,-1.));
#4701 = ( GEOMETRIC_REPRESENTATION_CONTEXT(2) 
PARAMETRIC_REPRESENTATION_CONTEXT() REPRESENTATION_CONTEXT('2D SPACE',''
  ) );
#4702 = ORIENTED_EDGE('',*,*,#3763,.F.);
#4703 = ORIENTED_EDGE('',*,*,#4680,.F.);
#4704 = ORIENTED_EDGE('',*,*,#4705,.F.);
#4705 = EDGE_CURVE('',#4706,#4681,#4708,.T.);
#4706 = VERTEX_POINT('',#4707);
#4707 = CARTESIAN_POINT('',(-0.695288237,2.189877162,-1.5));
#4708 = SURFACE_CURVE('',#4709,(#4714,#4721),.PCURVE_S1.);
#4709 = CIRCLE('',#4710,5.E-02);
#4710 = AXIS2_PLACEMENT_3D('',#4711,#4712,#4713);
#4711 = CARTESIAN_POINT('',(-0.695288237,2.139877162,-1.5));
#4712 = DIRECTION('',(0.,0.,-1.));
#4713 = DIRECTION('',(0.,1.,0.));
#4714 = PCURVE('',#3845,#4715);
#4715 = DEFINITIONAL_REPRESENTATION('',(#4716),#4720);
#4716 = LINE('',#4717,#4718);
#4717 = CARTESIAN_POINT('',(3.14159265359,0.65));
#4718 = VECTOR('',#4719,1.);
#4719 = DIRECTION('',(1.,0.));
#4720 = ( GEOMETRIC_REPRESENTATION_CONTEXT(2) 
PARAMETRIC_REPRESENTATION_CONTEXT() REPRESENTATION_CONTEXT('2D SPACE',''
  ) );
#4721 = PCURVE('',#4722,#4727);
#4722 = PLANE('',#4723);
#4723 = AXIS2_PLACEMENT_3D('',#4724,#4725,#4726);
#4724 = CARTESIAN_POINT('',(-0.695288237,2.139877162,-1.5));
#4725 = DIRECTION('',(0.,0.,-1.));
#4726 = DIRECTION('',(0.,-1.,0.));
#4727 = DEFINITIONAL_REPRESENTATION('',(#4728),#4732);
#4728 = CIRCLE('',#4729,5.E-02);
#4729 = AXIS2_PLACEMENT_2D('',#4730,#4731);
#4730 = CARTESIAN_POINT('',(0.,0.));
#4731 = DIRECTION('',(-1.,0.));
#4732 = ( GEOMETRIC_REPRESENTATION_CONTEXT(2) 
PARAMETRIC_REPRESENTATION_CONTEXT() REPRESENTATION_CONTEXT('2D SPACE',''
  ) );
#4733 = ORIENTED_EDGE('',*,*,#4734,.F.);
#4734 = EDGE_CURVE('',#4681,#4706,#4735,.T.);
#4735 = SURFACE_CURVE('',#4736,(#4741,#4748),.PCURVE_S1.);
#4736 = CIRCLE('',#4737,5.E-02);
#4737 = AXIS2_PLACEMENT_3D('',#4738,#4739,#4740);
#4738 = CARTESIAN_POINT('',(-0.695288237,2.139877162,-1.5));
#4739 = DIRECTION('',(0.,0.,-1.));
#4740 = DIRECTION('',(0.,1.,0.));
#4741 = PCURVE('',#3845,#4742);
#4742 = DEFINITIONAL_REPRESENTATION('',(#4743),#4747);
#4743 = LINE('',#4744,#4745);
#4744 = CARTESIAN_POINT('',(-3.14159265359,0.65));
#4745 = VECTOR('',#4746,1.);
#4746 = DIRECTION('',(1.,0.));
#4747 = ( GEOMETRIC_REPRESENTATION_CONTEXT(2) 
PARAMETRIC_REPRESENTATION_CONTEXT() REPRESENTATION_CONTEXT('2D SPACE',''
  ) );
#4748 = PCURVE('',#4722,#4749);
#4749 = DEFINITIONAL_REPRESENTATION('',(#4750),#4754);
#4750 = CIRCLE('',#4751,5.E-02);
#4751 = AXIS2_PLACEMENT_2D('',#4752,#4753);
#4752 = CARTESIAN_POINT('',(0.,0.));
#4753 = DIRECTION('',(-1.,0.));
#4754 = ( GEOMETRIC_REPRESENTATION_CONTEXT(2) 
PARAMETRIC_REPRESENTATION_CONTEXT() REPRESENTATION_CONTEXT('2D SPACE',''
  ) );
#4755 = ADVANCED_FACE('',(#4756),#4722,.T.);
#4756 = FACE_BOUND('',#4757,.T.);
#4757 = EDGE_LOOP('',(#4758,#4759));
#4758 = ORIENTED_EDGE('',*,*,#4705,.T.);
#4759 = ORIENTED_EDGE('',*,*,#4734,.T.);
#4760 = ADVANCED_FACE('',(#4761),#3705,.T.);
#4761 = FACE_BOUND('',#4762,.T.);
#4762 = EDGE_LOOP('',(#4763,#4786,#4787,#4788));
#4763 = ORIENTED_EDGE('',*,*,#4764,.T.);
#4764 = EDGE_CURVE('',#4765,#3624,#4767,.T.);
#4765 = VERTEX_POINT('',#4766);
#4766 = CARTESIAN_POINT('',(1.770288237,1.322516818,-1.5));
#4767 = SEAM_CURVE('',#4768,(#4772,#4779),.PCURVE_S1.);
#4768 = LINE('',#4769,#4770);
#4769 = CARTESIAN_POINT('',(1.770288237,1.322516818,-1.5));
#4770 = VECTOR('',#4771,1.);
#4771 = DIRECTION('',(0.,0.,1.));
#4772 = PCURVE('',#3705,#4773);
#4773 = DEFINITIONAL_REPRESENTATION('',(#4774),#4778);
#4774 = LINE('',#4775,#4776);
#4775 = CARTESIAN_POINT('',(0.,0.65));
#4776 = VECTOR('',#4777,1.);
#4777 = DIRECTION('',(0.,-1.));
#4778 = ( GEOMETRIC_REPRESENTATION_CONTEXT(2) 
PARAMETRIC_REPRESENTATION_CONTEXT() REPRESENTATION_CONTEXT('2D SPACE',''
  ) );
#4779 = PCURVE('',#3705,#4780);
#4780 = DEFINITIONAL_REPRESENTATION('',(#4781),#4785);
#4781 = LINE('',#4782,#4783);
#4782 = CARTESIAN_POINT('',(6.28318530718,0.65));
#4783 = VECTOR('',#4784,1.);
#4784 = DIRECTION('',(0.,-1.));
#4785 = ( GEOMETRIC_REPRESENTATION_CONTEXT(2) 
PARAMETRIC_REPRESENTATION_CONTEXT() REPRESENTATION_CONTEXT('2D SPACE',''
  ) );
#4786 = ORIENTED_EDGE('',*,*,#3623,.F.);
#4787 = ORIENTED_EDGE('',*,*,#4764,.F.);
#4788 = ORIENTED_EDGE('',*,*,#4789,.F.);
#4789 = EDGE_CURVE('',#4765,#4765,#4790,.T.);
#4790 = SURFACE_CURVE('',#4791,(#4796,#4803),.PCURVE_S1.);
#4791 = CIRCLE('',#4792,5.E-02);
#4792 = AXIS2_PLACEMENT_3D('',#4793,#4794,#4795);
#4793 = CARTESIAN_POINT('',(1.820288237,1.322516818,-1.5));
#4794 = DIRECTION('',(0.,0.,-1.));
#4795 = DIRECTION('',(-1.,0.,0.));
#4796 = PCURVE('',#3705,#4797);
#4797 = DEFINITIONAL_REPRESENTATION('',(#4798),#4802);
#4798 = LINE('',#4799,#4800);
#4799 = CARTESIAN_POINT('',(0.,0.65));
#4800 = VECTOR('',#4801,1.);
#4801 = DIRECTION('',(1.,0.));
#4802 = ( GEOMETRIC_REPRESENTATION_CONTEXT(2) 
PARAMETRIC_REPRESENTATION_CONTEXT() REPRESENTATION_CONTEXT('2D SPACE',''
  ) );
#4803 = PCURVE('',#4804,#4809);
#4804 = PLANE('',#4805);
#4805 = AXIS2_PLACEMENT_3D('',#4806,#4807,#4808);
#4806 = CARTESIAN_POINT('',(1.820288237,1.322516818,-1.5));
#4807 = DIRECTION('',(-0.,-0.,-1.));
#4808 = DIRECTION('',(-1.,0.,0.));
#4809 = DEFINITIONAL_REPRESENTATION('',(#4810),#4814);
#4810 = CIRCLE('',#4811,5.E-02);
#4811 = AXIS2_PLACEMENT_2D('',#4812,#4813);
#4812 = CARTESIAN_POINT('',(0.,0.));
#4813 = DIRECTION('',(1.,0.));
#4814 = ( GEOMETRIC_REPRESENTATION_CONTEXT(2) 
PARAMETRIC_REPRESENTATION_CONTEXT() REPRESENTATION_CONTEXT('2D SPACE',''
  ) );
#4815 = ADVANCED_FACE('',(#4816),#4804,.T.);
#4816 = FACE_BOUND('',#4817,.T.);
#4817 = EDGE_LOOP('',(#4818));
#4818 = ORIENTED_EDGE('',*,*,#4789,.T.);
#4819 = ADVANCED_FACE('',(#4820),#3565,.T.);
#4820 = FACE_BOUND('',#4821,.T.);
#4821 = EDGE_LOOP('',(#4822,#4845,#4846,#4847));
#4822 = ORIENTED_EDGE('',*,*,#4823,.T.);
#4823 = EDGE_CURVE('',#4824,#3484,#4826,.T.);
#4824 = VERTEX_POINT('',#4825);
#4825 = CARTESIAN_POINT('',(1.870288237,-1.322516818,1.5));
#4826 = SEAM_CURVE('',#4827,(#4831,#4838),.PCURVE_S1.);
#4827 = LINE('',#4828,#4829);
#4828 = CARTESIAN_POINT('',(1.870288237,-1.322516818,1.5));
#4829 = VECTOR('',#4830,1.);
#4830 = DIRECTION('',(0.,0.,-1.));
#4831 = PCURVE('',#3565,#4832);
#4832 = DEFINITIONAL_REPRESENTATION('',(#4833),#4837);
#4833 = LINE('',#4834,#4835);
#4834 = CARTESIAN_POINT('',(0.,0.65));
#4835 = VECTOR('',#4836,1.);
#4836 = DIRECTION('',(0.,-1.));
#4837 = ( GEOMETRIC_REPRESENTATION_CONTEXT(2) 
PARAMETRIC_REPRESENTATION_CONTEXT() REPRESENTATION_CONTEXT('2D SPACE',''
  ) );
#4838 = PCURVE('',#3565,#4839);
#4839 = DEFINITIONAL_REPRESENTATION('',(#4840),#4844);
#4840 = LINE('',#4841,#4842);
#4841 = CARTESIAN_POINT('',(6.28318530718,0.65));
#4842 = VECTOR('',#4843,1.);
#4843 = DIRECTION('',(0.,-1.));
#4844 = ( GEOMETRIC_REPRESENTATION_CONTEXT(2) 
PARAMETRIC_REPRESENTATION_CONTEXT() REPRESENTATION_CONTEXT('2D SPACE',''
  ) );
#4845 = ORIENTED_EDGE('',*,*,#3483,.F.);
#4846 = ORIENTED_EDGE('',*,*,#4823,.F.);
#4847 = ORIENTED_EDGE('',*,*,#4848,.F.);
#4848 = EDGE_CURVE('',#4824,#4824,#4849,.T.);
#4849 = SURFACE_CURVE('',#4850,(#4855,#4862),.PCURVE_S1.);
#4850 = CIRCLE('',#4851,5.E-02);
#4851 = AXIS2_PLACEMENT_3D('',#4852,#4853,#4854);
#4852 = CARTESIAN_POINT('',(1.820288237,-1.322516818,1.5));
#4853 = DIRECTION('',(0.,0.,1.));
#4854 = DIRECTION('',(1.,0.,0.));
#4855 = PCURVE('',#3565,#4856);
#4856 = DEFINITIONAL_REPRESENTATION('',(#4857),#4861);
#4857 = LINE('',#4858,#4859);
#4858 = CARTESIAN_POINT('',(0.,0.65));
#4859 = VECTOR('',#4860,1.);
#4860 = DIRECTION('',(1.,0.));
#4861 = ( GEOMETRIC_REPRESENTATION_CONTEXT(2) 
PARAMETRIC_REPRESENTATION_CONTEXT() REPRESENTATION_CONTEXT('2D SPACE',''
  ) );
#4862 = PCURVE('',#4863,#4868);
#4863 = PLANE('',#4864);
#4864 = AXIS2_PLACEMENT_3D('',#4865,#4866,#4867);
#4865 = CARTESIAN_POINT('',(1.820288237,-1.322516818,1.5));
#4866 = DIRECTION('',(0.,0.,1.));
#4867 = DIRECTION('',(1.,0.,0.));
#4868 = DEFINITIONAL_REPRESENTATION('',(#4869),#4873);
#4869 = CIRCLE('',#4870,5.E-02);
#4870 = AXIS2_PLACEMENT_2D('',#4871,#4872);
#4871 = CARTESIAN_POINT('',(0.,0.));
#4872 = DIRECTION('',(1.,0.));
#4873 = ( GEOMETRIC_REPRESENTATION_CONTEXT(2) 
PARAMETRIC_REPRESENTATION_CONTEXT() REPRESENTATION_CONTEXT('2D SPACE',''
  ) );
#4874 = ADVANCED_FACE('',(#4875),#4863,.T.);
#4875 = FACE_BOUND('',#4876,.T.);
#4876 = EDGE_LOOP('',(#4877));
#4877 = ORIENTED_EDGE('',*,*,#4848,.T.);
#4878 = ADVANCED_FACE('',(#4879),#3425,.T.);
#4879 = FACE_BOUND('',#4880,.T.);
#4880 = EDGE_LOOP('',(#4881,#4904,#4905,#4906,#4935));
#4881 = ORIENTED_EDGE('',*,*,#4882,.T.);
#4882 = EDGE_CURVE('',#4883,#3344,#4885,.T.);
#4883 = VERTEX_POINT('',#4884);
#4884 = CARTESIAN_POINT('',(-0.695288237,-2.089877162,1.5));
#4885 = SEAM_CURVE('',#4886,(#4890,#4897),.PCURVE_S1.);
#4886 = LINE('',#4887,#4888);
#4887 = CARTESIAN_POINT('',(-0.695288237,-2.089877162,1.5));
#4888 = VECTOR('',#4889,1.);
#4889 = DIRECTION('',(0.,0.,-1.));
#4890 = PCURVE('',#3425,#4891);
#4891 = DEFINITIONAL_REPRESENTATION('',(#4892),#4896);
#4892 = LINE('',#4893,#4894);
#4893 = CARTESIAN_POINT('',(0.,0.65));
#4894 = VECTOR('',#4895,1.);
#4895 = DIRECTION('',(0.,-1.));
#4896 = ( GEOMETRIC_REPRESENTATION_CONTEXT(2) 
PARAMETRIC_REPRESENTATION_CONTEXT() REPRESENTATION_CONTEXT('2D SPACE',''
  ) );
#4897 = PCURVE('',#3425,#4898);
#4898 = DEFINITIONAL_REPRESENTATION('',(#4899),#4903);
#4899 = LINE('',#4900,#4901);
#4900 = CARTESIAN_POINT('',(6.28318530718,0.65));
#4901 = VECTOR('',#4902,1.);
#4902 = DIRECTION('',(0.,-1.));
#4903 = ( GEOMETRIC_REPRESENTATION_CONTEXT(2) 
PARAMETRIC_REPRESENTATION_CONTEXT() REPRESENTATION_CONTEXT('2D SPACE',''
  ) );
#4904 = ORIENTED_EDGE('',*,*,#3343,.F.);
#4905 = ORIENTED_EDGE('',*,*,#4882,.F.);
#4906 = ORIENTED_EDGE('',*,*,#4907,.F.);
#4907 = EDGE_CURVE('',#4908,#4883,#4910,.T.);
#4908 = VERTEX_POINT('',#4909);
#4909 = CARTESIAN_POINT('',(-0.695288237,-2.189877162,1.5));
#4910 = SURFACE_CURVE('',#4911,(#4916,#4923),.PCURVE_S1.);
#4911 = CIRCLE('',#4912,5.E-02);
#4912 = AXIS2_PLACEMENT_3D('',#4913,#4914,#4915);
#4913 = CARTESIAN_POINT('',(-0.695288237,-2.139877162,1.5));
#4914 = DIRECTION('',(-0.,0.,1.));
#4915 = DIRECTION('',(0.,-1.,0.));
#4916 = PCURVE('',#3425,#4917);
#4917 = DEFINITIONAL_REPRESENTATION('',(#4918),#4922);
#4918 = LINE('',#4919,#4920);
#4919 = CARTESIAN_POINT('',(3.14159265359,0.65));
#4920 = VECTOR('',#4921,1.);
#4921 = DIRECTION('',(1.,0.));
#4922 = ( GEOMETRIC_REPRESENTATION_CONTEXT(2) 
PARAMETRIC_REPRESENTATION_CONTEXT() REPRESENTATION_CONTEXT('2D SPACE',''
  ) );
#4923 = PCURVE('',#4924,#4929);
#4924 = PLANE('',#4925);
#4925 = AXIS2_PLACEMENT_3D('',#4926,#4927,#4928);
#4926 = CARTESIAN_POINT('',(-0.695288237,-2.139877162,1.5));
#4927 = DIRECTION('',(0.,0.,1.));
#4928 = DIRECTION('',(0.,1.,0.));
#4929 = DEFINITIONAL_REPRESENTATION('',(#4930),#4934);
#4930 = CIRCLE('',#4931,5.E-02);
#4931 = AXIS2_PLACEMENT_2D('',#4932,#4933);
#4932 = CARTESIAN_POINT('',(0.,0.));
#4933 = DIRECTION('',(-1.,-0.));
#4934 = ( GEOMETRIC_REPRESENTATION_CONTEXT(2) 
PARAMETRIC_REPRESENTATION_CONTEXT() REPRESENTATION_CONTEXT('2D SPACE',''
  ) );
#4935 = ORIENTED_EDGE('',*,*,#4936,.F.);
#4936 = EDGE_CURVE('',#4883,#4908,#4937,.T.);
#4937 = SURFACE_CURVE('',#4938,(#4943,#4950),.PCURVE_S1.);
#4938 = CIRCLE('',#4939,5.E-02);
#4939 = AXIS2_PLACEMENT_3D('',#4940,#4941,#4942);
#4940 = CARTESIAN_POINT('',(-0.695288237,-2.139877162,1.5));
#4941 = DIRECTION('',(-0.,0.,1.));
#4942 = DIRECTION('',(0.,-1.,0.));
#4943 = PCURVE('',#3425,#4944);
#4944 = DEFINITIONAL_REPRESENTATION('',(#4945),#4949);
#4945 = LINE('',#4946,#4947);
#4946 = CARTESIAN_POINT('',(-3.14159265359,0.65));
#4947 = VECTOR('',#4948,1.);
#4948 = DIRECTION('',(1.,0.));
#4949 = ( GEOMETRIC_REPRESENTATION_CONTEXT(2) 
PARAMETRIC_REPRESENTATION_CONTEXT() REPRESENTATION_CONTEXT('2D SPACE',''
  ) );
#4950 = PCURVE('',#4924,#4951);
#4951 = DEFINITIONAL_REPRESENTATION('',(#4952),#4956);
#4952 = CIRCLE('',#4953,5.E-02);
#4953 = AXIS2_PLACEMENT_2D('',#4954,#4955);
#4954 = CARTESIAN_POINT('',(0.,0.));
#4955 = DIRECTION('',(-1.,-0.));
#4956 = ( GEOMETRIC_REPRESENTATION_CONTEXT(2) 
PARAMETRIC_REPRESENTATION_CONTEXT() REPRESENTATION_CONTEXT('2D SPACE',''
  ) );
#4957 = ADVANCED_FACE('',(#4958),#4924,.T.);
#4958 = FACE_BOUND('',#4959,.T.);
#4959 = EDGE_LOOP('',(#4960,#4961));
#4960 = ORIENTED_EDGE('',*,*,#4907,.T.);
#4961 = ORIENTED_EDGE('',*,*,#4936,.T.);
#4962 = ADVANCED_FACE('',(#4963),#3176,.T.);
#4963 = FACE_BOUND('',#4964,.T.);
#4964 = EDGE_LOOP('',(#4965,#4988,#4989,#4990,#4991));
#4965 = ORIENTED_EDGE('',*,*,#4966,.T.);
#4966 = EDGE_CURVE('',#4967,#3117,#4969,.T.);
#4967 = VERTEX_POINT('',#4968);
#4968 = CARTESIAN_POINT('',(-2.2,0.,1.5));
#4969 = SEAM_CURVE('',#4970,(#4974,#4981),.PCURVE_S1.);
#4970 = LINE('',#4971,#4972);
#4971 = CARTESIAN_POINT('',(-2.2,0.,1.5));
#4972 = VECTOR('',#4973,1.);
#4973 = DIRECTION('',(0.,0.,-1.));
#4974 = PCURVE('',#3176,#4975);
#4975 = DEFINITIONAL_REPRESENTATION('',(#4976),#4980);
#4976 = LINE('',#4977,#4978);
#4977 = CARTESIAN_POINT('',(0.,0.65));
#4978 = VECTOR('',#4979,1.);
#4979 = DIRECTION('',(0.,-1.));
#4980 = ( GEOMETRIC_REPRESENTATION_CONTEXT(2) 
PARAMETRIC_REPRESENTATION_CONTEXT() REPRESENTATION_CONTEXT('2D SPACE',''
  ) );
#4981 = PCURVE('',#3176,#4982);
#4982 = DEFINITIONAL_REPRESENTATION('',(#4983),#4987);
#4983 = LINE('',#4984,#4985);
#4984 = CARTESIAN_POINT('',(6.28318530718,0.65));
#4985 = VECTOR('',#4986,1.);
#4986 = DIRECTION('',(0.,-1.));
#4987 = ( GEOMETRIC_REPRESENTATION_CONTEXT(2) 
PARAMETRIC_REPRESENTATION_CONTEXT() REPRESENTATION_CONTEXT('2D SPACE',''
  ) );
#4988 = ORIENTED_EDGE('',*,*,#3114,.F.);
#4989 = ORIENTED_EDGE('',*,*,#3210,.F.);
#4990 = ORIENTED_EDGE('',*,*,#4966,.F.);
#4991 = ORIENTED_EDGE('',*,*,#4992,.F.);
#4992 = EDGE_CURVE('',#4967,#4967,#4993,.T.);
#4993 = SURFACE_CURVE('',#4994,(#4999,#5006),.PCURVE_S1.);
#4994 = CIRCLE('',#4995,5.E-02);
#4995 = AXIS2_PLACEMENT_3D('',#4996,#4997,#4998);
#4996 = CARTESIAN_POINT('',(-2.25,0.,1.5));
#4997 = DIRECTION('',(0.,0.,1.));
#4998 = DIRECTION('',(1.,0.,0.));
#4999 = PCURVE('',#3176,#5000);
#5000 = DEFINITIONAL_REPRESENTATION('',(#5001),#5005);
#5001 = LINE('',#5002,#5003);
#5002 = CARTESIAN_POINT('',(0.,0.65));
#5003 = VECTOR('',#5004,1.);
#5004 = DIRECTION('',(1.,0.));
#5005 = ( GEOMETRIC_REPRESENTATION_CONTEXT(2) 
PARAMETRIC_REPRESENTATION_CONTEXT() REPRESENTATION_CONTEXT('2D SPACE',''
  ) );
#5006 = PCURVE('',#5007,#5012);
#5007 = PLANE('',#5008);
#5008 = AXIS2_PLACEMENT_3D('',#5009,#5010,#5011);
#5009 = CARTESIAN_POINT('',(-2.25,0.,1.5));
#5010 = DIRECTION('',(0.,0.,1.));
#5011 = DIRECTION('',(1.,0.,0.));
#5012 = DEFINITIONAL_REPRESENTATION('',(#5013),#5017);
#5013 = CIRCLE('',#5014,5.E-02);
#5014 = AXIS2_PLACEMENT_2D('',#5015,#5016);
#5015 = CARTESIAN_POINT('',(0.,0.));
#5016 = DIRECTION('',(1.,0.));
#5017 = ( GEOMETRIC_REPRESENTATION_CONTEXT(2) 
PARAMETRIC_REPRESENTATION_CONTEXT() REPRESENTATION_CONTEXT('2D SPACE',''
  ) );
#5018 = ADVANCED_FACE('',(#5019),#5007,.T.);
#5019 = FACE_BOUND('',#5020,.T.);
#5020 = EDGE_LOOP('',(#5021));
#5021 = ORIENTED_EDGE('',*,*,#4992,.T.);
#5022 = ADVANCED_FACE('',(#5023),#3056,.T.);
#5023 = FACE_BOUND('',#5024,.T.);
#5024 = EDGE_LOOP('',(#5025,#5048,#5049,#5050,#5079));
#5025 = ORIENTED_EDGE('',*,*,#5026,.T.);
#5026 = EDGE_CURVE('',#5027,#2975,#5029,.T.);
#5027 = VERTEX_POINT('',#5028);
#5028 = CARTESIAN_POINT('',(-0.695288237,2.189877162,1.5));
#5029 = SEAM_CURVE('',#5030,(#5034,#5041),.PCURVE_S1.);
#5030 = LINE('',#5031,#5032);
#5031 = CARTESIAN_POINT('',(-0.695288237,2.189877162,1.5));
#5032 = VECTOR('',#5033,1.);
#5033 = DIRECTION('',(0.,0.,-1.));
#5034 = PCURVE('',#3056,#5035);
#5035 = DEFINITIONAL_REPRESENTATION('',(#5036),#5040);
#5036 = LINE('',#5037,#5038);
#5037 = CARTESIAN_POINT('',(0.,0.65));
#5038 = VECTOR('',#5039,1.);
#5039 = DIRECTION('',(0.,-1.));
#5040 = ( GEOMETRIC_REPRESENTATION_CONTEXT(2) 
PARAMETRIC_REPRESENTATION_CONTEXT() REPRESENTATION_CONTEXT('2D SPACE',''
  ) );
#5041 = PCURVE('',#3056,#5042);
#5042 = DEFINITIONAL_REPRESENTATION('',(#5043),#5047);
#5043 = LINE('',#5044,#5045);
#5044 = CARTESIAN_POINT('',(6.28318530718,0.65));
#5045 = VECTOR('',#5046,1.);
#5046 = DIRECTION('',(0.,-1.));
#5047 = ( GEOMETRIC_REPRESENTATION_CONTEXT(2) 
PARAMETRIC_REPRESENTATION_CONTEXT() REPRESENTATION_CONTEXT('2D SPACE',''
  ) );
#5048 = ORIENTED_EDGE('',*,*,#2974,.F.);
#5049 = ORIENTED_EDGE('',*,*,#5026,.F.);
#5050 = ORIENTED_EDGE('',*,*,#5051,.F.);
#5051 = EDGE_CURVE('',#5052,#5027,#5054,.T.);
#5052 = VERTEX_POINT('',#5053);
#5053 = CARTESIAN_POINT('',(-0.695288237,2.089877162,1.5));
#5054 = SURFACE_CURVE('',#5055,(#5060,#5067),.PCURVE_S1.);
#5055 = CIRCLE('',#5056,5.E-02);
#5056 = AXIS2_PLACEMENT_3D('',#5057,#5058,#5059);
#5057 = CARTESIAN_POINT('',(-0.695288237,2.139877162,1.5));
#5058 = DIRECTION('',(-0.,0.,1.));
#5059 = DIRECTION('',(0.,-1.,0.));
#5060 = PCURVE('',#3056,#5061);
#5061 = DEFINITIONAL_REPRESENTATION('',(#5062),#5066);
#5062 = LINE('',#5063,#5064);
#5063 = CARTESIAN_POINT('',(3.14159265359,0.65));
#5064 = VECTOR('',#5065,1.);
#5065 = DIRECTION('',(1.,0.));
#5066 = ( GEOMETRIC_REPRESENTATION_CONTEXT(2) 
PARAMETRIC_REPRESENTATION_CONTEXT() REPRESENTATION_CONTEXT('2D SPACE',''
  ) );
#5067 = PCURVE('',#5068,#5073);
#5068 = PLANE('',#5069);
#5069 = AXIS2_PLACEMENT_3D('',#5070,#5071,#5072);
#5070 = CARTESIAN_POINT('',(-0.695288237,2.139877162,1.5));
#5071 = DIRECTION('',(0.,0.,1.));
#5072 = DIRECTION('',(0.,1.,0.));
#5073 = DEFINITIONAL_REPRESENTATION('',(#5074),#5078);
#5074 = CIRCLE('',#5075,5.E-02);
#5075 = AXIS2_PLACEMENT_2D('',#5076,#5077);
#5076 = CARTESIAN_POINT('',(0.,0.));
#5077 = DIRECTION('',(-1.,-0.));
#5078 = ( GEOMETRIC_REPRESENTATION_CONTEXT(2) 
PARAMETRIC_REPRESENTATION_CONTEXT() REPRESENTATION_CONTEXT('2D SPACE',''
  ) );
#5079 = ORIENTED_EDGE('',*,*,#5080,.F.);
#5080 = EDGE_CURVE('',#5027,#5052,#5081,.T.);
#5081 = SURFACE_CURVE('',#5082,(#5087,#5094),.PCURVE_S1.);
#5082 = CIRCLE('',#5083,5.E-02);
#5083 = AXIS2_PLACEMENT_3D('',#5084,#5085,#5086);
#5084 = CARTESIAN_POINT('',(-0.695288237,2.139877162,1.5));
#5085 = DIRECTION('',(-0.,0.,1.));
#5086 = DIRECTION('',(0.,-1.,0.));
#5087 = PCURVE('',#3056,#5088);
#5088 = DEFINITIONAL_REPRESENTATION('',(#5089),#5093);
#5089 = LINE('',#5090,#5091);
#5090 = CARTESIAN_POINT('',(-3.14159265359,0.65));
#5091 = VECTOR('',#5092,1.);
#5092 = DIRECTION('',(1.,0.));
#5093 = ( GEOMETRIC_REPRESENTATION_CONTEXT(2) 
PARAMETRIC_REPRESENTATION_CONTEXT() REPRESENTATION_CONTEXT('2D SPACE',''
  ) );
#5094 = PCURVE('',#5068,#5095);
#5095 = DEFINITIONAL_REPRESENTATION('',(#5096),#5100);
#5096 = CIRCLE('',#5097,5.E-02);
#5097 = AXIS2_PLACEMENT_2D('',#5098,#5099);
#5098 = CARTESIAN_POINT('',(0.,0.));
#5099 = DIRECTION('',(-1.,-0.));
#5100 = ( GEOMETRIC_REPRESENTATION_CONTEXT(2) 
PARAMETRIC_REPRESENTATION_CONTEXT() REPRESENTATION_CONTEXT('2D SPACE',''
  ) );
#5101 = ADVANCED_FACE('',(#5102),#5068,.T.);
#5102 = FACE_BOUND('',#5103,.T.);
#5103 = EDGE_LOOP('',(#5104,#5105));
#5104 = ORIENTED_EDGE('',*,*,#5051,.T.);
#5105 = ORIENTED_EDGE('',*,*,#5080,.T.);
#5106 = ADVANCED_FACE('',(#5107),#3985,.T.);
#5107 = FACE_BOUND('',#5108,.T.);
#5108 = EDGE_LOOP('',(#5109,#5132,#5133,#5134));
#5109 = ORIENTED_EDGE('',*,*,#5110,.T.);
#5110 = EDGE_CURVE('',#5111,#3904,#5113,.T.);
#5111 = VERTEX_POINT('',#5112);
#5112 = CARTESIAN_POINT('',(1.870288237,1.322516818,1.5));
#5113 = SEAM_CURVE('',#5114,(#5118,#5125),.PCURVE_S1.);
#5114 = LINE('',#5115,#5116);
#5115 = CARTESIAN_POINT('',(1.870288237,1.322516818,1.5));
#5116 = VECTOR('',#5117,1.);
#5117 = DIRECTION('',(-0.,-0.,-1.));
#5118 = PCURVE('',#3985,#5119);
#5119 = DEFINITIONAL_REPRESENTATION('',(#5120),#5124);
#5120 = LINE('',#5121,#5122);
#5121 = CARTESIAN_POINT('',(0.,0.65));
#5122 = VECTOR('',#5123,1.);
#5123 = DIRECTION('',(0.,-1.));
#5124 = ( GEOMETRIC_REPRESENTATION_CONTEXT(2) 
PARAMETRIC_REPRESENTATION_CONTEXT() REPRESENTATION_CONTEXT('2D SPACE',''
  ) );
#5125 = PCURVE('',#3985,#5126);
#5126 = DEFINITIONAL_REPRESENTATION('',(#5127),#5131);
#5127 = LINE('',#5128,#5129);
#5128 = CARTESIAN_POINT('',(6.28318530718,0.65));
#5129 = VECTOR('',#5130,1.);
#5130 = DIRECTION('',(0.,-1.));
#5131 = ( GEOMETRIC_REPRESENTATION_CONTEXT(2) 
PARAMETRIC_REPRESENTATION_CONTEXT() REPRESENTATION_CONTEXT('2D SPACE',''
  ) );
#5132 = ORIENTED_EDGE('',*,*,#3903,.F.);
#5133 = ORIENTED_EDGE('',*,*,#5110,.F.);
#5134 = ORIENTED_EDGE('',*,*,#5135,.F.);
#5135 = EDGE_CURVE('',#5111,#5111,#5136,.T.);
#5136 = SURFACE_CURVE('',#5137,(#5142,#5149),.PCURVE_S1.);
#5137 = CIRCLE('',#5138,5.E-02);
#5138 = AXIS2_PLACEMENT_3D('',#5139,#5140,#5141);
#5139 = CARTESIAN_POINT('',(1.820288237,1.322516818,1.5));
#5140 = DIRECTION('',(0.,0.,1.));
#5141 = DIRECTION('',(1.,0.,0.));
#5142 = PCURVE('',#3985,#5143);
#5143 = DEFINITIONAL_REPRESENTATION('',(#5144),#5148);
#5144 = LINE('',#5145,#5146);
#5145 = CARTESIAN_POINT('',(0.,0.65));
#5146 = VECTOR('',#5147,1.);
#5147 = DIRECTION('',(1.,0.));
#5148 = ( GEOMETRIC_REPRESENTATION_CONTEXT(2) 
PARAMETRIC_REPRESENTATION_CONTEXT() REPRESENTATION_CONTEXT('2D SPACE',''
  ) );
#5149 = PCURVE('',#5150,#5155);
#5150 = PLANE('',#5151);
#5151 = AXIS2_PLACEMENT_3D('',#5152,#5153,#5154);
#5152 = CARTESIAN_POINT('',(1.820288237,1.322516818,1.5));
#5153 = DIRECTION('',(0.,0.,1.));
#5154 = DIRECTION('',(1.,0.,0.));
#5155 = DEFINITIONAL_REPRESENTATION('',(#5156),#5160);
#5156 = CIRCLE('',#5157,5.E-02);
#5157 = AXIS2_PLACEMENT_2D('',#5158,#5159);
#5158 = CARTESIAN_POINT('',(0.,0.));
#5159 = DIRECTION('',(1.,0.));
#5160 = ( GEOMETRIC_REPRESENTATION_CONTEXT(2) 
PARAMETRIC_REPRESENTATION_CONTEXT() REPRESENTATION_CONTEXT('2D SPACE',''
  ) );
#5161 = ADVANCED_FACE('',(#5162),#5150,.T.);
#5162 = FACE_BOUND('',#5163,.T.);
#5163 = EDGE_LOOP('',(#5164));
#5164 = ORIENTED_EDGE('',*,*,#5135,.T.);
#5165 = ( GEOMETRIC_REPRESENTATION_CONTEXT(3) 
GLOBAL_UNCERTAINTY_ASSIGNED_CONTEXT((#5169)) 
GLOBAL_UNIT_ASSIGNED_CONTEXT((#5166,#5167,#5168)) REPRESENTATION_CONTEXT
('Context #1','3D Context with UNIT and UNCERTAINTY') );
#5166 = ( LENGTH_UNIT() NAMED_UNIT(*) SI_UNIT(.MILLI.,.METRE.) );
#5167 = ( NAMED_UNIT(*) PLANE_ANGLE_UNIT() SI_UNIT($,.RADIAN.) );
#5168 = ( NAMED_UNIT(*) SI_UNIT($,.STERADIAN.) SOLID_ANGLE_UNIT() );
#5169 = UNCERTAINTY_MEASURE_WITH_UNIT(LENGTH_MEASURE(2.E-05),#5166,
  'distance_accuracy_value','confusion accuracy');
#5170 = PRODUCT_RELATED_PRODUCT_CATEGORY('part',$,(#7));
ENDSEC;
END-ISO-10303-21;
