file,block,origin,source,transfer,requirement,bie_retention,duplication,purpose,block_rationale,source_sha256,package_sha256,block_id
.gitattributes,Standalone build and repository configuration,new integration file,Created for independent SurfSmooth3D extraction,new packaging/test/documentation; no imported numerical algorithm replaced,"Build/repository configuration, not numerical algorithms.",New package-specific files; BIE keeps its own build/configuration.,New/generated integration artifact; not a duplicated BIE runtime algorithm.,Preserve imported file bytes without automatic text/line-ending conversion.,Build/install independently using external FMM3D and separate native/MATLAB objects; preserve source bytes and ignore local products.,,e49211a47fbe154e1d4640de66cd52f6d02376f477d0706a167b48704ab7e6cc,17
.gitignore,Standalone build and repository configuration,new integration file,Created for independent SurfSmooth3D extraction,new packaging/test/documentation; no imported numerical algorithm replaced,"Build/repository configuration, not numerical algorithms.",New package-specific files; BIE keeps its own build/configuration.,New/generated integration artifact; not a duplicated BIE runtime algorithm.,"Exclude generated binaries, installations, outputs and local configuration.",Build/install independently using external FMM3D and separate native/MATLAB objects; preserve source bytes and ignore local products.,,51d0aa02715c40adc1091ff28e6280f898a38dfcb10bae3831af6d36a8ca3b61,17
COPYRIGHT,Package documentation and attribution,additional copy,tools/fmm3dbie/COPYRIGHT,identical,Documentation/attribution; not numerical runtime.,Each distributing package retains the notices and documentation appropriate to its own code.,Original retained for comparison; not evidence that BIE needs this as a runtime dependency.,Preserve upstream source attribution/license notice for distributed copies.,"Explain installation, architecture, validation and preserved upstream attribution.",e01f129516a5091a814b25bed5e0524246de18f55046cf23838f083f3c19fdac,e01f129516a5091a814b25bed5e0524246de18f55046cf23838f083f3c19fdac,18
LICENSE,Package documentation and attribution,additional copy,tools/fmm3dbie/LICENSE,identical,Documentation/attribution; not numerical runtime.,Each distributing package retains the notices and documentation appropriate to its own code.,Original retained for comparison; not evidence that BIE needs this as a runtime dependency.,Preserve upstream source attribution/license notice for distributed copies.,"Explain installation, architecture, validation and preserved upstream attribution.",d7d8c50c330e77def725031190fa476db7b6814e143d562abd6db2df953632db,d7d8c50c330e77def725031190fa476db7b6814e143d562abd6db2df953632db,18
README.md,Package documentation and attribution,new integration file,Created for independent SurfSmooth3D extraction,new packaging/test/documentation; no imported numerical algorithm replaced,Documentation/attribution; not numerical runtime.,Each distributing package retains the notices and documentation appropriate to its own code.,New/generated integration artifact; not a duplicated BIE runtime algorithm.,Document package README.,"Explain installation, architecture, validation and preserved upstream attribution.",,a85d2946f0aaff6b8b48444fe6f9294e0fc93c8fd63734e68b2a0eb0e3eceac2,18
THIRD_PARTY.md,Package documentation and attribution,new integration file,Created for independent SurfSmooth3D extraction,new packaging/test/documentation; no imported numerical algorithm replaced,Documentation/attribution; not numerical runtime.,Each distributing package retains the notices and documentation appropriate to its own code.,New/generated integration artifact; not a duplicated BIE runtime algorithm.,Document package THIRD_PARTY.,"Explain installation, architecture, validation and preserved upstream attribution.",,98672c4a0b0b77631e1947f91e75ee5650dcf9bd1204df6c98c089ea1c16b488,18
config/README.md,Standalone build and repository configuration,new integration file,Created for independent SurfSmooth3D extraction,new packaging/test/documentation; no imported numerical algorithm replaced,"Build/repository configuration, not numerical algorithms.",New package-specific files; BIE keeps its own build/configuration.,New/generated integration artifact; not a duplicated BIE runtime algorithm.,Document package README.,Build/install independently using external FMM3D and separate native/MATLAB objects; preserve source bytes and ignore local products.,,f4dd2e84b4a4d28acfdb0316889952ed8652eb81bdee5ac247b6bc13c6a9d3ee,17
config/apple-silicon.mk,Standalone build and repository configuration,new integration file,Created for independent SurfSmooth3D extraction,new packaging/test/documentation; no imported numerical algorithm replaced,"Build/repository configuration, not numerical algorithms.",New package-specific files; BIE keeps its own build/configuration.,New/generated integration artifact; not a duplicated BIE runtime algorithm.,"Local tested compiler, MATLAB/OpenMP and optional runtime-pinning build profile.",Build/install independently using external FMM3D and separate native/MATLAB objects; preserve source bytes and ignore local products.,,bb838d71e9ec757fedce1fde5d4f191a2df9d34a18484fc86fe1d69fa0d250d1,17
config/linux.mk,Standalone build and repository configuration,new integration file,Created for independent SurfSmooth3D extraction,new packaging/test/documentation; no imported numerical algorithm replaced,"Build/repository configuration, not numerical algorithms.",New package-specific files; BIE keeps its own build/configuration.,New/generated integration artifact; not a duplicated BIE runtime algorithm.,Linux build profile; supplied but not validated by the macOS extraction tests.,Build/install independently using external FMM3D and separate native/MATLAB objects; preserve source bytes and ignore local products.,,04dc8786cbd4f285e509b1f6e1635166033dddb24f692a9133769c209713e704,17
config/runtime/README.md,Standalone build and repository configuration,new integration file,Created for independent SurfSmooth3D extraction,new packaging/test/documentation; no imported numerical algorithm replaced,"Build/repository configuration, not numerical algorithms.",New package-specific files; BIE keeps its own build/configuration.,New/generated integration artifact; not a duplicated BIE runtime algorithm.,Document package README.,Build/install independently using external FMM3D and separate native/MATLAB objects; preserve source bytes and ignore local products.,,76a07e023047a127002531a5a2e1b279c5f4c76cb55275ff5c5405f8e2101535,17
config/runtime/surfsmooth3d_adaptive_blend_routs_gateway.c,MATLAB runtime compatibility adapters,sealed import,tools/fmm3dbie/local/fmm3dbie_adaptive_blend_gateway.c,mechanical changes,Conditional platform compatibility; enabled by the Apple Silicon profile.,Not a geometry algorithm; assess the old BIE runtime workaround separately rather than assuming it can be removed.,Original retained for comparison; not evidence that BIE needs this as a runtime dependency.,Wrap the corresponding MEX gateway with the preserved local runtime-retention workaround.,Preserve the tested local MEX shutdown workaround without altering Fortran algorithms.,2e82dcc850b600e6e31411d8dc9823ec1683473fae4ed78e7c36454442051c50,26713895aea91ffa94bdf58ce719dade7989420fedddaf3dc4d7e3d04e18e0dc,05
config/runtime/surfsmooth3d_adaptive_routs_gateway.c,MATLAB runtime compatibility adapters,sealed import,tools/fmm3dbie/local/fmm3dbie_adaptive_gateway.c,mechanical changes,Conditional platform compatibility; enabled by the Apple Silicon profile.,Not a geometry algorithm; assess the old BIE runtime workaround separately rather than assuming it can be removed.,Original retained for comparison; not evidence that BIE needs this as a runtime dependency.,Wrap the corresponding MEX gateway with the preserved local runtime-retention workaround.,Preserve the tested local MEX shutdown workaround without altering Fortran algorithms.,a603f3d2864b00101c97b5227fefd6de5aec696340be5eb6e20f08fae0b1135e,3a7f706e57ec66141f45fdb54a489ba5416b84e0bf71e4f5aa4473243fea3bbf,05
config/runtime/surfsmooth3d_routs_gateway.c,MATLAB runtime compatibility adapters,sealed import,tools/fmm3dbie/local/fmm3dbie_gateway.c,mechanical changes,Conditional platform compatibility; enabled by the Apple Silicon profile.,Not a geometry algorithm; assess the old BIE runtime workaround separately rather than assuming it can be removed.,Original retained for comparison; not evidence that BIE needs this as a runtime dependency.,Wrap the corresponding MEX gateway with the preserved local runtime-retention workaround.,Preserve the tested local MEX shutdown workaround without altering Fortran algorithms.,18a31c8d08f433823c380107a5934060c1c4899344923c0d9e4afa97ad2b832e,2faf904f7d6b9c2be4ee9e58068cb6113a619df1c0d35ad9413e82af1a53b37a,05
docs/architecture.md,Package documentation and attribution,new integration file,Created for independent SurfSmooth3D extraction,new packaging/test/documentation; no imported numerical algorithm replaced,Documentation/attribution; not numerical runtime.,Each distributing package retains the notices and documentation appropriate to its own code.,New/generated integration artifact; not a duplicated BIE runtime algorithm.,Document package architecture.,"Explain installation, architecture, validation and preserved upstream attribution.",,bb2f359db5868bad6db8abc4668b8e6a9728e69eeaa2b0eb81867eb6e76a2947,18
docs/validation.md,Package documentation and attribution,new integration file,Created for independent SurfSmooth3D extraction,new packaging/test/documentation; no imported numerical algorithm replaced,Documentation/attribution; not numerical runtime.,Each distributing package retains the notices and documentation appropriate to its own code.,New/generated integration artifact; not a duplicated BIE runtime algorithm.,Document package validation.,"Explain installation, architecture, validation and preserved upstream attribution.",,8e701351ece617cc854c91e5082fb8730da035959a91b8e39093cef29ea6c220,18
examples/fortran/smooth_surface.f90,User drivers and examples,new integration file,Created for independent SurfSmooth3D extraction,new packaging/test/documentation; no imported numerical algorithm replaced,Examples/convenience; not linked runtime dependencies.,Smoother/STEP examples belong here; BIE solver examples remain in BIE.,New/generated integration artifact; not a duplicated BIE runtime algorithm.,New native command-line example forwarding to unchanged public smoother routines.,"Provide executable entry points for uniform/adaptive smoothing, blending, STEP meshing and comparisons.",,c8d94f90fa4bddd210c89c90479e7c96fdb6fc9767048763707c05783dfb10a1,14
examples/matlab/driver_debug_primary_vs_cad_smooth.m,User drivers and examples,sealed import,tools/fmm3dbie/matlab/examples/driver_debug_primary_vs_cad_smooth.m,mechanical changes,Examples/convenience; not linked runtime dependencies.,Smoother/STEP examples belong here; BIE solver examples remain in BIE.,Original retained for comparison; not evidence that BIE needs this as a runtime dependency.,Compare primary/scaffold smoothing with fixed CAD quadrature smoothing.,"Provide executable entry points for uniform/adaptive smoothing, blending, STEP meshing and comparisons.",11385dba05cdfbca18e8a5de7f838152a7e6c673bb4c5ea9c93d6ff60b4f5929,d05a841725044e60457b7cb6f14134cbc76ea9830578bed1ebaa4781ff4b2038,14
examples/matlab/driver_edge_preserve_compare_surfaces.m,User drivers and examples,sealed import,tools/fmm3dbie/matlab/examples/driver_edge_preserve_compare_surfaces.m,mechanical changes,Examples/convenience; not linked runtime dependencies.,Smoother/STEP examples belong here; BIE solver examples remain in BIE.,Original retained for comparison; not evidence that BIE needs this as a runtime dependency.,Compare and inspect saved edge-preserving surface outputs.,"Provide executable entry points for uniform/adaptive smoothing, blending, STEP meshing and comparisons.",231515ed3668df9edb24389ec427fba8c472ebad3516fb98a6afc9776e3b9904,3e0b7688d6cada1071e66300bfe7b2bacc27215cc20ed267f2bf93eec6658146,14
examples/matlab/driver_two_stage_adaptive_blend.m,User drivers and examples,sealed import,tools/fmm3dbie/matlab/examples/driver_two_stage_adaptive_blend.m,mechanical changes,Examples/convenience; not linked runtime dependencies.,Smoother/STEP examples belong here; BIE solver examples remain in BIE.,Original retained for comparison; not evidence that BIE needs this as a runtime dependency.,Main driver for two-stage adaptive partial blending.,"Provide executable entry points for uniform/adaptive smoothing, blending, STEP meshing and comparisons.",97307bbe87261f44cdc6a20f2c3d909d256880e2a009031542a2576ffb117796,42d548a1eb39170c56c9d91888fd8a1d84958e522a2fbfc1ac812a180a48477d,14
examples/matlab/driver_two_stage_adaptive_smooth.m,User drivers and examples,sealed import,tools/fmm3dbie/matlab/examples/driver_two_stage_adaptive_smooth.m,mechanical changes,Examples/convenience; not linked runtime dependencies.,Smoother/STEP examples belong here; BIE solver examples remain in BIE.,Original retained for comparison; not evidence that BIE needs this as a runtime dependency.,Main driver for two-stage adaptive full smoothing.,"Provide executable entry points for uniform/adaptive smoothing, blending, STEP meshing and comparisons.",761ad07ba3b25c53491e9cd0aa7743ce6335efe6a814417e152a7378580a2b09,afb0c97688d078b9f59d57a7d2eca1462a7d08247b0891bb5717eba93533e5a7,14
examples/matlab/driver_two_stage_edge_smooth_batch.m,User drivers and examples,sealed import,tools/fmm3dbie/matlab/examples/driver_two_stage_edge_smooth_batch.m,mechanical changes,Examples/convenience; not linked runtime dependencies.,Smoother/STEP examples belong here; BIE solver examples remain in BIE.,Original retained for comparison; not evidence that BIE needs this as a runtime dependency.,Main GUI/batch driver for fixed-CAD two-stage full/partial smoothing.,"Provide executable entry points for uniform/adaptive smoothing, blending, STEP meshing and comparisons.",b05265d257cc79edee1c698230d5b8cb0b6038e22d43f3b6caa44effb50e3d14,4fda69a0be8e314f0fd6fe19b8c70db1ee8692db6583fd90b5847c032e10990b,14
examples/step/driver_view_geom_package.m,User drivers and examples,sealed import,step_mesher_cpp_matlab_astra_v3/examples/driver_view_geom_package.m,mechanical changes,Examples/convenience; not linked runtime dependencies.,Smoother/STEP examples belong here; BIE solver examples remain in BIE.,Original retained for comparison; not evidence that BIE needs this as a runtime dependency.,View a saved STEP geometry package.,"Provide executable entry points for uniform/adaptive smoothing, blending, STEP meshing and comparisons.",845137b4fd90d1f7675e1ebc7c6384a2048f60f7589615cab94667ac9f6831c3,61d1ee94a89882c1c908e2cc800553796db35bab845409d3a7cef25d6f8811a4,14
examples/step/driver_view_step_file.m,User drivers and examples,sealed import,step_mesher_cpp_matlab_astra_v3/examples/driver_view_step_file.m,mechanical changes,Examples/convenience; not linked runtime dependencies.,Smoother/STEP examples belong here; BIE solver examples remain in BIE.,Original retained for comparison; not evidence that BIE needs this as a runtime dependency.,Inspect/mesh a STEP input interactively.,"Provide executable entry points for uniform/adaptive smoothing, blending, STEP meshing and comparisons.",8067bd66e5e67fca51f01b8468f1695cde4b15ceb77983040e878dc6b4e63a3a,4e93722471a1c20b7149967273bc515fbe45bcd993127026d55c2e25bb55e3ac,14
examples/step/run_convergence_study.m,User drivers and examples,sealed import,step_mesher_cpp_matlab_astra_v3/examples/run_convergence_study.m,mechanical changes,Examples/convenience; not linked runtime dependencies.,Smoother/STEP examples belong here; BIE solver examples remain in BIE.,Original retained for comparison; not evidence that BIE needs this as a runtime dependency.,Run STEP geometry accuracy/convergence examples.,"Provide executable entry points for uniform/adaptive smoothing, blending, STEP meshing and comparisons.",9da819cc213f1714540f979cf6b3390f06c87a5e8718705431193846f3669f9e,58ad2ffcb5d6e0e2521705eaa7d97269d58b7bce4282f0ee04fdaef081c7768f,14
examples/step/run_step_mesher.m,User drivers and examples,sealed import,step_mesher_cpp_matlab_astra_v3/examples/run_step_mesher.m,mechanical changes,Examples/convenience; not linked runtime dependencies.,Smoother/STEP examples belong here; BIE solver examples remain in BIE.,Original retained for comparison; not evidence that BIE needs this as a runtime dependency.,Main MATLAB STEP generation/export example.,"Provide executable entry points for uniform/adaptive smoothing, blending, STEP meshing and comparisons.",54191c2a10a1fcd5a03088f3e953f7c205cfead0194f167a469ace8fe2822e1f,39f357f71da72081e30bb11d084a722add265e63b3e2c172ac6baf90b2094637,14
makefile,Standalone build and repository configuration,new integration file,Created for independent SurfSmooth3D extraction,new packaging/test/documentation; no imported numerical algorithm replaced,"Build/repository configuration, not numerical algorithms.",New package-specific files; BIE keeps its own build/configuration.,New/generated integration artifact; not a duplicated BIE runtime algorithm.,"Independent Fortran/MATLAB build, external FMM linkage, separate BLAS adapters, install and test targets.",Build/install independently using external FMM3D and separate native/MATLAB objects; preserve source bytes and ignore local products.,,0bec1c9f47282d20efa0c8ba7252653c054056e735fa499748cae483e10990b1,17
matlab/+surfsmooth3d/+adaptiveblend/Contents.m,Adaptive blending MATLAB workflow,sealed import,tools/fmm3dbie/matlab/+adaptiveblend/Contents.m,identical,MATLAB help/documentation; not computational runtime.,Smoother ownership; not needed by a BIE solver consuming the final GO3.,Original retained for comparison; not evidence that BIE needs this as a runtime dependency.,Document the corresponding MATLAB class/package entry points and workflow.,"Retain adaptive blending mathematics, independent error checks and native-session management.",c5bc0c879311f047e4bca9698f4530322f8cbc8db6f41dd65adcdd67207e16ca,c5bc0c879311f047e4bca9698f4530322f8cbc8db6f41dd65adcdd67207e16ca,08
matlab/+surfsmooth3d/+adaptiveblend/assess_checks.m,Adaptive blending MATLAB workflow,sealed import,tools/fmm3dbie/matlab/+adaptiveblend/assess_checks.m,mechanical changes,Needed for adaptive blending; GUI/save helpers optional for computation alone.,Smoother ownership; not needed by a BIE solver consuming the final GO3.,Original retained for comparison; not evidence that BIE needs this as a runtime dependency.,"ASSESS_CHECKS Independent blended positions and normals, never Phi(B)-1/2.","Retain adaptive blending mathematics, independent error checks and native-session management.",f3e4e5bc3f8508d3a1b5917aa5d11976cb364e75388f4ea85abc74b65d15d11d,822346017e56a4a8dc0ecb32d9a15f79f86c4710c1e53cf8cb05be2ed0ab6397,08
matlab/+surfsmooth3d/+adaptiveblend/basis.m,Adaptive blending MATLAB workflow,sealed import,tools/fmm3dbie/matlab/+adaptiveblend/basis.m,mechanical changes,Needed for adaptive blending; GUI/save helpers optional for computation alone.,Smoother ownership; not needed by a BIE solver consuming the final GO3.,Original retained for comparison; not evidence that BIE needs this as a runtime dependency.,"Prepare RV transforms, child/edge check points and tail-index information for adaptive blending.","Retain adaptive blending mathematics, independent error checks and native-session management.",eecca824456cc633f1c22a084b83730b992b832a1fa296d4d99da7429e073a3e,7f2b32e8ffdddf6d6d2f26faabe3611fb77b305e98717f78a92e160bf1aa15a2,08
matlab/+surfsmooth3d/+adaptiveblend/beta_values.m,Adaptive blending MATLAB workflow,sealed import,tools/fmm3dbie/matlab/+adaptiveblend/beta_values.m,identical,Needed for adaptive blending; GUI/save helpers optional for computation alone.,Smoother ownership; not needed by a BIE solver consuming the final GO3.,Original retained for comparison; not evidence that BIE needs this as a runtime dependency.,"BETA_VALUES Existing edgepreserve formula, with its spatial derivative.","Retain adaptive blending mathematics, independent error checks and native-session management.",bc1ea84f03195049c4451aa0004fdace39616490c42a4244dc34222425dfa170,bc1ea84f03195049c4451aa0004fdace39616490c42a4244dc34222425dfa170,08
matlab/+surfsmooth3d/+adaptiveblend/cad_values.m,Adaptive blending MATLAB workflow,sealed import,tools/fmm3dbie/matlab/+adaptiveblend/cad_values.m,mechanical changes,Needed for adaptive blending; GUI/save helpers optional for computation alone.,Smoother ownership; not needed by a BIE solver consuming the final GO3.,Original retained for comparison; not evidence that BIE needs this as a runtime dependency.,"CAD_VALUES Evaluate source charts at explicit leaf coordinates, one-sided.","Retain adaptive blending mathematics, independent error checks and native-session management.",b36a752bd2de7a9043bd2469e5a17dd68e63a2a13d39d2bee894218dca7add88,bde6836459a1901a9415d3634ef88f092bd35af6bbb6319f62927d6aadc45860,08
matlab/+surfsmooth3d/+adaptiveblend/check_error.m,Adaptive blending MATLAB workflow,sealed import,tools/fmm3dbie/matlab/+adaptiveblend/check_error.m,identical,Needed for adaptive blending; GUI/save helpers optional for computation alone.,Smoother ownership; not needed by a BIE solver consuming the final GO3.,Original retained for comparison; not evidence that BIE needs this as a runtime dependency.,Translate native error codes and preserve Newton-failure diagnostics for MATLAB callers.,"Retain adaptive blending mathematics, independent error checks and native-session management.",01aed91e33108ff171574a3cd0d396f2c86ba583a4e6e01a0645744e63d68852,01aed91e33108ff171574a3cd0d396f2c86ba583a4e6e01a0645744e63d68852,08
matlab/+surfsmooth3d/+adaptiveblend/default_settings.m,Adaptive blending MATLAB workflow,sealed import,tools/fmm3dbie/matlab/+adaptiveblend/default_settings.m,identical,Needed for adaptive blending; GUI/save helpers optional for computation alone.,Smoother ownership; not needed by a BIE solver consuming the final GO3.,Original retained for comparison; not evidence that BIE needs this as a runtime dependency.,DEFAULT_SETTINGS Independent adaptive partial-surface workflow.,"Retain adaptive blending mathematics, independent error checks and native-session management.",fa71f0bd3b483627f84e522365bd2b9e3dd37d0be5c7b2206fbd4df047317a69,fa71f0bd3b483627f84e522365bd2b9e3dd37d0be5c7b2206fbd4df047317a69,08
matlab/+surfsmooth3d/+adaptiveblend/independent_indicators.m,Adaptive blending MATLAB workflow,sealed import,tools/fmm3dbie/matlab/+adaptiveblend/independent_indicators.m,identical,Needed for adaptive blending; GUI/save helpers optional for computation alone.,Smoother ownership; not needed by a BIE solver consuming the final GO3.,Original retained for comparison; not evidence that BIE needs this as a runtime dependency.,INDEPENDENT_INDICATORS Compare the partial polynomial with an independent map.,"Retain adaptive blending mathematics, independent error checks and native-session management.",3826b58705191de1ead66efb27ce5259308c21263a78113bb92ac592e0e14aa3,3826b58705191de1ead66efb27ce5259308c21263a78113bb92ac592e0e14aa3,08
matlab/+surfsmooth3d/+adaptiveblend/launch_gui.m,Adaptive blending MATLAB workflow,sealed import,tools/fmm3dbie/matlab/+adaptiveblend/launch_gui.m,mechanical changes,Needed for adaptive blending; GUI/save helpers optional for computation alone.,Smoother ownership; not needed by a BIE solver consuming the final GO3.,Original retained for comparison; not evidence that BIE needs this as a runtime dependency.,LAUNCH_GUI Adaptive refinement driven by the partially smoothed surface.,"Retain adaptive blending mathematics, independent error checks and native-session management.",e21b6414cf388e9064bae07cac8efd1e2e9114afe0c2c7cbc88c6d34925657bf,18e86bb16c4d5e47e9a2a62cc57584323b3b4aa872e65cb0adcc7933b1a573d1,08
matlab/+surfsmooth3d/+adaptiveblend/nodal_patch.m,Adaptive blending MATLAB workflow,sealed import,tools/fmm3dbie/matlab/+adaptiveblend/nodal_patch.m,identical,Needed for adaptive blending; GUI/save helpers optional for computation alone.,Smoother ownership; not needed by a BIE solver consuming the final GO3.,Original retained for comparison; not evidence that BIE needs this as a runtime dependency.,NODAL_PATCH Keep invalid patches assessable rather than aborting refinement.,"Retain adaptive blending mathematics, independent error checks and native-session management.",59ef24ae8c3b409437da90ad9b63442164978dd1cd301e67aba0c0d17fb3e2a8,59ef24ae8c3b409437da90ad9b63442164978dd1cd301e67aba0c0d17fb3e2a8,08
matlab/+surfsmooth3d/+adaptiveblend/save_result.m,Adaptive blending MATLAB workflow,sealed import,tools/fmm3dbie/matlab/+adaptiveblend/save_result.m,mechanical changes,Needed for adaptive blending; GUI/save helpers optional for computation alone.,Smoother ownership; not needed by a BIE solver consuming the final GO3.,Original retained for comparison; not evidence that BIE needs this as a runtime dependency.,SAVE_RESULT Publish each geometrically valid member; tolerance is for partial only.,"Retain adaptive blending mathematics, independent error checks and native-session management.",7b86a5da780ef4457cdd214240f14255cb1961bd94846ee1b9fb538155968b72,d29ba34705685fb07b55c657ad367a6e342b1dae9686db6bdb0939251ba434b7,08
matlab/+surfsmooth3d/+adaptiveblend/solve.m,Adaptive blending MATLAB workflow,sealed import,tools/fmm3dbie/matlab/+adaptiveblend/solve.m,mechanical changes,Needed for adaptive blending; GUI/save helpers optional for computation alone.,Smoother ownership; not needed by a BIE solver consuming the final GO3.,Original retained for comparison; not evidence that BIE needs this as a runtime dependency.,SOLVE Refine the partial surface while keeping the CAD and sigma source fixed.,"Retain adaptive blending mathematics, independent error checks and native-session management.",ebddff369c72d56bd06c38645f65876a9b8626281d8a7e5a7a28ef4fcd0c5194,8637e0e641b5c3dedd827eb21ad393986488c2a953470588a140e3719c587b35,08
matlab/+surfsmooth3d/+adaptiveblend/validate_settings.m,Adaptive blending MATLAB workflow,sealed import,tools/fmm3dbie/matlab/+adaptiveblend/validate_settings.m,identical,Needed for adaptive blending; GUI/save helpers optional for computation alone.,Smoother ownership; not needed by a BIE solver consuming the final GO3.,Original retained for comparison; not evidence that BIE needs this as a runtime dependency.,Validate adaptive blending parameters before native session work.,"Retain adaptive blending mathematics, independent error checks and native-session management.",764baab93f99996e6b1617c99227a7301437867524d4ef3c7da6986e97898d67,764baab93f99996e6b1617c99227a7301437867524d4ef3c7da6986e97898d67,08
matlab/+surfsmooth3d/+adaptivesmoother/launch_gui.m,Adaptive full-smoothing MATLAB workflow,sealed import,tools/fmm3dbie/matlab/+adaptivesmoother/launch_gui.m,mechanical changes,Needed for this workflow; GUI and saving are optional for a direct solve.,Smoother ownership; unrelated to BIE quadrature/oversampling adaptation.,Original retained for comparison; not evidence that BIE needs this as a runtime dependency.,LAUNCH_GUI Independent fully smooth adaptive workflow; no blend controls.,"Drive native adaptive full smoothing, resample the fixed CAD and save/view the result.",b39c6e44ddd3e00dc57a8dbc8c72627b75efdb4de0475d19bff9a85ad10cbdfb,1e7132917406bbd2108d76822aced2752085ee1fdd9d93498294175839d7eae5,07
matlab/+surfsmooth3d/+adaptivesmoother/resample_cad.m,Adaptive full-smoothing MATLAB workflow,sealed import,tools/fmm3dbie/matlab/+adaptivesmoother/resample_cad.m,mechanical changes,Needed for this workflow; GUI and saving are optional for a direct solve.,Smoother ownership; unrelated to BIE quadrature/oversampling adaptation.,Original retained for comparison; not evidence that BIE needs this as a runtime dependency.,RESAMPLE_CAD Match fixed CAD polynomials to explicit mixed-depth leaf maps.,"Drive native adaptive full smoothing, resample the fixed CAD and save/view the result.",b09331c650d10d68acb945c1a74c1b2ee2179f7defdb941aefe8c60685df2144,dd4f9aef8561720a7e498bfeca99839481e189d214f7ccbc3fc4f40ff0e34ebf,07
matlab/+surfsmooth3d/+adaptivesmoother/save_result.m,Adaptive full-smoothing MATLAB workflow,sealed import,tools/fmm3dbie/matlab/+adaptivesmoother/save_result.m,mechanical changes,Needed for this workflow; GUI and saving are optional for a direct solve.,Smoother ownership; unrelated to BIE quadrature/oversampling adaptation.,Original retained for comparison; not evidence that BIE needs this as a runtime dependency.,"SAVE_RESULT Validate and publish a complete adaptive run, without overwriting.","Drive native adaptive full smoothing, resample the fixed CAD and save/view the result.",f4024bd03e12d2169c45d3ed3d5eafee9b0b1747573230444ddf2084fac7e06c,54a139299a048b38d014763dbe164e1d83c4e99e7e1a90cea14bd94e51e3fe0c,07
matlab/+surfsmooth3d/+adaptivesmoother/solve.m,Adaptive full-smoothing MATLAB workflow,sealed import,tools/fmm3dbie/matlab/+adaptivesmoother/solve.m,mechanical changes,Needed for this workflow; GUI and saving are optional for a direct solve.,Smoother ownership; unrelated to BIE quadrature/oversampling adaptation.,Original retained for comparison; not evidence that BIE needs this as a runtime dependency.,SOLVE Stage immutable inputs and compute one complete adaptive result.,"Drive native adaptive full smoothing, resample the fixed CAD and save/view the result.",07d6d34363f2939c8800ab487b0cb359b3a5bd2c96d1e4200200d673f6d79911,2f9fe5d421c696eed90d4bcd7b8c00b3f3f1fe5d03a64f356a35239a76cc77d4,07
matlab/+surfsmooth3d/+edgepreserve/Contents.m,Edge-preserving MATLAB workflow,sealed import,tools/fmm3dbie/matlab/+edgepreserve/Contents.m,mechanical changes,MATLAB help/documentation; not computational runtime.,Smoother ownership; not needed by the BIE solver consuming the final GO3.,Original retained for comparison; not evidence that BIE needs this as a runtime dependency.,Document the corresponding MATLAB class/package entry points and workflow.,"Load fixed CAD/edge data, match reference coordinates, blend surfaces, diagnose results and export GUI/batch outputs.",0397074d45167f4421e35e6a9ca991a66d214ac24cf707506e7e23d594e3ebba,1e8cd24ee826e0a4409dc2e66f7cf1fbd8b7795ffb6e15247988d315d0ca3adb,06
matlab/+surfsmooth3d/+edgepreserve/bad_nodes_table.m,Edge-preserving MATLAB workflow,sealed import,tools/fmm3dbie/matlab/+edgepreserve/bad_nodes_table.m,identical,Needed for the complete edge-preserving workflow; GUI/plot/export helpers are optional for a bare native solve.,Smoother ownership; not needed by the BIE solver consuming the final GO3.,Original retained for comparison; not evidence that BIE needs this as a runtime dependency.,Convert invalid-node diagnostics to a table for inspection/export.,"Load fixed CAD/edge data, match reference coordinates, blend surfaces, diagnose results and export GUI/batch outputs.",71ef08cb2719ec9c3fa398f0a114dbf217e1bb33160b55feaf94ece1501c84a9,71ef08cb2719ec9c3fa398f0a114dbf217e1bb33160b55feaf94ece1501c84a9,06
matlab/+surfsmooth3d/+edgepreserve/blend.m,Edge-preserving MATLAB workflow,sealed import,tools/fmm3dbie/matlab/+edgepreserve/blend.m,mechanical changes,Needed for the complete edge-preserving workflow; GUI/plot/export helpers are optional for a bare native solve.,Smoother ownership; not needed by the BIE solver consuming the final GO3.,Original retained for comparison; not evidence that BIE needs this as a runtime dependency.,Evaluate selected-edge line-integral distance and blend fixed CAD/smoothed positions; reconstruct patch derivatives.,"Load fixed CAD/edge data, match reference coordinates, blend surfaces, diagnose results and export GUI/batch outputs.",d5f5ad80334be4939db037618af909bad8adda607e7e0d33b27630ef3e139dc4,3d3c0137b4f4c9d9b001e42ab53d7bd0e92630fddc311f3298679b29d4e04168,06
matlab/+surfsmooth3d/+edgepreserve/capture_newton_failure.m,Edge-preserving MATLAB workflow,sealed import,tools/fmm3dbie/matlab/+edgepreserve/capture_newton_failure.m,mechanical changes,Needed for the complete edge-preserving workflow; GUI/plot/export helpers are optional for a bare native solve.,Smoother ownership; not needed by the BIE solver consuming the final GO3.,Original retained for comparison; not evidence that BIE needs this as a runtime dependency.,CAPTURE_NEWTON_FAILURE Load and optionally preserve a controlled Newton failure.,"Load fixed CAD/edge data, match reference coordinates, blend surfaces, diagnose results and export GUI/batch outputs.",88003c5d4730530cdbe4cfbca5c0cd74f05d49f7b5dfc76a0723609c5c7edb24,244669f740f305f23e08c1c3950a69b1343c3660e62909cff69c8a3c421fe22c,06
matlab/+surfsmooth3d/+edgepreserve/color_limits.m,Edge-preserving MATLAB workflow,sealed import,tools/fmm3dbie/matlab/+edgepreserve/color_limits.m,identical,Needed for the complete edge-preserving workflow; GUI/plot/export helpers are optional for a bare native solve.,Smoother ownership; not needed by the BIE solver consuming the final GO3.,Original retained for comparison; not evidence that BIE needs this as a runtime dependency.,Choose color limits for GUI surface diagnostics.,"Load fixed CAD/edge data, match reference coordinates, blend surfaces, diagnose results and export GUI/batch outputs.",3512e37b75334c0ad183bfa180913dfd61e0a422887444e932fa82c18610a0f5,3512e37b75334c0ad183bfa180913dfd61e0a422887444e932fa82c18610a0f5,06
matlab/+surfsmooth3d/+edgepreserve/color_values.m,Edge-preserving MATLAB workflow,sealed import,tools/fmm3dbie/matlab/+edgepreserve/color_values.m,identical,Needed for the complete edge-preserving workflow; GUI/plot/export helpers are optional for a bare native solve.,Smoother ownership; not needed by the BIE solver consuming the final GO3.,Original retained for comparison; not evidence that BIE needs this as a runtime dependency.,Select the displayed scalar field for surface diagnostic coloring.,"Load fixed CAD/edge data, match reference coordinates, blend surfaces, diagnose results and export GUI/batch outputs.",409b9f2888d0b5203656715e1da82d629c43aa23fe4ff3d279066b434b2c33fc,409b9f2888d0b5203656715e1da82d629c43aa23fe4ff3d279066b434b2c33fc,06
matlab/+surfsmooth3d/+edgepreserve/compute_pair.m,Edge-preserving MATLAB workflow,sealed import,tools/fmm3dbie/matlab/+edgepreserve/compute_pair.m,mechanical changes,Needed for the complete edge-preserving workflow; GUI/plot/export helpers are optional for a bare native solve.,Smoother ownership; not needed by the BIE solver consuming the final GO3.,Original retained for comparison; not evidence that BIE needs this as a runtime dependency.,"COMPUTE_PAIR Align the fixed CAD source, evaluate sigma, and form both outputs.","Load fixed CAD/edge data, match reference coordinates, blend surfaces, diagnose results and export GUI/batch outputs.",52f2381752efe5e6e9cc47633ec36b58028eaaf8e81bc6285f3ac1a383bf5926,3383e056886dc791b625f6f7b1735f57dad742710bd3863aebe69b6d6131cd67,06
matlab/+surfsmooth3d/+edgepreserve/default_input_root.m,Edge-preserving MATLAB workflow,sealed import,tools/fmm3dbie/matlab/+edgepreserve/default_input_root.m,mechanical changes,Needed for the complete edge-preserving workflow; GUI/plot/export helpers are optional for a bare native solve.,Smoother ownership; not needed by the BIE solver consuming the final GO3.,Original retained for comparison; not evidence that BIE needs this as a runtime dependency.,DEFAULT_INPUT_ROOT Locate this package's STEP output or bundled CAD fixtures.,"Load fixed CAD/edge data, match reference coordinates, blend surfaces, diagnose results and export GUI/batch outputs.",f666ba6d701f4bfe4f583e9a293617860dbba9e4736c8a8d01fabc230ffb73aa,15e29296cc0958f5683f63304177b19cba2c58d0297c11577a682dd0c90dda33,06
matlab/+surfsmooth3d/+edgepreserve/default_settings.m,Edge-preserving MATLAB workflow,sealed import,tools/fmm3dbie/matlab/+edgepreserve/default_settings.m,identical,Needed for the complete edge-preserving workflow; GUI/plot/export helpers are optional for a bare native solve.,Smoother ownership; not needed by the BIE solver consuming the final GO3.,Original retained for comparison; not evidence that BIE needs this as a runtime dependency.,DEFAULT_SETTINGS Fixed-source smoothing and edge-blend controls.,"Load fixed CAD/edge data, match reference coordinates, blend surfaces, diagnose results and export GUI/batch outputs.",e9f6d9644558ed8195368452e3241118b84320982f3e2eaab249d6dcc6ec98e5,e9f6d9644558ed8195368452e3241118b84320982f3e2eaab249d6dcc6ec98e5,06
matlab/+surfsmooth3d/+edgepreserve/export_surface.m,Edge-preserving MATLAB workflow,sealed import,tools/fmm3dbie/matlab/+edgepreserve/export_surface.m,mechanical changes,Needed for the complete edge-preserving workflow; GUI/plot/export helpers are optional for a bare native solve.,Smoother ownership; not needed by the BIE solver consuming the final GO3.,Original retained for comparison; not evidence that BIE needs this as a runtime dependency.,"EXPORT_SURFACE Gate, round-trip check, then publish a .go3 atomically.","Load fixed CAD/edge data, match reference coordinates, blend surfaces, diagnose results and export GUI/batch outputs.",19cab2b5a5d9735d7c82b98542567e7e41360162d25981a683e6703281491583,985026ff587b75e0e319460fd79ca160ced0e218eedb28289933ea23a5510252,06
matlab/+surfsmooth3d/+edgepreserve/file_sha256.m,Edge-preserving MATLAB workflow,sealed import,tools/fmm3dbie/matlab/+edgepreserve/file_sha256.m,identical,Needed for the complete edge-preserving workflow; GUI/plot/export helpers are optional for a bare native solve.,Smoother ownership; not needed by the BIE solver consuming the final GO3.,Original retained for comparison; not evidence that BIE needs this as a runtime dependency.,FILE_SHA256 Hash input bytes in bounded blocks without modifying the file.,"Load fixed CAD/edge data, match reference coordinates, blend surfaces, diagnose results and export GUI/batch outputs.",a057b0df7479571c7f75c1c3fd48d9c891d8891deb290b4158a6ad94c3ffd1c8,a057b0df7479571c7f75c1c3fd48d9c891d8891deb290b4158a6ad94c3ffd1c8,06
matlab/+surfsmooth3d/+edgepreserve/launch_gui.m,Edge-preserving MATLAB workflow,sealed import,tools/fmm3dbie/matlab/+edgepreserve/launch_gui.m,mechanical changes,Needed for the complete edge-preserving workflow; GUI/plot/export helpers are optional for a bare native solve.,Smoother ownership; not needed by the BIE solver consuming the final GO3.,Original retained for comparison; not evidence that BIE needs this as a runtime dependency.,LAUNCH_GUI Fixed-source preview and batch export using ordinary MATLAB UI.,"Load fixed CAD/edge data, match reference coordinates, blend surfaces, diagnose results and export GUI/batch outputs.",636926b318fe77c1588e3687833c996d49e509740c8e33bdc22f17e196ee0084,bd879ade753e78d41629542ae87b24e4b2651129a56e739d3cc2170dfcdd5a29,06
matlab/+surfsmooth3d/+edgepreserve/load_edges.m,Edge-preserving MATLAB workflow,sealed import,tools/fmm3dbie/matlab/+edgepreserve/load_edges.m,mechanical changes,Needed for the complete edge-preserving workflow; GUI/plot/export helpers are optional for a bare native solve.,Smoother ownership; not needed by the BIE solver consuming the final GO3.,Original retained for comparison; not evidence that BIE needs this as a runtime dependency.,"Load CAD edge GLL panels through the STEP reader, with retained legacy parsing fallback.","Load fixed CAD/edge data, match reference coordinates, blend surfaces, diagnose results and export GUI/batch outputs.",c53528828570c196db742e618e3ddf96c740b76b7d2731de3388a436f517a448,fe5b84fa7703b6ffe45dede319dc580f07312e02a0587932cf90801b9a6b4e38,06
matlab/+surfsmooth3d/+edgepreserve/load_package.m,Edge-preserving MATLAB workflow,sealed import,tools/fmm3dbie/matlab/+edgepreserve/load_package.m,mechanical changes,Needed for the complete edge-preserving workflow; GUI/plot/export helpers are optional for a bare native solve.,Smoother ownership; not needed by the BIE solver consuming the final GO3.,Original retained for comparison; not evidence that BIE needs this as a runtime dependency.,"LOAD_PACKAGE Read and check the fixed CAD, coarse scaffold, and edge source.","Load fixed CAD/edge data, match reference coordinates, blend surfaces, diagnose results and export GUI/batch outputs.",7d198ba7fb0e51943819ff815278a22fefb5eb189426553ebd8790aab80b5405,5c1c5924c535849b403bc728a410b325dfe92460f8f2e836ddbfb7f01b59ce4c,06
matlab/+surfsmooth3d/+edgepreserve/mesher_options.m,Edge-preserving MATLAB workflow,sealed import,tools/fmm3dbie/matlab/+edgepreserve/mesher_options.m,identical,Needed for the complete edge-preserving workflow; GUI/plot/export helpers are optional for a bare native solve.,Smoother ownership; not needed by the BIE solver consuming the final GO3.,Original retained for comparison; not evidence that BIE needs this as a runtime dependency.,MESHER_OPTIONS Keep the CAD quadrature and original scaffold fixed.,"Load fixed CAD/edge data, match reference coordinates, blend surfaces, diagnose results and export GUI/batch outputs.",31d0eef0cce42dd1327e7a7b34877969df103f6a5e235e0b5391616f7d9eb057,31d0eef0cce42dd1327e7a7b34877969df103f6a5e235e0b5391616f7d9eb057,06
matlab/+surfsmooth3d/+edgepreserve/new_run_directory.m,Edge-preserving MATLAB workflow,sealed import,tools/fmm3dbie/matlab/+edgepreserve/new_run_directory.m,mechanical changes,Needed for the complete edge-preserving workflow; GUI/plot/export helpers are optional for a bare native solve.,Smoother ownership; not needed by the BIE solver consuming the final GO3.,Original retained for comparison; not evidence that BIE needs this as a runtime dependency.,NEW_RUN_DIRECTORY One isolated output folder and provenance snapshot per run.,"Load fixed CAD/edge data, match reference coordinates, blend surfaces, diagnose results and export GUI/batch outputs.",2c814de230330f7d99541fa36dfce2b2f22bca8936046730d241f08dbf88b52f,bb8119d721c96512468cfb69e1a56688138fe271e42142dcc1c0ea6bc9b68979,06
matlab/+surfsmooth3d/+edgepreserve/parse_integer_list.m,Edge-preserving MATLAB workflow,sealed import,tools/fmm3dbie/matlab/+edgepreserve/parse_integer_list.m,identical,Needed for the complete edge-preserving workflow; GUI/plot/export helpers are optional for a bare native solve.,Smoother ownership; not needed by the BIE solver consuming the final GO3.,Original retained for comparison; not evidence that BIE needs this as a runtime dependency.,"PARSE_INTEGER_LIST Parse comma/space lists, with optional outer brackets.","Load fixed CAD/edge data, match reference coordinates, blend surfaces, diagnose results and export GUI/batch outputs.",56743d14db6467f5eed07f0c23ccfeddda02fa5013dbe4fe356e1704b7ddc0e6,56743d14db6467f5eed07f0c23ccfeddda02fa5013dbe4fe356e1704b7ddc0e6,06
matlab/+surfsmooth3d/+edgepreserve/plot_gidmsh.m,Edge-preserving MATLAB workflow,sealed import,tools/fmm3dbie/matlab/+edgepreserve/plot_gidmsh.m,identical,Needed for the complete edge-preserving workflow; GUI/plot/export helpers are optional for a bare native solve.,Smoother ownership; not needed by the BIE solver consuming the final GO3.,Original retained for comparison; not evidence that BIE needs this as a runtime dependency.,Display the coarse scaffold mesh used for launching projections.,"Load fixed CAD/edge data, match reference coordinates, blend surfaces, diagnose results and export GUI/batch outputs.",3722ff8f05a3bb5835c727e7a3063d677d1479530080a3ee3f4f0af84e502595,3722ff8f05a3bb5835c727e7a3063d677d1479530080a3ee3f4f0af84e502595,06
matlab/+surfsmooth3d/+edgepreserve/plot_newton_failure.m,Edge-preserving MATLAB workflow,sealed import,tools/fmm3dbie/matlab/+edgepreserve/plot_newton_failure.m,mechanical changes,Needed for the complete edge-preserving workflow; GUI/plot/export helpers are optional for a bare native solve.,Smoother ownership; not needed by the BIE solver consuming the final GO3.,Original retained for comparison; not evidence that BIE needs this as a runtime dependency.,"PLOT_NEWTON_FAILURE Color launch points, never the runaway target coordinates.","Load fixed CAD/edge data, match reference coordinates, blend surfaces, diagnose results and export GUI/batch outputs.",223717a30284c91f9ea39c50efd615a8320882c5bdb891a6398f8d0741fd9b91,0f2443235cfaaeec02d53af655ff6e4f187cd6adea0a2abaa3ddeecae2c5aff0,06
matlab/+surfsmooth3d/+edgepreserve/plot_surface.m,Edge-preserving MATLAB workflow,sealed import,tools/fmm3dbie/matlab/+edgepreserve/plot_surface.m,mechanical changes,Needed for the complete edge-preserving workflow; GUI/plot/export helpers are optional for a bare native solve.,Smoother ownership; not needed by the BIE solver consuming the final GO3.,Original retained for comparison; not evidence that BIE needs this as a runtime dependency.,Display polynomial surface geometry and workflow diagnostic coloring.,"Load fixed CAD/edge data, match reference coordinates, blend surfaces, diagnose results and export GUI/batch outputs.",c0482a3574f4b0d8d0f40b0fa160f59d3683b2ac3692568527697a0e00a21d3f,135e94152e68b974ef9c54ae56dd8810bbb1b10537847f5982f72bc2a893528d,06
matlab/+surfsmooth3d/+edgepreserve/print_validity_report.m,Edge-preserving MATLAB workflow,sealed import,tools/fmm3dbie/matlab/+edgepreserve/print_validity_report.m,identical,Needed for the complete edge-preserving workflow; GUI/plot/export helpers are optional for a bare native solve.,Smoother ownership; not needed by the BIE solver consuming the final GO3.,Original retained for comparison; not evidence that BIE needs this as a runtime dependency.,Print the geometric validity/failure summary.,"Load fixed CAD/edge data, match reference coordinates, blend surfaces, diagnose results and export GUI/batch outputs.",3039d8ba801cd44a72cff00fcb9ac4f2e2dff1cf6f2cc8a7705f9c91d61bad67,3039d8ba801cd44a72cff00fcb9ac4f2e2dff1cf6f2cc8a7705f9c91d61bad67,06
matlab/+surfsmooth3d/+edgepreserve/read_gidmsh.m,Edge-preserving MATLAB workflow,sealed import,tools/fmm3dbie/matlab/+edgepreserve/read_gidmsh.m,identical,Needed for the complete edge-preserving workflow; GUI/plot/export helpers are optional for a bare native solve.,Smoother ownership; not needed by the BIE solver consuming the final GO3.,Original retained for comparison; not evidence that BIE needs this as a runtime dependency.,Read scaffold vertices and triangular connectivity from a GiD mesh file.,"Load fixed CAD/edge data, match reference coordinates, blend surfaces, diagnose results and export GUI/batch outputs.",dfa89d6cb48c15974b32dbfe9e15684ed619a22034f47f99ce34bd0cda73df9e,dfa89d6cb48c15974b32dbfe9e15684ed619a22034f47f99ce34bd0cda73df9e,06
matlab/+surfsmooth3d/+edgepreserve/read_newton_failure.m,Edge-preserving MATLAB workflow,sealed import,tools/fmm3dbie/matlab/+edgepreserve/read_newton_failure.m,identical,Needed for the complete edge-preserving workflow; GUI/plot/export helpers are optional for a bare native solve.,Smoother ownership; not needed by the BIE solver consuming the final GO3.,Original retained for comparison; not evidence that BIE needs this as a runtime dependency.,READ_NEWTON_FAILURE Read a radius-guard or ordinary Newton failure snapshot.,"Load fixed CAD/edge data, match reference coordinates, blend surfaces, diagnose results and export GUI/batch outputs.",9b3176a7e703398fd5f6dd1dcf33605dee8748ab0a804d513d1b38d96f9811e6,9b3176a7e703398fd5f6dd1dcf33605dee8748ab0a804d513d1b38d96f9811e6,06
matlab/+surfsmooth3d/+edgepreserve/reference_map.m,Edge-preserving MATLAB workflow,sealed import,tools/fmm3dbie/matlab/+edgepreserve/reference_map.m,mechanical changes,Needed for the complete edge-preserving workflow; GUI/plot/export helpers are optional for a bare native solve.,Smoother ownership; not needed by the BIE solver consuming the final GO3.,Original retained for comparison; not evidence that BIE needs this as a runtime dependency.,"REFERENCE_MAP Locate output nodes in the fixed STEP lattice, not in space.","Load fixed CAD/edge data, match reference coordinates, blend surfaces, diagnose results and export GUI/batch outputs.",4a2d6a2fe5d2a97e407c445328335459d1834fb29f0ae9cd42fe6c27e8c9e630,783a6cb9b4085275d53d9d9177b1a53141431cf97e307c1a993d797cba47d770,06
matlab/+surfsmooth3d/+edgepreserve/resample_cad.m,Edge-preserving MATLAB workflow,sealed import,tools/fmm3dbie/matlab/+edgepreserve/resample_cad.m,mechanical changes,Needed for the complete edge-preserving workflow; GUI/plot/export helpers are optional for a bare native solve.,Smoother ownership; not needed by the BIE solver consuming the final GO3.,Original retained for comparison; not evidence that BIE needs this as a runtime dependency.,RESAMPLE_CAD Evaluate one fixed piecewise CAD polynomial on an output layout.,"Load fixed CAD/edge data, match reference coordinates, blend surfaces, diagnose results and export GUI/batch outputs.",ed4cb2d8c5125104bfaf66aa883e2e60a9c65337a86a5ff4facc68d84a522a39,811ba3f3a613624d234f1be841ed0b10238c6bd55102e8e4853d81c21e431756,06
matlab/+surfsmooth3d/+edgepreserve/run_batch.m,Edge-preserving MATLAB workflow,sealed import,tools/fmm3dbie/matlab/+edgepreserve/run_batch.m,mechanical changes,Needed for the complete edge-preserving workflow; GUI/plot/export helpers are optional for a bare native solve.,Smoother ownership; not needed by the BIE solver consuming the final GO3.,Original retained for comparison; not evidence that BIE needs this as a runtime dependency.,"RUN_BATCH Solve once per order, keeping CAD/scaffold/edges fixed throughout.","Load fixed CAD/edge data, match reference coordinates, blend surfaces, diagnose results and export GUI/batch outputs.",8f0976e03fb55dbdf7efefb407c2ff2e3258226c2f4eb6948f3e1af378aecec3,dacc0c88a18fda21c7d76e4547a8fbab5339f3af6830ceba2451f4f03d7558d3,06
matlab/+surfsmooth3d/+edgepreserve/save_pair.m,Edge-preserving MATLAB workflow,sealed import,tools/fmm3dbie/matlab/+edgepreserve/save_pair.m,mechanical changes,Needed for the complete edge-preserving workflow; GUI/plot/export helpers are optional for a bare native solve.,Smoother ownership; not needed by the BIE solver consuming the final GO3.,Original retained for comparison; not evidence that BIE needs this as a runtime dependency.,SAVE_PAIR Validate and save full and partial surfaces independently.,"Load fixed CAD/edge data, match reference coordinates, blend surfaces, diagnose results and export GUI/batch outputs.",ce5b9336fdeeca34e6bcaf36b32eed2722ad754213ba7e1d7d4526c6cb7dd310,0f87cc7f2060d8386a479a58c8109395cc9fa08f60aefaac340995e06dd01f12,06
matlab/+surfsmooth3d/+edgepreserve/sigma_mode_label.m,Edge-preserving MATLAB workflow,sealed import,tools/fmm3dbie/matlab/+edgepreserve/sigma_mode_label.m,identical,Needed for the complete edge-preserving workflow; GUI/plot/export helpers are optional for a bare native solve.,Smoother ownership; not needed by the BIE solver consuming the final GO3.,Original retained for comparison; not evidence that BIE needs this as a runtime dependency.,SIGMA_MODE_LABEL Readable names for the existing sigma option path.,"Load fixed CAD/edge data, match reference coordinates, blend surfaces, diagnose results and export GUI/batch outputs.",8a962f8991201a9eee9bc0dbb956183ea3b2fb27c738b62bf4f74ee8dddcf3a2,8a962f8991201a9eee9bc0dbb956183ea3b2fb27c738b62bf4f74ee8dddcf3a2,06
matlab/+surfsmooth3d/+edgepreserve/srcvals_from_positions.m,Edge-preserving MATLAB workflow,sealed import,tools/fmm3dbie/matlab/+edgepreserve/srcvals_from_positions.m,mechanical changes,Needed for the complete edge-preserving workflow; GUI/plot/export helpers are optional for a bare native solve.,Smoother ownership; not needed by the BIE solver consuming the final GO3.,Original retained for comparison; not evidence that BIE needs this as a runtime dependency.,SRCVALS_FROM_POSITIONS Differentiate the sampled patch polynomial spectrally.,"Load fixed CAD/edge data, match reference coordinates, blend surfaces, diagnose results and export GUI/batch outputs.",cc0bf01c438cefb934c04c539d268978f7f7d85fba8adaa4f869fa913f372fad,4a3c20f8fbd4724cec58ea77ca45f6b8878383273987fc113dfad0fa3a83940c,06
matlab/+surfsmooth3d/+edgepreserve/stage_source.m,Edge-preserving MATLAB workflow,sealed import,tools/fmm3dbie/matlab/+edgepreserve/stage_source.m,mechanical changes,Needed for the complete edge-preserving workflow; GUI/plot/export helpers are optional for a bare native solve.,Smoother ownership; not needed by the BIE solver consuming the final GO3.,Original retained for comparison; not evidence that BIE needs this as a runtime dependency.,STAGE_SOURCE Isolate the smoother's temporary output from the source package.,"Load fixed CAD/edge data, match reference coordinates, blend surfaces, diagnose results and export GUI/batch outputs.",b94b5af9c33ae0b10ec5393856f062f5b6892ac02810b31f503b916518032dda,e5fd2a1dd70e4aed829c63c4430e483ac48c3980188c05d1d0248da955248ce7,06
matlab/+surfsmooth3d/+edgepreserve/surface_filename.m,Edge-preserving MATLAB workflow,sealed import,tools/fmm3dbie/matlab/+edgepreserve/surface_filename.m,identical,Needed for the complete edge-preserving workflow; GUI/plot/export helpers are optional for a bare native solve.,Smoother ownership; not needed by the BIE solver consuming the final GO3.,Original retained for comparison; not evidence that BIE needs this as a runtime dependency.,"SURFACE_FILENAME Include output resolution and drawn, not pending, parameters.","Load fixed CAD/edge data, match reference coordinates, blend surfaces, diagnose results and export GUI/batch outputs.",4d936cdefe42d7330a87433063ef943b07fd731ab6921ed49a536e2f48ade734,4d936cdefe42d7330a87433063ef943b07fd731ab6921ed49a536e2f48ade734,06
matlab/+surfsmooth3d/+edgepreserve/triangle_maps.m,Edge-preserving MATLAB workflow,sealed import,tools/fmm3dbie/matlab/+edgepreserve/triangle_maps.m,identical,Needed for the complete edge-preserving workflow; GUI/plot/export helpers are optional for a bare native solve.,Smoother ownership; not needed by the BIE solver consuming the final GO3.,Original retained for comparison; not evidence that BIE needs this as a runtime dependency.,TRIANGLE_MAPS Affine [origin du dv] maps into a coarse reference triangle.,"Load fixed CAD/edge data, match reference coordinates, blend surfaces, diagnose results and export GUI/batch outputs.",d5c7e1769df2dc27994d7d682ede44d6cda294d0e8f8ac6736ecc013202710e2,d5c7e1769df2dc27994d7d682ede44d6cda294d0e8f8ac6736ecc013202710e2,06
matlab/+surfsmooth3d/+edgepreserve/update_blend.m,Edge-preserving MATLAB workflow,sealed import,tools/fmm3dbie/matlab/+edgepreserve/update_blend.m,mechanical changes,Needed for the complete edge-preserving workflow; GUI/plot/export helpers are optional for a bare native solve.,Smoother ownership; not needed by the BIE solver consuming the final GO3.,Original retained for comparison; not evidence that BIE needs this as a runtime dependency.,UPDATE_BLEND Change cheap controls without changing the drawn smoother state.,"Load fixed CAD/edge data, match reference coordinates, blend surfaces, diagnose results and export GUI/batch outputs.",2cbd4bfe83b1a30b71f3ad371914af3560246d563b9e41316d68580062e70dbf,e6031dc2146886a1b426e0f7138082ae63c8e3c62fe58ceb2371440eb78d7305,06
matlab/+surfsmooth3d/+edgepreserve/validity_report.m,Edge-preserving MATLAB workflow,sealed import,tools/fmm3dbie/matlab/+edgepreserve/validity_report.m,mechanical changes,Needed for the complete edge-preserving workflow; GUI/plot/export helpers are optional for a bare native solve.,Smoother ownership; not needed by the BIE solver consuming the final GO3.,Original retained for comparison; not evidence that BIE needs this as a runtime dependency.,"Check finite values, normal orientation, Jacobian collapse and curvature against the reference geometry.","Load fixed CAD/edge data, match reference coordinates, blend surfaces, diagnose results and export GUI/batch outputs.",05e7e39f3fd11bf29274150ef5d867c03a32fd6039d48d8a0f5f65900ce1105f,9940fe69e574ccf0c0df8ae6cc219df351dfa2344b562c7b80e0ce825afc137e,06
matlab/+surfsmooth3d/+edgepreserve/write_go3.m,Edge-preserving MATLAB workflow,sealed import,tools/fmm3dbie/matlab/+edgepreserve/write_go3.m,identical,Needed for the complete edge-preserving workflow; GUI/plot/export helpers are optional for a bare native solve.,Smoother ownership; not needed by the BIE solver consuming the final GO3.,Original retained for comparison; not evidence that BIE needs this as a runtime dependency.,"Write polynomial surface positions, tangents and normals in the GO3 interchange format.","Load fixed CAD/edge data, match reference coordinates, blend surfaces, diagnose results and export GUI/batch outputs.",f8c49f11113057ab0a570d3eac645c5c5ee961fa478a51156c579989fc1ef68b,f8c49f11113057ab0a570d3eac645c5c5ee961fa478a51156c579989fc1ef68b,06
matlab/+surfsmooth3d/+edgepreserve/write_point_source.m,Edge-preserving MATLAB workflow,sealed import,tools/fmm3dbie/matlab/+edgepreserve/write_point_source.m,identical,Needed for the complete edge-preserving workflow; GUI/plot/export helpers are optional for a bare native solve.,Smoother ownership; not needed by the BIE solver consuming the final GO3.,Original retained for comparison; not evidence that BIE needs this as a runtime dependency.,"Write the fixed seven-column CAD source quadrature: position, normal and weight.","Load fixed CAD/edge data, match reference coordinates, blend surfaces, diagnose results and export GUI/batch outputs.",b0d92abde7b30fa7ad6b075c41142d1161d20bf3a8213160f03807db8eb5d7dd,b0d92abde7b30fa7ad6b075c41142d1161d20bf3a8213160f03807db8eb5d7dd,06
matlab/+surfsmooth3d/+internal/+koorn/coefs2vals.m,Shared MATLAB polynomial/interpolation utilities,sealed import,tools/fmm3dbie/matlab/+koorn/coefs2vals.m,mechanical changes,Koornwinder and Legendre check nodes required; wider tensor/Chebyshev/Surfacefun support is conditional.,"Keep available to BIE too; candidate for the future shared special-functions package, with optional adapters treated separately.",Intentional shared source/API copy; BIE keeps its version. Some optional methods/support retained conservatively.,Evaluate polynomial coefficient expansions at nodes.,"Provide RV nodes/weights, basis derivatives/transforms and Legendre check nodes; preserve wider class support.",6a92c5726ed6c130c444fb9e03de3d04ce132f39139e18305fc0baaed5d7658f,ff8c65228dc824ad4e38135a21e7e607dee633d90fb163a96adbebeb837c2fa3,10
matlab/+surfsmooth3d/+internal/+koorn/ders.m,Shared MATLAB polynomial/interpolation utilities,sealed import,tools/fmm3dbie/matlab/+koorn/ders.m,mechanical changes,Koornwinder and Legendre check nodes required; wider tensor/Chebyshev/Surfacefun support is conditional.,"Keep available to BIE too; candidate for the future shared special-functions package, with optional adapters treated separately.",Intentional shared source/API copy; BIE keeps its version. Some optional methods/support retained conservatively.,Evaluate polynomial basis derivatives.,"Provide RV nodes/weights, basis derivatives/transforms and Legendre check nodes; preserve wider class support.",4090648f55001efe132de06490c4f04148d3ff6dbc63c8167df49cc68331e481,294aa8301b71d1a363cdb6f6d56967d72888ff7c99df047f03fc882bcd1481e7,10
matlab/+surfsmooth3d/+internal/+koorn/pols.m,Shared MATLAB polynomial/interpolation utilities,sealed import,tools/fmm3dbie/matlab/+koorn/pols.m,identical,Koornwinder and Legendre check nodes required; wider tensor/Chebyshev/Surfacefun support is conditional.,"Keep available to BIE too; candidate for the future shared special-functions package, with optional adapters treated separately.",Intentional shared source/API copy; BIE keeps its version. Some optional methods/support retained conservatively.,Evaluate polynomial basis functions.,"Provide RV nodes/weights, basis derivatives/transforms and Legendre check nodes; preserve wider class support.",4a7c677e30d31a36f1ae0f5df2cd07c34bdaae92135ed37197529256a1d606f9,4a7c677e30d31a36f1ae0f5df2cd07c34bdaae92135ed37197529256a1d606f9,10
matlab/+surfsmooth3d/+internal/+koorn/rv_nodes.m,Shared MATLAB polynomial/interpolation utilities,sealed import,tools/fmm3dbie/matlab/+koorn/rv_nodes.m,identical,Koornwinder and Legendre check nodes required; wider tensor/Chebyshev/Surfacefun support is conditional.,"Keep available to BIE too; candidate for the future shared special-functions package, with optional adapters treated separately.",Intentional shared source/API copy; BIE keeps its version. Some optional methods/support retained conservatively.,Return RV reference-triangle nodes.,"Provide RV nodes/weights, basis derivatives/transforms and Legendre check nodes; preserve wider class support.",ef0f0905ee59636223deb27df69681654d272a584ee2e8ee4294a5b5744dfa7f,ef0f0905ee59636223deb27df69681654d272a584ee2e8ee4294a5b5744dfa7f,10
matlab/+surfsmooth3d/+internal/+koorn/rv_weights.m,Shared MATLAB polynomial/interpolation utilities,sealed import,tools/fmm3dbie/matlab/+koorn/rv_weights.m,identical,Koornwinder and Legendre check nodes required; wider tensor/Chebyshev/Surfacefun support is conditional.,"Keep available to BIE too; candidate for the future shared special-functions package, with optional adapters treated separately.",Intentional shared source/API copy; BIE keeps its version. Some optional methods/support retained conservatively.,Return RV reference-triangle quadrature weights.,"Provide RV nodes/weights, basis derivatives/transforms and Legendre check nodes; preserve wider class support.",f7cbeef6961e660c96ac62d0c17dc0b02e29a93a5bfedcb93160b1ee395c7495,f7cbeef6961e660c96ac62d0c17dc0b02e29a93a5bfedcb93160b1ee395c7495,10
matlab/+surfsmooth3d/+internal/+koorn/vals2coefs.m,Shared MATLAB polynomial/interpolation utilities,sealed import,tools/fmm3dbie/matlab/+koorn/vals2coefs.m,mechanical changes,Koornwinder and Legendre check nodes required; wider tensor/Chebyshev/Surfacefun support is conditional.,"Keep available to BIE too; candidate for the future shared special-functions package, with optional adapters treated separately.",Intentional shared source/API copy; BIE keeps its version. Some optional methods/support retained conservatively.,Transform nodal values into polynomial coefficients.,"Provide RV nodes/weights, basis derivatives/transforms and Legendre check nodes; preserve wider class support.",d081e8c8affba421e79a7a72cb40f591ad31a9a4a7d0e23f96b1db6b34c73ffe,28385498121dd3d96a50ac68a429578fc9b12b1ec4ddd7514d88e04cda494233,10
matlab/+surfsmooth3d/+internal/+polytens/+cheb/coefs2vals.m,Shared MATLAB polynomial/interpolation utilities,sealed import,tools/fmm3dbie/matlab/+polytens/+cheb/coefs2vals.m,mechanical changes,Conditional quadrilateral/Chebyshev class support; not needed by the main triangular smoother workflow.,"Keep available to BIE too; candidate for the future shared special-functions package, with optional adapters treated separately.",Intentional shared source/API copy; BIE keeps its version. Some optional methods/support retained conservatively.,Evaluate polynomial coefficient expansions at nodes.,"Provide RV nodes/weights, basis derivatives/transforms and Legendre check nodes; preserve wider class support.",dc80aa1e10d986461e5160c65d4520f5c3047f16e29cb36749effcad7abf745a,c26de8c5e1e2d3700dd31cbe1e71dde4e5b46dbe85dfbcc7845ca317658e3733,10
matlab/+surfsmooth3d/+internal/+polytens/+cheb/ders.m,Shared MATLAB polynomial/interpolation utilities,sealed import,tools/fmm3dbie/matlab/+polytens/+cheb/ders.m,identical,Conditional quadrilateral/Chebyshev class support; not needed by the main triangular smoother workflow.,"Keep available to BIE too; candidate for the future shared special-functions package, with optional adapters treated separately.",Intentional shared source/API copy; BIE keeps its version. Some optional methods/support retained conservatively.,Evaluate polynomial basis derivatives.,"Provide RV nodes/weights, basis derivatives/transforms and Legendre check nodes; preserve wider class support.",aa79e736bc9adbd1fbd5e472f69655bec5a6ccdd7ff611cecda38ad4cc22440d,aa79e736bc9adbd1fbd5e472f69655bec5a6ccdd7ff611cecda38ad4cc22440d,10
matlab/+surfsmooth3d/+internal/+polytens/+cheb/nodes.m,Shared MATLAB polynomial/interpolation utilities,sealed import,tools/fmm3dbie/matlab/+polytens/+cheb/nodes.m,mechanical changes,Conditional quadrilateral/Chebyshev class support; not needed by the main triangular smoother workflow.,"Keep available to BIE too; candidate for the future shared special-functions package, with optional adapters treated separately.",Intentional shared source/API copy; BIE keeps its version. Some optional methods/support retained conservatively.,Polynomial nodes utility in the Chebyshev family.,"Provide RV nodes/weights, basis derivatives/transforms and Legendre check nodes; preserve wider class support.",fa1b8bddb7c15b140a05ccd57f0b089af2dfcaecfa17e1491327020491e63825,a23f8e75505b890b6b572cd14824136069b34509a736e8ebb3d807e4643b9348,10
matlab/+surfsmooth3d/+internal/+polytens/+cheb/pols.m,Shared MATLAB polynomial/interpolation utilities,sealed import,tools/fmm3dbie/matlab/+polytens/+cheb/pols.m,identical,Conditional quadrilateral/Chebyshev class support; not needed by the main triangular smoother workflow.,"Keep available to BIE too; candidate for the future shared special-functions package, with optional adapters treated separately.",Intentional shared source/API copy; BIE keeps its version. Some optional methods/support retained conservatively.,Evaluate polynomial basis functions.,"Provide RV nodes/weights, basis derivatives/transforms and Legendre check nodes; preserve wider class support.",03b17f19db4dc2c66df8dfba949f94c7f50b6b484233f23b54ee0bea73b18f4c,03b17f19db4dc2c66df8dfba949f94c7f50b6b484233f23b54ee0bea73b18f4c,10
matlab/+surfsmooth3d/+internal/+polytens/+cheb/pts.m,Shared MATLAB polynomial/interpolation utilities,sealed import,tools/fmm3dbie/matlab/+polytens/+cheb/pts.m,identical,Conditional quadrilateral/Chebyshev class support; not needed by the main triangular smoother workflow.,"Keep available to BIE too; candidate for the future shared special-functions package, with optional adapters treated separately.",Intentional shared source/API copy; BIE keeps its version. Some optional methods/support retained conservatively.,Polynomial pts utility in the Chebyshev family.,"Provide RV nodes/weights, basis derivatives/transforms and Legendre check nodes; preserve wider class support.",bfebd7f8aad400fbe18e164d336ccbe9c7ef7a62935755a7a26eb1d72a6f992e,bfebd7f8aad400fbe18e164d336ccbe9c7ef7a62935755a7a26eb1d72a6f992e,10
matlab/+surfsmooth3d/+internal/+polytens/+cheb/vals2coefs.m,Shared MATLAB polynomial/interpolation utilities,sealed import,tools/fmm3dbie/matlab/+polytens/+cheb/vals2coefs.m,mechanical changes,Conditional quadrilateral/Chebyshev class support; not needed by the main triangular smoother workflow.,"Keep available to BIE too; candidate for the future shared special-functions package, with optional adapters treated separately.",Intentional shared source/API copy; BIE keeps its version. Some optional methods/support retained conservatively.,Transform nodal values into polynomial coefficients.,"Provide RV nodes/weights, basis derivatives/transforms and Legendre check nodes; preserve wider class support.",992a3a2c3aa0cce3ee1606d74a3607a55ca3e8c74917b61de77ffdd2d635ad39,5dc07927f0611a6591e2c1657aeca81ccd92e84bda32ebd7b4e0e30aff880c8e,10
matlab/+surfsmooth3d/+internal/+polytens/+cheb/weights.m,Shared MATLAB polynomial/interpolation utilities,sealed import,tools/fmm3dbie/matlab/+polytens/+cheb/weights.m,mechanical changes,Conditional quadrilateral/Chebyshev class support; not needed by the main triangular smoother workflow.,"Keep available to BIE too; candidate for the future shared special-functions package, with optional adapters treated separately.",Intentional shared source/API copy; BIE keeps its version. Some optional methods/support retained conservatively.,Polynomial weights utility in the Chebyshev family.,"Provide RV nodes/weights, basis derivatives/transforms and Legendre check nodes; preserve wider class support.",ce7e7a35e282705b736779eb708e2c05f9fef6fc989a17b5c6d4c15d615a5134,2146b45eb0639d955ec5e356ccd092a593628b3bc069123ad0075116e98308c6,10
matlab/+surfsmooth3d/+internal/+polytens/+lege/coefs2vals.m,Shared MATLAB polynomial/interpolation utilities,sealed import,tools/fmm3dbie/matlab/+polytens/+lege/coefs2vals.m,mechanical changes,Shared Legendre family: check-node subset needed by adaptive blending; tensor-product members retained for wider class support.,"Keep available to BIE too; candidate for the future shared special-functions package, with optional adapters treated separately.",Intentional shared source/API copy; BIE keeps its version. Some optional methods/support retained conservatively.,Evaluate polynomial coefficient expansions at nodes.,"Provide RV nodes/weights, basis derivatives/transforms and Legendre check nodes; preserve wider class support.",d00f483a555ad04a4133fdf3e3165712490b5bd9e88c777dbcf2084fce549557,c074a17628d16a9a29e30069fdaa9b24dfa7eee0fe6b916798c9ba5458440a4b,10
matlab/+surfsmooth3d/+internal/+polytens/+lege/ders.m,Shared MATLAB polynomial/interpolation utilities,sealed import,tools/fmm3dbie/matlab/+polytens/+lege/ders.m,identical,Shared Legendre family: check-node subset needed by adaptive blending; tensor-product members retained for wider class support.,"Keep available to BIE too; candidate for the future shared special-functions package, with optional adapters treated separately.",Intentional shared source/API copy; BIE keeps its version. Some optional methods/support retained conservatively.,Evaluate polynomial basis derivatives.,"Provide RV nodes/weights, basis derivatives/transforms and Legendre check nodes; preserve wider class support.",e169ebdeb8969a50f9b014f1e136ca367b09eb12591ef1cacbec4dff4c34f530,e169ebdeb8969a50f9b014f1e136ca367b09eb12591ef1cacbec4dff4c34f530,10
matlab/+surfsmooth3d/+internal/+polytens/+lege/nodes.m,Shared MATLAB polynomial/interpolation utilities,sealed import,tools/fmm3dbie/matlab/+polytens/+lege/nodes.m,mechanical changes,Shared Legendre family: check-node subset needed by adaptive blending; tensor-product members retained for wider class support.,"Keep available to BIE too; candidate for the future shared special-functions package, with optional adapters treated separately.",Intentional shared source/API copy; BIE keeps its version. Some optional methods/support retained conservatively.,Polynomial nodes utility in the Legendre family.,"Provide RV nodes/weights, basis derivatives/transforms and Legendre check nodes; preserve wider class support.",27806cf58d8e2fe957d8e0524d07671402fff90a2f9877bf32ccc39393ee6ed9,d7e9483bd0099c26c9daa5fd15a12c092ec89eb40418f3ea1b91cf42c2de2c7f,10
matlab/+surfsmooth3d/+internal/+polytens/+lege/pol.m,Shared MATLAB polynomial/interpolation utilities,sealed import,tools/fmm3dbie/matlab/+polytens/+lege/pol.m,identical,Shared Legendre family: check-node subset needed by adaptive blending; tensor-product members retained for wider class support.,"Keep available to BIE too; candidate for the future shared special-functions package, with optional adapters treated separately.",Intentional shared source/API copy; BIE keeps its version. Some optional methods/support retained conservatively.,Polynomial pol utility in the Legendre family.,"Provide RV nodes/weights, basis derivatives/transforms and Legendre check nodes; preserve wider class support.",a31ad6fe6dd5e05db5a61d25e9c87ef3ce172221546051087757a7abb82ba47b,a31ad6fe6dd5e05db5a61d25e9c87ef3ce172221546051087757a7abb82ba47b,10
matlab/+surfsmooth3d/+internal/+polytens/+lege/pols.m,Shared MATLAB polynomial/interpolation utilities,sealed import,tools/fmm3dbie/matlab/+polytens/+lege/pols.m,identical,Shared Legendre family: check-node subset needed by adaptive blending; tensor-product members retained for wider class support.,"Keep available to BIE too; candidate for the future shared special-functions package, with optional adapters treated separately.",Intentional shared source/API copy; BIE keeps its version. Some optional methods/support retained conservatively.,Evaluate polynomial basis functions.,"Provide RV nodes/weights, basis derivatives/transforms and Legendre check nodes; preserve wider class support.",0ee5b7ad1377cbf9adf52f05e6297f059f9f71496eddbce68817a210d6ab7bfe,0ee5b7ad1377cbf9adf52f05e6297f059f9f71496eddbce68817a210d6ab7bfe,10
matlab/+surfsmooth3d/+internal/+polytens/+lege/polsum.m,Shared MATLAB polynomial/interpolation utilities,sealed import,tools/fmm3dbie/matlab/+polytens/+lege/polsum.m,identical,Shared Legendre family: check-node subset needed by adaptive blending; tensor-product members retained for wider class support.,"Keep available to BIE too; candidate for the future shared special-functions package, with optional adapters treated separately.",Intentional shared source/API copy; BIE keeps its version. Some optional methods/support retained conservatively.,Polynomial polsum utility in the Legendre family.,"Provide RV nodes/weights, basis derivatives/transforms and Legendre check nodes; preserve wider class support.",a43669a0aefa175d44a6d66ec0e75483f3a13dfe9c5cc70773549e5696092d90,a43669a0aefa175d44a6d66ec0e75483f3a13dfe9c5cc70773549e5696092d90,10
matlab/+surfsmooth3d/+internal/+polytens/+lege/pts.m,Shared MATLAB polynomial/interpolation utilities,sealed import,tools/fmm3dbie/matlab/+polytens/+lege/pts.m,mechanical changes,Shared Legendre family: check-node subset needed by adaptive blending; tensor-product members retained for wider class support.,"Keep available to BIE too; candidate for the future shared special-functions package, with optional adapters treated separately.",Intentional shared source/API copy; BIE keeps its version. Some optional methods/support retained conservatively.,Polynomial pts utility in the Legendre family.,"Provide RV nodes/weights, basis derivatives/transforms and Legendre check nodes; preserve wider class support.",ee56a3c2df608e1d3e8c58a927742031f6dd1eaf5017edbdb461fabcf4b3202c,8d870403d7608f16b30dded4326707ae2fb140b87126f82b723ec39fbe148fa9,10
matlab/+surfsmooth3d/+internal/+polytens/+lege/rts.m,Shared MATLAB polynomial/interpolation utilities,sealed import,tools/fmm3dbie/matlab/+polytens/+lege/rts.m,mechanical changes,Shared Legendre family: check-node subset needed by adaptive blending; tensor-product members retained for wider class support.,"Keep available to BIE too; candidate for the future shared special-functions package, with optional adapters treated separately.",Intentional shared source/API copy; BIE keeps its version. Some optional methods/support retained conservatively.,Polynomial rts utility in the Legendre family.,"Provide RV nodes/weights, basis derivatives/transforms and Legendre check nodes; preserve wider class support.",a501a55a1dcccc7e3da71e4810c941ebd40a6fd563ecdcf241386099539cc665,2ee659ac508d7db3463e7f11dfe4526399ebc8bcee2c02cfa1a7eedd64da3e3e,10
matlab/+surfsmooth3d/+internal/+polytens/+lege/rts_stab.m,Shared MATLAB polynomial/interpolation utilities,sealed import,tools/fmm3dbie/matlab/+polytens/+lege/rts_stab.m,mechanical changes,Shared Legendre family: check-node subset needed by adaptive blending; tensor-product members retained for wider class support.,"Keep available to BIE too; candidate for the future shared special-functions package, with optional adapters treated separately.",Intentional shared source/API copy; BIE keeps its version. Some optional methods/support retained conservatively.,Polynomial rts stab utility in the Legendre family.,"Provide RV nodes/weights, basis derivatives/transforms and Legendre check nodes; preserve wider class support.",b1ec905f6bb05c6a8af91494f0932f577fca4b3d28567c41df2a6e251312ba7a,7b9463df971f91255e7523805c1715d82e12210936912da6326e55e65165e12c,10
matlab/+surfsmooth3d/+internal/+polytens/+lege/tayl.m,Shared MATLAB polynomial/interpolation utilities,sealed import,tools/fmm3dbie/matlab/+polytens/+lege/tayl.m,identical,Shared Legendre family: check-node subset needed by adaptive blending; tensor-product members retained for wider class support.,"Keep available to BIE too; candidate for the future shared special-functions package, with optional adapters treated separately.",Intentional shared source/API copy; BIE keeps its version. Some optional methods/support retained conservatively.,Polynomial tayl utility in the Legendre family.,"Provide RV nodes/weights, basis derivatives/transforms and Legendre check nodes; preserve wider class support.",356e8371a959278d2d9781f327c397c2445969d305e3debfd360da09518047a9,356e8371a959278d2d9781f327c397c2445969d305e3debfd360da09518047a9,10
matlab/+surfsmooth3d/+internal/+polytens/+lege/vals2coefs.m,Shared MATLAB polynomial/interpolation utilities,sealed import,tools/fmm3dbie/matlab/+polytens/+lege/vals2coefs.m,mechanical changes,Shared Legendre family: check-node subset needed by adaptive blending; tensor-product members retained for wider class support.,"Keep available to BIE too; candidate for the future shared special-functions package, with optional adapters treated separately.",Intentional shared source/API copy; BIE keeps its version. Some optional methods/support retained conservatively.,Transform nodal values into polynomial coefficients.,"Provide RV nodes/weights, basis derivatives/transforms and Legendre check nodes; preserve wider class support.",a29b55b927d976872e9e726c7208f57d0a5b01cde3d0920cb8c9ada187a40983,7cd12433491e3aff7c3211435155401c778b548739082613c666b53a7b09c57f,10
matlab/+surfsmooth3d/+internal/+polytens/+lege/weights.m,Shared MATLAB polynomial/interpolation utilities,sealed import,tools/fmm3dbie/matlab/+polytens/+lege/weights.m,mechanical changes,Shared Legendre family: check-node subset needed by adaptive blending; tensor-product members retained for wider class support.,"Keep available to BIE too; candidate for the future shared special-functions package, with optional adapters treated separately.",Intentional shared source/API copy; BIE keeps its version. Some optional methods/support retained conservatively.,Polynomial weights utility in the Legendre family.,"Provide RV nodes/weights, basis derivatives/transforms and Legendre check nodes; preserve wider class support.",ce5b5849fff136ad894541d0d7278e6968b0eaf970a4d79ac16f29d42c60403f,1d53eb0210787aef152dcdc1622cd96ee910020efa2f82e824c3f31adb45d998,10
matlab/+surfsmooth3d/+internal/barymat.m,Shared MATLAB polynomial/interpolation utilities,sealed import,tools/fmm3dbie/matlab/src/barymat.m,identical,Optional Surfacefun/Chebfun interoperability; not needed for ordinary STEP/smoothing/GO3 use.,"Keep available to BIE too; candidate for the future shared special-functions package, with optional adapters treated separately.",Intentional shared source/API copy; BIE keeps its version. Some optional methods/support retained conservatively.,Barycentric interpolation support for the optional Surfacefun adapter.,"Provide RV nodes/weights, basis derivatives/transforms and Legendre check nodes; preserve wider class support.",08335be7c00751c97350a2422e5ea24c544f57802c431dac241802db0250a6e3,08335be7c00751c97350a2422e5ea24c544f57802c431dac241802db0250a6e3,10
matlab/+surfsmooth3d/+stepmesher/apply_mesh_profile_choice.m,STEP MATLAB workflow,sealed import,step_mesher_cpp_matlab_astra_v3/matlab/+stepmesher/apply_mesh_profile_choice.m,mechanical changes,Needed for full MATLAB STEP workflow; plotting and auxiliary exports are optional.,Imported from STEP V3; belongs to geometry generation rather than the BIE consumer.,Original retained for comparison; not evidence that BIE needs this as a runtime dependency.,APPLY_MESH_PROFILE_CHOICE Apply a documented scaffold meshing preset.,"Convert native STEP results to polynomial surfaces, export CAD/edge packages and inspect geometric quality.",636d7aacf8b575528946254079d1e6be688345c53ee7fd5fc6e0ee07e4e0c200,e1c9d2028dbe92d07652354de45326d52df974252b1ae7989d9ae20d230acc35,12
matlab/+surfsmooth3d/+stepmesher/export_edges_gll.m,STEP MATLAB workflow,sealed import,step_mesher_cpp_matlab_astra_v3/matlab/+stepmesher/export_edges_gll.m,identical,Needed for full MATLAB STEP workflow; plotting and auxiliary exports are optional.,Imported from STEP V3; belongs to geometry generation rather than the BIE consumer.,Original retained for comparison; not evidence that BIE needs this as a runtime dependency.,EXPORT_EDGES_GLL Write CAD edges with piecewise GLL panels.,"Convert native STEP results to polynomial surfaces, export CAD/edge packages and inspect geometric quality.",b7ab15ef8be16cf8f70f04b85cda3f461cb7ebe242add08df9e897fd2a23fadb,b7ab15ef8be16cf8f70f04b85cda3f461cb7ebe242add08df9e897fd2a23fadb,12
matlab/+surfsmooth3d/+stepmesher/export_geom_package.m,STEP MATLAB workflow,sealed import,step_mesher_cpp_matlab_astra_v3/matlab/+stepmesher/export_geom_package.m,mechanical changes,Needed for full MATLAB STEP workflow; plotting and auxiliary exports are optional.,Imported from STEP V3; belongs to geometry generation rather than the BIE consumer.,Original retained for comparison; not evidence that BIE needs this as a runtime dependency.,EXPORT_GEOM_PACKAGE Write a self-contained geometry package folder.,"Convert native STEP results to polynomial surfaces, export CAD/edge packages and inspect geometric quality.",9494c77acc8063056ac45473a55550f8c3887482946120c2c2e1460e6cb922d8,6e72c98a5f0d96ee98d2ec181e4ecb4381984ba5a346f8f2d3c04847ef32835c,12
matlab/+surfsmooth3d/+stepmesher/export_gidmsh.m,STEP MATLAB workflow,sealed import,step_mesher_cpp_matlab_astra_v3/matlab/+stepmesher/export_gidmsh.m,identical,Needed for full MATLAB STEP workflow; plotting and auxiliary exports are optional.,Imported from STEP V3; belongs to geometry generation rather than the BIE consumer.,Original retained for comparison; not evidence that BIE needs this as a runtime dependency.,EXPORT_GIDMSH Write the flat scaffold mesh in fmm3dbie GiD .gidmsh format.,"Convert native STEP results to polynomial surfaces, export CAD/edge packages and inspect geometric quality.",d6a1c0195ee981ba287526129fd069df261b7d502edbca66ddd25e97a5198f41,d6a1c0195ee981ba287526129fd069df261b7d502edbca66ddd25e97a5198f41,12
matlab/+surfsmooth3d/+stepmesher/export_go3.m,STEP MATLAB workflow,sealed import,step_mesher_cpp_matlab_astra_v3/matlab/+stepmesher/export_go3.m,mechanical changes,Needed for full MATLAB STEP workflow; plotting and auxiliary exports are optional.,Imported from STEP V3; belongs to geometry generation rather than the BIE consumer.,Original retained for comparison; not evidence that BIE needs this as a runtime dependency.,EXPORT_GO3 Write fmm3dbie .go3 high-order surface output.,"Convert native STEP results to polynomial surfaces, export CAD/edge packages and inspect geometric quality.",ca40fa26724b775921a70028e6bacfaa9f36d4723e1bb49b5017b30467a0e43f,e073bcf74b41ad99c880eb9483ed89333e664a2d4d6c7333fd28b865a67c4ceb,12
matlab/+surfsmooth3d/+stepmesher/export_xyzw.m,STEP MATLAB workflow,sealed import,step_mesher_cpp_matlab_astra_v3/matlab/+stepmesher/export_xyzw.m,mechanical changes,Needed for full MATLAB STEP workflow; plotting and auxiliary exports are optional.,Imported from STEP V3; belongs to geometry generation rather than the BIE consumer.,Original retained for comparison; not evidence that BIE needs this as a runtime dependency.,"EXPORT_XYZW Write Python-reference compatible x,y,z,w text output.","Convert native STEP results to polynomial surfaces, export CAD/edge packages and inspect geometric quality.",e1eae208d649ca8dcf4b6147d1a8789233cd1f306f6e00e677098aa16ce3889b,01b078cfbed0e7bb6a63e97b6b41eac87cc76086f16ee086b29fcec356523d08,12
matlab/+surfsmooth3d/+stepmesher/load_edges_gll.m,STEP MATLAB workflow,sealed import,step_mesher_cpp_matlab_astra_v3/matlab/+stepmesher/load_edges_gll.m,identical,Needed for full MATLAB STEP workflow; plotting and auxiliary exports are optional.,Imported from STEP V3; belongs to geometry generation rather than the BIE consumer.,Original retained for comparison; not evidence that BIE needs this as a runtime dependency.,LOAD_EDGES_GLL Load STEP_MESHER_EDGES_GLL edge text files.,"Convert native STEP results to polynomial surfaces, export CAD/edge packages and inspect geometric quality.",8379bf946aa17e11fe4ae64d430f18be8b889d6b32a3c79ae8625cf6dcb558b8,8379bf946aa17e11fe4ae64d430f18be8b889d6b32a3c79ae8625cf6dcb558b8,12
matlab/+surfsmooth3d/+stepmesher/load_geom_package.m,STEP MATLAB workflow,sealed import,step_mesher_cpp_matlab_astra_v3/matlab/+stepmesher/load_geom_package.m,mechanical changes,Needed for full MATLAB STEP workflow; plotting and auxiliary exports are optional.,Imported from STEP V3; belongs to geometry generation rather than the BIE consumer.,Original retained for comparison; not evidence that BIE needs this as a runtime dependency.,LOAD_GEOM_PACKAGE Load metadata and edges from a geometry package folder.,"Convert native STEP results to polynomial surfaces, export CAD/edge packages and inspect geometric quality.",4ec280fb360af8678d1ee099589368c51d759e7b818f623fa51330fab02299ad,e54d77686e9adbb7b70afea60467893c34c377f99b76889a08d7bb9b3d591a12,12
matlab/+surfsmooth3d/+stepmesher/mesh_profile_choices.m,STEP MATLAB workflow,sealed import,step_mesher_cpp_matlab_astra_v3/matlab/+stepmesher/mesh_profile_choices.m,identical,Needed for full MATLAB STEP workflow; plotting and auxiliary exports are optional.,Imported from STEP V3; belongs to geometry generation rather than the BIE consumer.,Original retained for comparison; not evidence that BIE needs this as a runtime dependency.,MESH_PROFILE_CHOICES Return documented Gmsh scaffold meshing presets.,"Convert native STEP results to polynomial surfaces, export CAD/edge packages and inspect geometric quality.",757f4f34c8008f83ac14966b0a5d58a952e126516c6b80326ed7d587ab588644,757f4f34c8008f83ac14966b0a5d58a952e126516c6b80326ed7d587ab588644,12
matlab/+surfsmooth3d/+stepmesher/mesh_step.m,STEP MATLAB workflow,sealed import,step_mesher_cpp_matlab_astra_v3/matlab/+stepmesher/mesh_step.m,mechanical changes,Needed for full MATLAB STEP workflow; plotting and auxiliary exports are optional.,Imported from STEP V3; belongs to geometry generation rather than the BIE consumer.,Original retained for comparison; not evidence that BIE needs this as a runtime dependency.,MESH_STEP Mesh a STEP file and return projected RV triangle nodes.,"Convert native STEP results to polynomial surfaces, export CAD/edge packages and inspect geometric quality.",d8093105cb7458af3fd15278eab26b52033080c3fcf256ff74c990708aa7aae9,17f0e77f4e57edbd6d2a4afed1faacdba721d475bed5c4690ce747f601336186,12
matlab/+surfsmooth3d/+stepmesher/plot_coarse_triangle_error.m,STEP MATLAB workflow,sealed import,step_mesher_cpp_matlab_astra_v3/matlab/+stepmesher/plot_coarse_triangle_error.m,mechanical changes,Needed for full MATLAB STEP workflow; plotting and auxiliary exports are optional.,Imported from STEP V3; belongs to geometry generation rather than the BIE consumer.,Original retained for comparison; not evidence that BIE needs this as a runtime dependency.,PLOT_COARSE_TRIANGLE_ERROR Color scaffold triangles by one scalar per cell.,"Convert native STEP results to polynomial surfaces, export CAD/edge packages and inspect geometric quality.",53414fff28764d5faf52b58673c1be5368d94c3135ca605931afdf8e2abb92bd,2d60084a0df6d682b4872a5094386a6a09cde5ec6a051e040dc97b7b535aeeca,12
matlab/+surfsmooth3d/+stepmesher/plot_geom_package.m,STEP MATLAB workflow,sealed import,step_mesher_cpp_matlab_astra_v3/matlab/+stepmesher/plot_geom_package.m,mechanical changes,Needed for full MATLAB STEP workflow; plotting and auxiliary exports are optional.,Imported from STEP V3; belongs to geometry generation rather than the BIE consumer.,Original retained for comparison; not evidence that BIE needs this as a runtime dependency.,PLOT_GEOM_PACKAGE View a STEP mesher geometry package.,"Convert native STEP results to polynomial surfaces, export CAD/edge packages and inspect geometric quality.",f69367b3757fd4e0fb71387b908575fb50854bf6b9c4aee0a437baff5953dd02,30e103ba456b0b98ef235168ea7b7e96cd099ee1d65f50c66b70f066917937b1,12
matlab/+surfsmooth3d/+stepmesher/plot_projected_nodes.m,STEP MATLAB workflow,sealed import,step_mesher_cpp_matlab_astra_v3/matlab/+stepmesher/plot_projected_nodes.m,identical,Needed for full MATLAB STEP workflow; plotting and auxiliary exports are optional.,Imported from STEP V3; belongs to geometry generation rather than the BIE consumer.,Original retained for comparison; not evidence that BIE needs this as a runtime dependency.,PLOT_PROJECTED_NODES Scatter plot of projected RV nodes.,"Convert native STEP results to polynomial surfaces, export CAD/edge packages and inspect geometric quality.",386b3249899361cdc357a4ee47b0d4c6d49a83da99428e7ecd745dec73ead48a,386b3249899361cdc357a4ee47b0d4c6d49a83da99428e7ecd745dec73ead48a,12
matlab/+surfsmooth3d/+stepmesher/plot_projection_error.m,STEP MATLAB workflow,sealed import,step_mesher_cpp_matlab_astra_v3/matlab/+stepmesher/plot_projection_error.m,identical,Needed for full MATLAB STEP workflow; plotting and auxiliary exports are optional.,Imported from STEP V3; belongs to geometry generation rather than the BIE consumer.,Original retained for comparison; not evidence that BIE needs this as a runtime dependency.,PLOT_PROJECTION_ERROR Scatter projected nodes colored by projection distance.,"Convert native STEP results to polynomial surfaces, export CAD/edge packages and inspect geometric quality.",3d6227bccbf7be596aa469a8f7c203102efcb6949dfdac36db95fee741095501,3d6227bccbf7be596aa469a8f7c203102efcb6949dfdac36db95fee741095501,12
matlab/+surfsmooth3d/+stepmesher/plot_scaffold.m,STEP MATLAB workflow,sealed import,step_mesher_cpp_matlab_astra_v3/matlab/+stepmesher/plot_scaffold.m,identical,Needed for full MATLAB STEP workflow; plotting and auxiliary exports are optional.,Imported from STEP V3; belongs to geometry generation rather than the BIE consumer.,Original retained for comparison; not evidence that BIE needs this as a runtime dependency.,PLOT_SCAFFOLD Plot the linear Gmsh surface scaffold.,"Convert native STEP results to polynomial surfaces, export CAD/edge packages and inspect geometric quality.",0ae44acd22aaa3156f4905c7831cf5115cd297495af67797ea0bc7b3c7e10fc4,0ae44acd22aaa3156f4905c7831cf5115cd297495af67797ea0bc7b3c7e10fc4,12
matlab/+surfsmooth3d/+stepmesher/plot_scaffold_quality.m,STEP MATLAB workflow,sealed import,step_mesher_cpp_matlab_astra_v3/matlab/+stepmesher/plot_scaffold_quality.m,mechanical changes,Needed for full MATLAB STEP workflow; plotting and auxiliary exports are optional.,Imported from STEP V3; belongs to geometry generation rather than the BIE consumer.,Original retained for comparison; not evidence that BIE needs this as a runtime dependency.,PLOT_SCAFFOLD_QUALITY Color scaffold triangles by a quality diagnostic.,"Convert native STEP results to polynomial surfaces, export CAD/edge packages and inspect geometric quality.",879e60957a85fd36a6018d452135c26dfcd79d11e2ec237c7753ab39d71b2996,e8890ce51a881ba13d87a35c3a14c24bb99b8509de63a3c9b2fcf023f63acb9a,12
matlab/+surfsmooth3d/+stepmesher/plot_surface.m,STEP MATLAB workflow,sealed import,step_mesher_cpp_matlab_astra_v3/matlab/+stepmesher/plot_surface.m,mechanical changes,Needed for full MATLAB STEP workflow; plotting and auxiliary exports are optional.,Imported from STEP V3; belongs to geometry generation rather than the BIE consumer.,Original retained for comparison; not evidence that BIE needs this as a runtime dependency.,Display polynomial surface geometry and workflow diagnostic coloring.,"Convert native STEP results to polynomial surfaces, export CAD/edge packages and inspect geometric quality.",f1634622094e425d270cefcefc4d9e3b8635ce443a1b3b29488b47ba44bd10f9,60609a873333f375c56b4de576f57a1ed67b3a2334a226ff547b13d3de36b23e,12
matlab/+surfsmooth3d/+stepmesher/private/default_options.m,STEP MATLAB workflow,sealed import,step_mesher_cpp_matlab_astra_v3/matlab/+stepmesher/private/default_options.m,identical,Needed for full MATLAB STEP workflow; plotting and auxiliary exports are optional.,Imported from STEP V3; belongs to geometry generation rather than the BIE consumer.,Original retained for comparison; not evidence that BIE needs this as a runtime dependency.,DEFAULT_OPTIONS Fill option defaults copied from the Python reference.,"Convert native STEP results to polynomial surfaces, export CAD/edge packages and inspect geometric quality.",29642dc46b1a8015ba70ec48674a1b668b7c7170fd03567f94ff91ad80f3a1d8,29642dc46b1a8015ba70ec48674a1b668b7c7170fd03567f94ff91ad80f3a1d8,12
matlab/+surfsmooth3d/+stepmesher/to_srcvals.m,STEP MATLAB workflow,sealed import,step_mesher_cpp_matlab_astra_v3/matlab/+stepmesher/to_srcvals.m,mechanical changes,Needed for full MATLAB STEP workflow; plotting and auxiliary exports are optional.,Imported from STEP V3; belongs to geometry generation rather than the BIE consumer.,Original retained for comparison; not evidence that BIE needs this as a runtime dependency.,TO_SRCVALS Convert projected patch nodes to fmm3dbie srcvals.,"Convert native STEP results to polynomial surfaces, export CAD/edge packages and inspect geometric quality.",29c87464b7f83eba08262cd3b3925d70e08574414be98c98bdc9c078339817e0,1aba5fd8bf2b589b41039a1a69dc5ee6fa27e390c876203054b3df27ae2a7c84,12
matlab/+surfsmooth3d/+stepmesher/to_surfer.m,STEP MATLAB workflow,sealed import,step_mesher_cpp_matlab_astra_v3/matlab/+stepmesher/to_surfer.m,mechanical changes,Needed for full MATLAB STEP workflow; plotting and auxiliary exports are optional.,Imported from STEP V3; belongs to geometry generation rather than the BIE consumer.,Original retained for comparison; not evidence that BIE needs this as a runtime dependency.,Construct a surfsmooth3d.surfer object from projected STEP geometry; no BIE MATLAB package required.,"Convert native STEP results to polynomial surfaces, export CAD/edge packages and inspect geometric quality.",91bbf11090f51ff0d9c39b9e735a51afba91f3c17684b7465ec3e98492fb6b7b,dd724a1896f8652f6877a5d9accb7f1601c50e7b0cbaca643cfff4d7a6466812,12
matlab/+surfsmooth3d/+stepmesher/validate_area_flux.m,STEP MATLAB workflow,sealed import,step_mesher_cpp_matlab_astra_v3/matlab/+stepmesher/validate_area_flux.m,mechanical changes,Needed for full MATLAB STEP workflow; plotting and auxiliary exports are optional.,Imported from STEP V3; belongs to geometry generation rather than the BIE consumer.,Original retained for comparison; not evidence that BIE needs this as a runtime dependency.,VALIDATE_AREA_FLUX Compute area and closed-surface normal flux diagnostics.,"Convert native STEP results to polynomial surfaces, export CAD/edge packages and inspect geometric quality.",b407d249d0da1eb79fd982b852029550c3a1a05098787fe49d69634811d5fccc,65e9ce61ee8ebe64badfc067d9d61607c1e35292daf5d3d9a3aa1593e5506c77,12
matlab/+surfsmooth3d/@surfer/Contents.m,Shared MATLAB surface class,sealed import,tools/fmm3dbie/matlab/@surfer/Contents.m,identical,MATLAB help/documentation; not computational runtime.,BIE must retain its own surface representation and methods; namespace-separated copies currently coexist.,Intentional shared source/API copy; BIE keeps its version. Some optional methods/support retained conservatively.,Document the corresponding MATLAB class/package entry points and workflow.,"Represent, load and manipulate polynomial surface geometry independently of the BIE installation.",8117b25ffa7c14496fe424531e71e644598e681fd9ab3a4e511fa970300178a7,8117b25ffa7c14496fe424531e71e644598e681fd9ab3a4e511fa970300178a7,09
matlab/+surfsmooth3d/@surfer/affine_transf.m,Shared MATLAB surface class,sealed import,tools/fmm3dbie/matlab/@surfer/affine_transf.m,mechanical changes,Optional preserved geometry-class API; no direct shipped smoother workflow/driver caller found in static audit.,BIE must retain its own surface representation and methods; namespace-separated copies currently coexist.,Intentional shared source/API copy; BIE keeps its version. Some optional methods/support retained conservatively.,Apply an affine transformation to geometry and its derivatives.,"Represent, load and manipulate polynomial surface geometry independently of the BIE installation.",210ccbbbba83869e4a3070d29de4baf67ac0e59033e85ce9c9eac6f08dff5b6a,5dd7f8b636cc8a6db86c644329eb918c810fb5b178f018ef67a2927367e926f4,09
matlab/+surfsmooth3d/@surfer/area.m,Shared MATLAB surface class,sealed import,tools/fmm3dbie/matlab/@surfer/area.m,identical,Optional preserved geometry-class API; no direct shipped smoother workflow/driver caller found in static audit.,BIE must retain its own surface representation and methods; namespace-separated copies currently coexist.,Intentional shared source/API copy; BIE keeps its version. Some optional methods/support retained conservatively.,Integrate stored surface quadrature weights to obtain area.,"Represent, load and manipulate polynomial surface geometry independently of the BIE installation.",ccd861830d319cbc917631b3a00bb23514b5c37a036817f0c5c75c24bac59ff2,ccd861830d319cbc917631b3a00bb23514b5c37a036817f0c5c75c24bac59ff2,09
matlab/+surfsmooth3d/@surfer/conv_rsc_to_spmat.m,Shared MATLAB surface class,sealed import,tools/fmm3dbie/matlab/@surfer/conv_rsc_to_spmat.m,identical,Not needed by shipped smoother workflows; conservative full-class import.,Retain in BIE: its near-quadrature builders call this method. Possible removal from SurfSmooth3D only in a later class/API cleanup.,Intentional shared source/API copy; BIE keeps its version. Some optional methods/support retained conservatively.,BIE near-quadrature sparse-matrix conversion; copied with complete class but not used by smoother workflows.,"Represent, load and manipulate polynomial surface geometry independently of the BIE installation.",64348d724fb3bc3dd3f1291a0f6cceaadb6f1ad91913601a3f30ee076766176e,64348d724fb3bc3dd3f1291a0f6cceaadb6f1ad91913601a3f30ee076766176e,09
matlab/+surfsmooth3d/@surfer/extract_arrays.m,Shared MATLAB surface class,sealed import,tools/fmm3dbie/matlab/@surfer/extract_arrays.m,identical,"Core subset required; the complete existing class was retained, including optional methods.",BIE must retain its own surface representation and methods; namespace-separated copies currently coexist.,Intentional shared source/API copy; BIE keeps its version. Some optional methods/support retained conservatively.,"Extract patch geometry, coefficients, quadrature and indexing arrays.","Represent, load and manipulate polynomial surface geometry independently of the BIE installation.",8c7714e5d60ce24074f716aae69a515a78b3e5dda2018cf74b366563f46be208,8c7714e5d60ce24074f716aae69a515a78b3e5dda2018cf74b366563f46be208,09
matlab/+surfsmooth3d/@surfer/interpolate_data.m,Shared MATLAB surface class,sealed import,tools/fmm3dbie/matlab/@surfer/interpolate_data.m,mechanical changes,Optional preserved geometry-class API; no direct shipped smoother workflow/driver caller found in static audit.,BIE must retain its own surface representation and methods; namespace-separated copies currently coexist.,Intentional shared source/API copy; BIE keeps its version. Some optional methods/support retained conservatively.,General interpolation of surface data.,"Represent, load and manipulate polynomial surface geometry independently of the BIE installation.",0dc4b10b63cf92b9f836af10991557dec0b48a4c925290d22a165935b9734845,a05da8f72e10f634bdca8ada2677367a497c727f9863d378fbdf4fcfd2a8720f,09
matlab/+surfsmooth3d/@surfer/load_from_file.m,Shared MATLAB surface class,sealed import,tools/fmm3dbie/matlab/@surfer/load_from_file.m,mechanical changes,"Core subset required; the complete existing class was retained, including optional methods.",BIE must retain its own surface representation and methods; namespace-separated copies currently coexist.,Intentional shared source/API copy; BIE keeps its version. Some optional methods/support retained conservatively.,Read GO3 surface data into the namespaced surface class.,"Represent, load and manipulate polynomial surface geometry independently of the BIE installation.",bb96311f6015032778f5bd15da6041e2dc1f7b5aa8f5cb79f3c3d2f52346cb4b,cce5a7b72b67a0352f68e2717206a8ae784e994bee3c2444a2a0381883071267,09
matlab/+surfsmooth3d/@surfer/merge.m,Shared MATLAB surface class,sealed import,tools/fmm3dbie/matlab/@surfer/merge.m,mechanical changes,Optional preserved geometry-class API; no direct shipped smoother workflow/driver caller found in static audit.,BIE must retain its own surface representation and methods; namespace-separated copies currently coexist.,Intentional shared source/API copy; BIE keeps its version. Some optional methods/support retained conservatively.,Combine surface objects while preserving their geometry representation.,"Represent, load and manipulate polynomial surface geometry independently of the BIE installation.",7af0dde20d36b5c02a739e36af6a7a71d68fd6a3c5061dcebec65891ff89bdc6,4a5bf31ad7443ef329322f13582af49c49242b68abb29117b7feede6faf3a0f6,09
matlab/+surfsmooth3d/@surfer/oversample.m,Shared MATLAB surface class,sealed import,tools/fmm3dbie/matlab/@surfer/oversample.m,mechanical changes,Optional preserved geometry-class API; no direct shipped smoother workflow/driver caller found in static audit.,BIE must retain its own surface representation and methods; namespace-separated copies currently coexist.,Intentional shared source/API copy; BIE keeps its version. Some optional methods/support retained conservatively.,General surface/function oversampling; BIE uses its own copy for layer-potential evaluation.,"Represent, load and manipulate polynomial surface geometry independently of the BIE installation.",9169a427bbf5a6872dd846b7a8c165dc89412177f414a692877221f4a61d444b,f38a720eed98476d7b47bfebfc5e0a6aebda25ff1295bc45cc71c7ef205bcd2c,09
matlab/+surfsmooth3d/@surfer/plot.m,Shared MATLAB surface class,sealed import,tools/fmm3dbie/matlab/@surfer/plot.m,mechanical changes,"Core subset required; the complete existing class was retained, including optional methods.",BIE must retain its own surface representation and methods; namespace-separated copies currently coexist.,Intentional shared source/API copy; BIE keeps its version. Some optional methods/support retained conservatively.,Plot polynomial patch geometry.,"Represent, load and manipulate polynomial surface geometry independently of the BIE installation.",87efded2e5e5d1d10138146322ed0b3e65f757636bb177198b1b6c3231244ee6,a93953cbce28d5c6a2e18f3beb01cec7a9ce842e47cbf438b0c3406e15b2c0bd,09
matlab/+surfsmooth3d/@surfer/plot_nodes.m,Shared MATLAB surface class,sealed import,tools/fmm3dbie/matlab/@surfer/plot_nodes.m,mechanical changes,Optional preserved geometry-class API; no direct shipped smoother workflow/driver caller found in static audit.,BIE must retain its own surface representation and methods; namespace-separated copies currently coexist.,Intentional shared source/API copy; BIE keeps its version. Some optional methods/support retained conservatively.,Plot stored surface nodes.,"Represent, load and manipulate polynomial surface geometry independently of the BIE installation.",b78a55137b6726613375b97fa96c425cf6b296afe1f43b9128871c1fa7c6b2c2,360f6fce79bc98ed201dcfeb7347291766f3b0787007b11fab73c01748e5a329,09
matlab/+surfsmooth3d/@surfer/rotate.m,Shared MATLAB surface class,sealed import,tools/fmm3dbie/matlab/@surfer/rotate.m,identical,Optional preserved geometry-class API; no direct shipped smoother workflow/driver caller found in static audit.,BIE must retain its own surface representation and methods; namespace-separated copies currently coexist.,Intentional shared source/API copy; BIE keeps its version. Some optional methods/support retained conservatively.,Rotate surface geometry.,"Represent, load and manipulate polynomial surface geometry independently of the BIE installation.",d66180ea677fabaf14fd1d15b91b491a57705b2c42c8043b975f777b18bbb073,d66180ea677fabaf14fd1d15b91b491a57705b2c42c8043b975f777b18bbb073,09
matlab/+surfsmooth3d/@surfer/scale.m,Shared MATLAB surface class,sealed import,tools/fmm3dbie/matlab/@surfer/scale.m,mechanical changes,Optional preserved geometry-class API; no direct shipped smoother workflow/driver caller found in static audit.,BIE must retain its own surface representation and methods; namespace-separated copies currently coexist.,Intentional shared source/API copy; BIE keeps its version. Some optional methods/support retained conservatively.,Scale surface geometry.,"Represent, load and manipulate polynomial surface geometry independently of the BIE installation.",e05e5371ddf58e3ecd2235cf4a8a35417210360b44d9dac37d0de1d681d9e431,389cf859cbc6898621f882a328a529833bec285d85bc7f2c9afc009f25516885,09
matlab/+surfsmooth3d/@surfer/scatter.m,Shared MATLAB surface class,sealed import,tools/fmm3dbie/matlab/@surfer/scatter.m,identical,Optional preserved geometry-class API; no direct shipped smoother workflow/driver caller found in static audit.,BIE must retain its own surface representation and methods; namespace-separated copies currently coexist.,Intentional shared source/API copy; BIE keeps its version. Some optional methods/support retained conservatively.,Display surface nodes/data as a scatter plot.,"Represent, load and manipulate polynomial surface geometry independently of the BIE installation.",eaa33d2c2b09a916a9a8c3edf5d641e7dd1b30403892d6aa38f7164ffb5d1902,eaa33d2c2b09a916a9a8c3edf5d641e7dd1b30403892d6aa38f7164ffb5d1902,09
matlab/+surfsmooth3d/@surfer/surf_fun_error.m,Shared MATLAB surface class,sealed import,tools/fmm3dbie/matlab/@surfer/surf_fun_error.m,identical,Optional preserved geometry-class API; no direct shipped smoother workflow/driver caller found in static audit.,BIE must retain its own surface representation and methods; namespace-separated copies currently coexist.,Intentional shared source/API copy; BIE keeps its version. Some optional methods/support retained conservatively.,Estimate polynomial approximation error of a surface function.,"Represent, load and manipulate polynomial surface geometry independently of the BIE installation.",3c9d6fc7439e18ddc34d563935a926639eb524400240b396867bd0d30ac40469,3c9d6fc7439e18ddc34d563935a926639eb524400240b396867bd0d30ac40469,09
matlab/+surfsmooth3d/@surfer/surfacemesh_to_surfer.m,Shared MATLAB surface class,sealed import,tools/fmm3dbie/matlab/@surfer/surfacemesh_to_surfer.m,mechanical changes,Optional Surfacefun/Chebfun interoperability; not needed for ordinary STEP/smoothing/GO3 use.,BIE must retain its own surface representation and methods; namespace-separated copies currently coexist.,Intentional shared source/API copy; BIE keeps its version. Some optional methods/support retained conservatively.,Optional external Surfacefun/Chebfun surface conversion adapter.,"Represent, load and manipulate polynomial surface geometry independently of the BIE installation.",ca80090c3b9eed24387b2ac8302e49070b37e56533ad652483aeed70f1681d49,d5c0c145bff7bacaa9a5cc9fddf6f235cf728ae94403bae81a5fef5175db010c,09
matlab/+surfsmooth3d/@surfer/surfer.m,Shared MATLAB surface class,sealed import,tools/fmm3dbie/matlab/@surfer/surfer.m,mechanical changes,"Core subset required; the complete existing class was retained, including optional methods.",BIE must retain its own surface representation and methods; namespace-separated copies currently coexist.,Intentional shared source/API copy; BIE keeps its version. Some optional methods/support retained conservatively.,"Polynomial surface container; reconstructs geometry coefficients, weights and differential data.","Represent, load and manipulate polynomial surface geometry independently of the BIE installation.",197e595efdfa9af9d20a546e557c4e0f8dbfb9ec0c47f5c17e9a1499e4803fc1,306da4628f24cbc566ebb6a44d8c972ced4352ac515088261eb829dd02411f39,09
matlab/+surfsmooth3d/@surfer/translate.m,Shared MATLAB surface class,sealed import,tools/fmm3dbie/matlab/@surfer/translate.m,mechanical changes,Optional preserved geometry-class API; no direct shipped smoother workflow/driver caller found in static audit.,BIE must retain its own surface representation and methods; namespace-separated copies currently coexist.,Intentional shared source/API copy; BIE keeps its version. Some optional methods/support retained conservatively.,Translate surface geometry.,"Represent, load and manipulate polynomial surface geometry independently of the BIE installation.",d35dca86d0d9944bb84fc608e44147b2f0ed610b8310a802416b1f1610a79451,b553dc0a8326846e9ed9f52947bd27befa1ad1662ce0fdeeeb538c2338d1254a,09
matlab/+surfsmooth3d/@surfer/vals2coefs.m,Shared MATLAB surface class,sealed import,tools/fmm3dbie/matlab/@surfer/vals2coefs.m,mechanical changes,"Core subset required; the complete existing class was retained, including optional methods.",BIE must retain its own surface representation and methods; namespace-separated copies currently coexist.,Intentional shared source/API copy; BIE keeps its version. Some optional methods/support retained conservatively.,Transform nodal values into polynomial coefficients.,"Represent, load and manipulate polynomial surface geometry independently of the BIE installation.",2f54aae3412d4a834ff3ed9ded8316325feeb74a818d92d0ac3b8c7946c1e202,2ed346068ce4419126f5892fc3353c91028185364cf6030633697ae3fec60acb,09
matlab/+surfsmooth3d/Contents.m,MATLAB public interfaces and setup,new integration file,Created for independent SurfSmooth3D extraction,new packaging/test/documentation; no imported numerical algorithm replaced,MATLAB help/documentation; not computational runtime.,Smoother bindings can leave BIE; its broad BIE gateway must remain with only smoother dispatches removed later.,New/generated integration artifact; not a duplicated BIE runtime algorithm.,Document the corresponding MATLAB class/package entry points and workflow.,Expose the smoother APIs through distinct package/MEX names and provide standalone path discovery.,,1fe32c4430c5e62a664d64b75c44d02ecea1794d3fd4e81cc3dc470a68cf3591,04
matlab/+surfsmooth3d/multiscale_mesher.m,MATLAB public interfaces and setup,sealed import,tools/fmm3dbie/matlab/src/multiscale_mesher.m,mechanical changes,Needed for MATLAB APIs; MWrap source is needed only for gateway regeneration; Contents is documentation.,Smoother bindings can leave BIE; its broad BIE gateway must remain with only smoother dispatches removed later.,Original retained for comparison; not evidence that BIE needs this as a runtime dependency.,Uniform one-stage/two-stage smoother MATLAB interface and result loading.,Expose the smoother APIs through distinct package/MEX names and provide standalone path discovery.,a4e32ebde69390360a20bc13ab58842f0068856c295640e9e56d4e37ec3c2309,2fdf69c737a37c1a036786770e3f889b0454096b46ae960a87f087dadbed650e,04
matlab/+surfsmooth3d/multiscale_mesher_adaptive.m,MATLAB public interfaces and setup,sealed import,tools/fmm3dbie/matlab/src/multiscale_mesher_adaptive.m,mechanical changes,Needed for MATLAB APIs; MWrap source is needed only for gateway regeneration; Contents is documentation.,Smoother bindings can leave BIE; its broad BIE gateway must remain with only smoother dispatches removed later.,Original retained for comparison; not evidence that BIE needs this as a runtime dependency.,MATLAB interface to adaptive full smoothing.,Expose the smoother APIs through distinct package/MEX names and provide standalone path discovery.,abb81b7c9d7a5d86f57227cb894f7ff91b17315105e4eb927bf9c569cd9f9139,c22081cdbd7e8e9b6fd7428fbb318f87b7f60597f36a00af7d524ebf35a6ee13,04
matlab/+surfsmooth3d/multiscale_mesher_sigma_eval.m,MATLAB public interfaces and setup,sealed import,tools/fmm3dbie/matlab/src/multiscale_mesher_sigma_eval.m,mechanical changes,Needed for MATLAB APIs; MWrap source is needed only for gateway regeneration; Contents is documentation.,Smoother bindings can leave BIE; its broad BIE gateway must remain with only smoother dispatches removed later.,Original retained for comparison; not evidence that BIE needs this as a runtime dependency.,Expose sigma(x) and its gradient at user points.,Expose the smoother APIs through distinct package/MEX names and provide standalone path discovery.,9808260135296689c7c7867581874fea521b23f2d03f5251badfef5209520eb2,01cb509e84c4829a9baaa406a41514ef7df667c220c780da92159f1fb4055306,04
matlab/+surfsmooth3d/root.m,MATLAB public interfaces and setup,new integration file,Created for independent SurfSmooth3D extraction,new packaging/test/documentation; no imported numerical algorithm replaced,Standalone MATLAB package path setup/lookup.,Smoother bindings can leave BIE; its broad BIE gateway must remain with only smoother dispatches removed later.,New/generated integration artifact; not a duplicated BIE runtime algorithm.,Locate the independent package root without an old-checkout path.,Expose the smoother APIs through distinct package/MEX names and provide standalone path discovery.,,fb099fd14ecdfa94856f0b718e6c92e98286b5ce2545eaa92e95b8c0301365d6,04
matlab/setup_surfsmooth3d.m,MATLAB public interfaces and setup,new integration file,Created for independent SurfSmooth3D extraction,new packaging/test/documentation; no imported numerical algorithm replaced,Standalone MATLAB package path setup/lookup.,Smoother bindings can leave BIE; its broad BIE gateway must remain with only smoother dispatches removed later.,New/generated integration artifact; not a duplicated BIE runtime algorithm.,Add only the independent package MATLAB root to the search path.,Expose the smoother APIs through distinct package/MEX names and provide standalone path discovery.,,d4a7d94b5bf4187681f70cd105d62324750e4530dc7baf75c8c707469926ca03,04
matlab/surfsmooth3d_adaptive_blend_routs.c,MATLAB public interfaces and setup,sealed import,tools/fmm3dbie/matlab/fmm3dbie_adaptive_blend_routs.c,identical,Needed for MATLAB APIs; MWrap source is needed only for gateway regeneration; Contents is documentation.,Smoother bindings can leave BIE; its broad BIE gateway must remain with only smoother dispatches removed later.,Original retained for comparison; not evidence that BIE needs this as a runtime dependency.,MATLAB C gateway for adaptive-blend native sessions.,Expose the smoother APIs through distinct package/MEX names and provide standalone path discovery.,42bdb9eb504670d78678cbbc9777c52d2ce13b6334f9bc17aa8cfb847a9f25e0,42bdb9eb504670d78678cbbc9777c52d2ce13b6334f9bc17aa8cfb847a9f25e0,04
matlab/surfsmooth3d_adaptive_routs.c,MATLAB public interfaces and setup,sealed import,tools/fmm3dbie/matlab/fmm3dbie_adaptive_routs.c,identical,Needed for MATLAB APIs; MWrap source is needed only for gateway regeneration; Contents is documentation.,Smoother bindings can leave BIE; its broad BIE gateway must remain with only smoother dispatches removed later.,Original retained for comparison; not evidence that BIE needs this as a runtime dependency.,MATLAB C gateway for the adaptive full-smoother Fortran API.,Expose the smoother APIs through distinct package/MEX names and provide standalone path discovery.,6804aa57509e3d7552e54d40ee3c7741dfb969366d7d0e72e28c99200697a869,6804aa57509e3d7552e54d40ee3c7741dfb969366d7d0e72e28c99200697a869,04
matlab/surfsmooth3d_routs.c,MATLAB public interfaces and setup,generated gateway,matlab/surfsmooth3d_routs.mw (MWrap v1.2; see provenance/mwrap-reproducibility.json),generated from narrowed imported interface,Needed for MATLAB APIs; MWrap source is needed only for gateway regeneration; Contents is documentation.,Smoother bindings can leave BIE; its broad BIE gateway must remain with only smoother dispatches removed later.,New/generated integration artifact; not a duplicated BIE runtime algorithm.,Regenerated MWrap C gateway for the four selected dispatch signatures; not a wholesale BIE gateway copy.,Expose the smoother APIs through distinct package/MEX names and provide standalone path discovery.,,7aa5a3e5fc4eec95a46e91740aa2f4d7967e46898873c5b92199ba9cde3d5e53,04
matlab/surfsmooth3d_routs.mw,MATLAB public interfaces and setup,sealed import,tools/fmm3dbie/matlab/fmm3dbie_routs.mw,mechanical changes,Regeneration/development only; generated C is shipped for ordinary builds.,Smoother bindings can leave BIE; its broad BIE gateway must remain with only smoother dispatches removed later.,Original retained for comparison; not evidence that BIE needs this as a runtime dependency.,"Narrowed MWrap source containing four smoother/filetype dispatch signatures, excluding BIE solver bindings.",Expose the smoother APIs through distinct package/MEX names and provide standalone path discovery.,78052210ef976ceb13b9fdb4dd4c5ca9940eb1e75cc3f526fcac3436e6563dbe,b2abce63d461012edd143c3c4a356ac3c87b5c32d328cdeb82cdbd047825fa05,04
provenance/build-environment.json,Provenance and validation evidence,new integration file,Created for independent SurfSmooth3D extraction,new packaging/test/documentation; no imported numerical algorithm replaced,Audit/reproducibility records; not numerical runtime.,Package-specific records and copied attribution/history; not a BIE computational dependency.,New/generated integration artifact; not a duplicated BIE runtime algorithm.,Extraction audit record: build environment.,"Record exact origins, working-tree state, hashes, mechanical changes, dependency configuration and test outcomes.",,46fcc74146c3e2344960d5d7940abfa8a2debc0e0495f98ebca8e6525e6adb8d,19
provenance/coexistence-validation.json,Provenance and validation evidence,new integration file,Created for independent SurfSmooth3D extraction,new packaging/test/documentation; no imported numerical algorithm replaced,Audit/reproducibility records; not numerical runtime.,Package-specific records and copied attribution/history; not a BIE computational dependency.,New/generated integration artifact; not a duplicated BIE runtime algorithm.,Extraction audit record: coexistence validation.,"Record exact origins, working-tree state, hashes, mechanical changes, dependency configuration and test outcomes.",,7f534a6109d9957c715f632811b74648cf59a3c76c0c6acf262635029eaedbdc,19
provenance/extraction-manifest.json,Provenance and validation evidence,new integration file,Created for independent SurfSmooth3D extraction,new packaging/test/documentation; no imported numerical algorithm replaced,Audit/reproducibility records; not numerical runtime.,Package-specific records and copied attribution/history; not a BIE computational dependency.,New/generated integration artifact; not a duplicated BIE runtime algorithm.,Extraction audit record: extraction manifest.,"Record exact origins, working-tree state, hashes, mechanical changes, dependency configuration and test outcomes.",,6afa544a7b89d05e06210651aab0b503bade2721253d975b12951cf6ba64f887,19
provenance/fmm-reference-build.json,Provenance and validation evidence,new integration file,Created for independent SurfSmooth3D extraction,new packaging/test/documentation; no imported numerical algorithm replaced,Audit/reproducibility records; not numerical runtime.,Package-specific records and copied attribution/history; not a BIE computational dependency.,New/generated integration artifact; not a duplicated BIE runtime algorithm.,Extraction audit record: fmm reference build.,"Record exact origins, working-tree state, hashes, mechanical changes, dependency configuration and test outcomes.",,0c9e9ed58a1ccf02067fbb91d40e7bcc0b0b27b43be4414152001f8f04a36f72,19
provenance/fmm-reference-make.inc,Provenance and validation evidence,new integration file,Created for independent SurfSmooth3D extraction,new packaging/test/documentation; no imported numerical algorithm replaced,Audit/reproducibility records; not numerical runtime.,Package-specific records and copied attribution/history; not a BIE computational dependency.,New/generated integration artifact; not a duplicated BIE runtime algorithm.,Extraction audit record: fmm reference make.,"Record exact origins, working-tree state, hashes, mechanical changes, dependency configuration and test outcomes.",,d1e5eb25dd7bf556c97f594ae592e1b2b969df3eaa4be08faec794539705dba6,19
provenance/fortran-imports.json,Provenance and validation evidence,new integration file,Created for independent SurfSmooth3D extraction,new packaging/test/documentation; no imported numerical algorithm replaced,Audit/reproducibility records; not numerical runtime.,Package-specific records and copied attribution/history; not a BIE computational dependency.,New/generated integration artifact; not a duplicated BIE runtime algorithm.,Extraction audit record: fortran imports.,"Record exact origins, working-tree state, hashes, mechanical changes, dependency configuration and test outcomes.",,3b5dfbdd913d6e5a115be3db16ede394693d7643586d8cc14ed0372880d74587,19
provenance/integration-validation.json,Provenance and validation evidence,new integration file,Created for independent SurfSmooth3D extraction,new packaging/test/documentation; no imported numerical algorithm replaced,Audit/reproducibility records; not numerical runtime.,Package-specific records and copied attribution/history; not a BIE computational dependency.,New/generated integration artifact; not a duplicated BIE runtime algorithm.,Extraction audit record: integration validation.,"Record exact origins, working-tree state, hashes, mechanical changes, dependency configuration and test outcomes.",,7555c0129a311dc60ce1e5b26ecd006429a82abf7881eccaacbb62705bcdef86,19
provenance/licenses/FMM3D-AUTHORS,Provenance and validation evidence,additional copy,tools/FMM3D/AUTHORS,identical,Audit/reproducibility records; not numerical runtime.,Package-specific records and copied attribution/history; not a BIE computational dependency.,Original retained for comparison; not evidence that BIE needs this as a runtime dependency.,Preserve upstream source attribution/license notice for distributed copies.,"Record exact origins, working-tree state, hashes, mechanical changes, dependency configuration and test outcomes.",45a774d3cf05dc4d420c2e9a9f76d3d4e33be84304f9c369aaffa8789f3f0c2a,45a774d3cf05dc4d420c2e9a9f76d3d4e33be84304f9c369aaffa8789f3f0c2a,19
provenance/licenses/FMM3D-LICENSE,Provenance and validation evidence,additional copy,tools/FMM3D/LICENSE,identical,Audit/reproducibility records; not numerical runtime.,Package-specific records and copied attribution/history; not a BIE computational dependency.,Original retained for comparison; not evidence that BIE needs this as a runtime dependency.,Preserve upstream source attribution/license notice for distributed copies.,"Record exact origins, working-tree state, hashes, mechanical changes, dependency configuration and test outcomes.",80ca999e0a3de255930a5bf17771bdcadf0e0ac2835b93ddc418a639f0d5ea4c,80ca999e0a3de255930a5bf17771bdcadf0e0ac2835b93ddc418a639f0d5ea4c,19
provenance/licenses/fmm3dbie-AUTHORS,Provenance and validation evidence,additional copy,tools/fmm3dbie/AUTHORS,identical,Audit/reproducibility records; not numerical runtime.,Package-specific records and copied attribution/history; not a BIE computational dependency.,Original retained for comparison; not evidence that BIE needs this as a runtime dependency.,Preserve upstream source attribution/license notice for distributed copies.,"Record exact origins, working-tree state, hashes, mechanical changes, dependency configuration and test outcomes.",89053502a73cd9c7ed849bede55c9d8c174a7260a6f5f3facd03d44b0f35a1ad,89053502a73cd9c7ed849bede55c9d8c174a7260a6f5f3facd03d44b0f35a1ad,19
provenance/matlab-fixtures.json,Provenance and validation evidence,new integration file,Created for independent SurfSmooth3D extraction,new packaging/test/documentation; no imported numerical algorithm replaced,Audit/reproducibility records; not numerical runtime.,Package-specific records and copied attribution/history; not a BIE computational dependency.,New/generated integration artifact; not a duplicated BIE runtime algorithm.,Extraction audit record: matlab fixtures.,"Record exact origins, working-tree state, hashes, mechanical changes, dependency configuration and test outcomes.",,7d19590f0d58b21a9e8790c1f3a7bc6aca298ad268f1658080598acd61b9e11f,19
provenance/matlab-imports.json,Provenance and validation evidence,new integration file,Created for independent SurfSmooth3D extraction,new packaging/test/documentation; no imported numerical algorithm replaced,Audit/reproducibility records; not numerical runtime.,Package-specific records and copied attribution/history; not a BIE computational dependency.,New/generated integration artifact; not a duplicated BIE runtime algorithm.,Extraction audit record: matlab imports.,"Record exact origins, working-tree state, hashes, mechanical changes, dependency configuration and test outcomes.",,a8e410a9cb04236f31a9adb882586ab162009ba799476edd71ccd9ff8f4b23c1,19
provenance/matlab-validation.json,Provenance and validation evidence,new integration file,Created for independent SurfSmooth3D extraction,new packaging/test/documentation; no imported numerical algorithm replaced,Audit/reproducibility records; not numerical runtime.,Package-specific records and copied attribution/history; not a BIE computational dependency.,New/generated integration artifact; not a duplicated BIE runtime algorithm.,Extraction audit record: matlab validation.,"Record exact origins, working-tree state, hashes, mechanical changes, dependency configuration and test outcomes.",,4b3bb1a2469b7203b4c7c67d07d4d1a86cc8ce7684ee40602d31521b77f28686,19
provenance/mechanical-changes.patch,Provenance and validation evidence,new integration file,Created for independent SurfSmooth3D extraction,new packaging/test/documentation; no imported numerical algorithm replaced,Audit/reproducibility records; not numerical runtime.,Package-specific records and copied attribution/history; not a BIE computational dependency.,New/generated integration artifact; not a duplicated BIE runtime algorithm.,Extraction audit record: mechanical changes.,"Record exact origins, working-tree state, hashes, mechanical changes, dependency configuration and test outcomes.",,120fae877de69ab1e2d8663e5dd703095447d44ab2d4b4eda8eedb4df5acc576,19
provenance/mwrap-reproducibility.json,Provenance and validation evidence,new integration file,Created for independent SurfSmooth3D extraction,new packaging/test/documentation; no imported numerical algorithm replaced,Audit/reproducibility records; not numerical runtime.,Package-specific records and copied attribution/history; not a BIE computational dependency.,New/generated integration artifact; not a duplicated BIE runtime algorithm.,Extraction audit record: mwrap reproducibility.,"Record exact origins, working-tree state, hashes, mechanical changes, dependency configuration and test outcomes.",,6a4003ad50de1461b27137e27fa056b8fc379021739f34cf5b8f0acac996cc38,19
provenance/native-validation.json,Provenance and validation evidence,new integration file,Created for independent SurfSmooth3D extraction,new packaging/test/documentation; no imported numerical algorithm replaced,Audit/reproducibility records; not numerical runtime.,Package-specific records and copied attribution/history; not a BIE computational dependency.,New/generated integration artifact; not a duplicated BIE runtime algorithm.,Extraction audit record: native validation.,"Record exact origins, working-tree state, hashes, mechanical changes, dependency configuration and test outcomes.",,51c222bac13970c67ad604aaab2316c8ede41b7f7da2ed3b5ff387af016f5d11,19
provenance/prior-migration-legacy-comparison.json,Provenance and validation evidence,additional copy,tools/fmm3dbie/install/logs/smoother-migration-2026-10-05/legacy-comparison.json,identical,Audit/reproducibility records; not numerical runtime.,Package-specific records and copied attribution/history; not a BIE computational dependency.,Original retained for comparison; not evidence that BIE needs this as a runtime dependency.,Extraction audit record: prior migration legacy comparison.,"Record exact origins, working-tree state, hashes, mechanical changes, dependency configuration and test outcomes.",15aaf3147571da6e7b62d6d98302611e3a8f083dfd8db8ef9bd8a9be030b758d,15aaf3147571da6e7b62d6d98302611e3a8f083dfd8db8ef9bd8a9be030b758d,19
provenance/prior-migration-summary.json,Provenance and validation evidence,additional copy,tools/fmm3dbie/install/logs/smoother-migration-2026-10-05/summary.json,identical,Audit/reproducibility records; not numerical runtime.,Package-specific records and copied attribution/history; not a BIE computational dependency.,Original retained for comparison; not evidence that BIE needs this as a runtime dependency.,Extraction audit record: prior migration summary.,"Record exact origins, working-tree state, hashes, mechanical changes, dependency configuration and test outcomes.",8e35ff5371a7e68322f2bc8bacce7a728700b8dc374dc1de2c366f4a3285a98e,8e35ff5371a7e68322f2bc8bacce7a728700b8dc374dc1de2c366f4a3285a98e,19
provenance/source-snapshot.json,Provenance and validation evidence,new integration file,Created for independent SurfSmooth3D extraction,new packaging/test/documentation; no imported numerical algorithm replaced,Audit/reproducibility records; not numerical runtime.,Package-specific records and copied attribution/history; not a BIE computational dependency.,New/generated integration artifact; not a duplicated BIE runtime algorithm.,Extraction audit record: source snapshot.,"Record exact origins, working-tree state, hashes, mechanical changes, dependency configuration and test outcomes.",,19e7fa2a57991e7a8a244b00a5c5f5e3aa96f738cf95275e43ef47a7ab2e41ef,19
provenance/step-imports.json,Provenance and validation evidence,new integration file,Created for independent SurfSmooth3D extraction,new packaging/test/documentation; no imported numerical algorithm replaced,Audit/reproducibility records; not numerical runtime.,Package-specific records and copied attribution/history; not a BIE computational dependency.,New/generated integration artifact; not a duplicated BIE runtime algorithm.,Extraction audit record: step imports.,"Record exact origins, working-tree state, hashes, mechanical changes, dependency configuration and test outcomes.",,8cce9e7f432975869e0c5f5519b7b3e4a4161defebf392b2a129f97b77b7035f,19
provenance/step-validation.json,Provenance and validation evidence,new integration file,Created for independent SurfSmooth3D extraction,new packaging/test/documentation; no imported numerical algorithm replaced,Audit/reproducibility records; not numerical runtime.,Package-specific records and copied attribution/history; not a BIE computational dependency.,New/generated integration artifact; not a duplicated BIE runtime algorithm.,Extraction audit record: step validation.,"Record exact origins, working-tree state, hashes, mechanical changes, dependency configuration and test outcomes.",,7c1e058c1f0939141d4c6a02115a75bd91019e58b31f3edf47dea13fb3dba9e4,19
provenance/step_mesher-working-tree.patch,Provenance and validation evidence,new integration file,Created for independent SurfSmooth3D extraction,new packaging/test/documentation; no imported numerical algorithm replaced,Audit/reproducibility records; not numerical runtime.,Package-specific records and copied attribution/history; not a BIE computational dependency.,New/generated integration artifact; not a duplicated BIE runtime algorithm.,Extraction audit record: step mesher working tree.,"Record exact origins, working-tree state, hashes, mechanical changes, dependency configuration and test outcomes.",,32c8b7e69126bcb256e87357a21ca4656335c57838c8b5b8c41f88280963c537,19
provenance/verify_sources.py,Provenance and validation evidence,new integration file,Created for independent SurfSmooth3D extraction,new packaging/test/documentation; no imported numerical algorithm replaced,Audit/reproducibility records; not numerical runtime.,Package-specific records and copied attribution/history; not a BIE computational dependency.,New/generated integration artifact; not a duplicated BIE runtime algorithm.,Check the sealed import hashes and optionally verify original source snapshots remain unchanged.,"Record exact origins, working-tree state, hashes, mechanical changes, dependency configuration and test outcomes.",,d0672d085d7e584b749152cd671a404d9dfb8c24e08ca5edb28d5ab276210dd8,19
src/multiscale_mesher/ModType_Smooth_Surface.f90,Fortran smoothing core,sealed import,tools/fmm3dbie/src/multiscale_mesher/ModType_Smooth_Surface.f90,identical,Required for the complete native smoother; diagnostic-only files identified separately.,Smoother ownership: no non-smoother BIE source callers found; remove from BIE only with its build/API/example cleanup.,Original retained for comparison; not evidence that BIE needs this as a runtime dependency.,"Shared smoother data types for fixed CAD sources, scaffold, launch state and output geometry.","Generate the smooth surface from CAD quadrature and a launch scaffold; implement sigma, Newton projection and refinement.",bb19ff0958641392e0f5b52a8aa9daf05d491e9d63414ba41d2dd0e2bc9a1b55,bb19ff0958641392e0f5b52a8aa9daf05d491e9d63414ba41d2dd0e2bc9a1b55,01
src/multiscale_mesher/Mod_Adaptive_Blend_Surface.f90,Fortran smoothing core,sealed import,tools/fmm3dbie/src/multiscale_mesher/Mod_Adaptive_Blend_Surface.f90,identical,Required for the complete native smoother; diagnostic-only files identified separately.,Smoother ownership: no non-smoother BIE source callers found; remove from BIE only with its build/API/example cleanup.,Original retained for comparison; not evidence that BIE needs this as a runtime dependency.,Native session backend for adaptive blending: open/get/refine/project/sigma/close. Blending orchestration remains MATLAB.,"Generate the smooth surface from CAD quadrature and a launch scaffold; implement sigma, Newton projection and refinement.",1ea63acec5df63994dd5f18736df32104e854773a71dfa46aef2a1610f28735c,1ea63acec5df63994dd5f18736df32104e854773a71dfa46aef2a1610f28735c,01
src/multiscale_mesher/Mod_Adaptive_Smooth_Surface.f90,Fortran smoothing core,sealed import,tools/fmm3dbie/src/multiscale_mesher/Mod_Adaptive_Smooth_Surface.f90,identical,Required for the complete native smoother; diagnostic-only files identified separately.,Smoother ownership: no non-smoother BIE source callers found; remove from BIE only with its build/API/example cleanup.,Original retained for comparison; not evidence that BIE needs this as a runtime dependency.,"Adaptive full smoothing, coefficient-tail/independent checks, leaf refinement and outputs.","Generate the smooth surface from CAD quadrature and a launch scaffold; implement sigma, Newton projection and refinement.",862e42d722596ab47de516b2dbe5cdfd01106194b83511b5a5391e9a573a1756,862e42d722596ab47de516b2dbe5cdfd01106194b83511b5a5391e9a573a1756,01
src/multiscale_mesher/Mod_Fast_Sigma.f90,Fortran smoothing core,sealed import,tools/fmm3dbie/src/multiscale_mesher/Mod_Fast_Sigma.f90,identical,Required for the complete native smoother; diagnostic-only files identified separately.,Smoother ownership: no non-smoother BIE source callers found; remove from BIE only with its build/API/example cleanup.,Original retained for comparison; not evidence that BIE needs this as a runtime dependency.,"Construct/evaluate smoothing length sigma and its gradient, including the reviewed sigma modes.","Generate the smooth surface from CAD quadrature and a launch scaffold; implement sigma, Newton projection and refinement.",c10f5a831f0638149d1d2decc11103c40bd172b7daaa702267d3db2a424028cf,c10f5a831f0638149d1d2decc11103c40bd172b7daaa702267d3db2a424028cf,01
src/multiscale_mesher/Mod_Feval.f90,Fortran smoothing core,sealed import,tools/fmm3dbie/src/multiscale_mesher/Mod_Feval.f90,identical,Required for the complete native smoother; diagnostic-only files identified separately.,Smoother ownership: no non-smoother BIE source callers found; remove from BIE only with its build/API/example cleanup.,Original retained for comparison; not evidence that BIE needs this as a runtime dependency.,Evaluate the regularized level-set field and derivatives used by projection.,"Generate the smooth surface from CAD quadrature and a launch scaffold; implement sigma, Newton projection and refinement.",a736961bbe83eada4ac1edb0b57c6d30c1210ad01e3cc7988a8f180f35bf7ea4,a736961bbe83eada4ac1edb0b57c6d30c1210ad01e3cc7988a8f180f35bf7ea4,01
src/multiscale_mesher/Mod_Plot_Tools_sigma.f90,Fortran smoothing core,sealed import,tools/fmm3dbie/src/multiscale_mesher/Mod_Plot_Tools_sigma.f90,identical,"Optional legacy diagnostics, retained and compiled; no active plotting calls found. Sigma module USE remains in main source.",Smoother ownership: no non-smoother BIE source callers found; remove from BIE only with its build/API/example cleanup.,Original retained for comparison; not evidence that BIE needs this as a runtime dependency.,"Legacy sigma/tree plotting diagnostics; kept with the original module group, not called by current workflows.","Generate the smooth surface from CAD quadrature and a launch scaffold; implement sigma, Newton projection and refinement.",ec7671a464f54aec3dd578023b7b411d7c98149d3fa0efdedbbbb0d7f6d40716,ec7671a464f54aec3dd578023b7b411d7c98149d3fa0efdedbbbb0d7f6d40716,01
src/multiscale_mesher/Mod_Smooth_Surface.f90,Fortran smoothing core,sealed import,tools/fmm3dbie/src/multiscale_mesher/Mod_Smooth_Surface.f90,identical,Required for the complete native smoother; diagnostic-only files identified separately.,Smoother ownership: no non-smoother BIE source callers found; remove from BIE only with its build/API/example cleanup.,Original retained for comparison; not evidence that BIE needs this as a runtime dependency.,"One/two-stage Newton projection, launch-scaffold updates, guards and refinement while preserving fixed CAD sources.","Generate the smooth surface from CAD quadrature and a launch scaffold; implement sigma, Newton projection and refinement.",cd1f4c4d15c09d65a3916e07f949e30ce99c171783d0a5295d6891b8563645af,cd1f4c4d15c09d65a3916e07f949e30ce99c171783d0a5295d6891b8563645af,01
src/multiscale_mesher/Mod_TreeLRD.f90,Fortran smoothing core,sealed import,tools/fmm3dbie/src/multiscale_mesher/Mod_TreeLRD.f90,identical,Required for the complete native smoother; diagnostic-only files identified separately.,Smoother ownership: no non-smoother BIE source callers found; remove from BIE only with its build/API/example cleanup.,Original retained for comparison; not evidence that BIE needs this as a runtime dependency.,Spatial tree supporting the smoother sigma field; not the BIE near-quadrature tree.,"Generate the smooth surface from CAD quadrature and a launch scaffold; implement sigma, Newton projection and refinement.",62656db7bf2e583a9ac122e055fd8d0c03541a11e417061d73de9fdcc960922b,62656db7bf2e583a9ac122e055fd8d0c03541a11e417061d73de9fdcc960922b,01
src/multiscale_mesher/cisurf_loadmsh.f90,Fortran smoothing core,sealed import,tools/fmm3dbie/src/multiscale_mesher/cisurf_loadmsh.f90,identical,Required for the complete native smoother; diagnostic-only files identified separately.,Smoother ownership: no non-smoother BIE source callers found; remove from BIE only with its build/API/example cleanup.,Original retained for comparison; not evidence that BIE needs this as a runtime dependency.,Load supported scaffold mesh formats and write smoother geometry outputs.,"Generate the smooth surface from CAD quadrature and a launch scaffold; implement sigma, Newton projection and refinement.",9dab9de9e3fc816a27a0b3e596c6037df8d66b0665bf9b507009dc57354e212c,9dab9de9e3fc816a27a0b3e596c6037df8d66b0665bf9b507009dc57354e212c,01
src/multiscale_mesher/cisurf_plottools.f90,Fortran smoothing core,sealed import,tools/fmm3dbie/src/multiscale_mesher/cisurf_plottools.f90,identical,"Optional legacy diagnostics, retained and compiled; no active plotting calls found. Sigma module USE remains in main source.",Smoother ownership: no non-smoother BIE source callers found; remove from BIE only with its build/API/example cleanup.,Original retained for comparison; not evidence that BIE needs this as a runtime dependency.,Legacy geometry/VTK plotting helpers; retained to preserve the original diagnostic API.,"Generate the smooth surface from CAD quadrature and a launch scaffold; implement sigma, Newton projection and refinement.",62b544216858b3c50c927ba07b746f3ca1408a531440d15c990d998e0a7e27ac,62b544216858b3c50c927ba07b746f3ca1408a531440d15c990d998e0a7e27ac,01
src/multiscale_mesher/cisurf_skeleton.f90,Fortran smoothing core,sealed import,tools/fmm3dbie/src/multiscale_mesher/cisurf_skeleton.f90,identical,Required for the complete native smoother; diagnostic-only files identified separately.,Smoother ownership: no non-smoother BIE source callers found; remove from BIE only with its build/API/example cleanup.,Original retained for comparison; not evidence that BIE needs this as a runtime dependency.,Load/build fixed CAD quadrature skeleton and scaffold sources.,"Generate the smooth surface from CAD quadrature and a launch scaffold; implement sigma, Newton projection and refinement.",b85a25d157433fb7b2513b80a95a79bde455d311a180e690c12a7d67ea7b38e8,b85a25d157433fb7b2513b80a95a79bde455d311a180e690c12a7d67ea7b38e8,01
src/multiscale_mesher/cisurf_tritools.f90,Fortran smoothing core,sealed import,tools/fmm3dbie/src/multiscale_mesher/cisurf_tritools.f90,identical,Required for the complete native smoother; diagnostic-only files identified separately.,Smoother ownership: no non-smoother BIE source callers found; remove from BIE only with its build/API/example cleanup.,Original retained for comparison; not evidence that BIE needs this as a runtime dependency.,"Triangle interpolation/quadrature/refinement utilities used by the smoother, retained as a whole original file.","Generate the smooth surface from CAD quadrature and a launch scaffold; implement sigma, Newton projection and refinement.",fb5af8edd829dbe8f6a5955e101cad4f1368d18ca1842df73fc4a702a654677c,fb5af8edd829dbe8f6a5955e101cad4f1368d18ca1842df73fc4a702a654677c,01
src/multiscale_mesher/surface_smoother.f90,Fortran smoothing core,sealed import,tools/fmm3dbie/src/multiscale_mesher/surface_smoother.f90,identical,Required for the complete native smoother; diagnostic-only files identified separately.,Smoother ownership: no non-smoother BIE source callers found; remove from BIE only with its build/API/example cleanup.,Original retained for comparison; not evidence that BIE needs this as a runtime dependency.,"Public file-based smoother and sigma entry points, filetype dispatch and Fortran C-string adapters.","Generate the smooth surface from CAD quadrature and a launch scaffold; implement sigma, Newton projection and refinement.",a9eb3fb90719b7f244b08a29fb32385e8dd23417c4f5c1c2db0346579f13b980,a9eb3fb90719b7f244b08a29fb32385e8dd23417c4f5c1c2db0346579f13b980,01
src/multiscale_mesher/tfmm_setsub.f,Fortran smoothing core,sealed import,tools/fmm3dbie/src/multiscale_mesher/tfmm_setsub.f,identical,Required for the complete native smoother; diagnostic-only files identified separately.,Smoother ownership: no non-smoother BIE source callers found; remove from BIE only with its build/API/example cleanup.,Original retained for comparison; not evidence that BIE needs this as a runtime dependency.,"Smoother FMM adapter, near corrections and regularized small-distance kernel; calls external FMM3D.","Generate the smooth surface from CAD quadrature and a launch scaffold; implement sigma, Newton projection and refinement.",f04ccd25c339e749bc558bb7505466a017adab779a7b5f936dbefae90fddf86c,f04ccd25c339e749bc558bb7505466a017adab779a7b5f936dbefae90fddf86c,01
src/special_functions/koorn-uvs-dat.txt,Shared active Fortran mathematics/support,sealed import,tools/fmm3dbie/src/tria_routs/koorn-uvs-dat.txt,identical,Required source/data group; choose the matching native or MATLAB BLAS adapter.,Retain in BIE or replace both copies with a shared dependency; GO3 consumption still needs these operations.,Intentional shared source/API copy; BIE keeps its version. Some optional methods/support retained conservatively.,Tabulated RV triangle nodes included by koornexps.f90.,"Supply polynomial quadrature/transforms, matrix ABI adapters and set/sort operations without linking the BIE library.",1e3d01cf781aa8e61249907a0553dcf2d61fd8ae772a109cb6ef30c3baa919b0,1e3d01cf781aa8e61249907a0553dcf2d61fd8ae772a109cb6ef30c3baa919b0,02
src/special_functions/koorn-wts-dat.txt,Shared active Fortran mathematics/support,sealed import,tools/fmm3dbie/src/tria_routs/koorn-wts-dat.txt,identical,Required source/data group; choose the matching native or MATLAB BLAS adapter.,Retain in BIE or replace both copies with a shared dependency; GO3 consumption still needs these operations.,Intentional shared source/API copy; BIE keeps its version. Some optional methods/support retained conservatively.,Tabulated RV triangle quadrature weights included by koornexps.f90.,"Supply polynomial quadrature/transforms, matrix ABI adapters and set/sort operations without linking the BIE library.",f12f10152dc5c989b1d60a7e688c01b91745fe791173f1c376be6d0c1862693b,f12f10152dc5c989b1d60a7e688c01b91745fe791173f1c376be6d0c1862693b,02
src/special_functions/koornexps.f90,Shared active Fortran mathematics/support,sealed import,tools/fmm3dbie/src/tria_routs/koornexps.f90,identical,Required source/data group; choose the matching native or MATLAB BLAS adapter.,Retain in BIE or replace both copies with a shared dependency; GO3 consumption still needs these operations.,Intentional shared source/API copy; BIE keeps its version. Some optional methods/support retained conservatively.,Koornwinder polynomial evaluation/transforms and Vioreanu-Rokhlin triangle quadrature.,"Supply polynomial quadrature/transforms, matrix ABI adapters and set/sort operations without linking the BIE library.",79c643f1d11534dfc1de43140081245b7468664a0b2b3ac96831e33940f8a1d0,79c643f1d11534dfc1de43140081245b7468664a0b2b3ac96831e33940f8a1d0,02
src/special_functions/legeexps.f,Uncompiled FMM helper reference copies,sealed import,tools/fmm3dbie/FMM3D/src/Common/legeexps.f,identical,Not required as local source for current builds; excluded from compilation.,Both packages obtain these routines from FMM3D; do not create a second compiled provider.,Reference-only duplication of external FMM source; not compiled here.,Uncompiled reference copy of Legendre routines currently provided by external FMM3D.,Preserve the exact Legendre and diagnostic-printing source reference used in the original FMM-linked build.,0a6bb06d0ab8e2f4b61755b74cfa118309a0edbd0a78cf873ded3785b177d8ab,0a6bb06d0ab8e2f4b61755b74cfa118309a0edbd0a78cf873ded3785b177d8ab,03
src/special_functions/prini.f,Uncompiled FMM helper reference copies,sealed import,tools/fmm3dbie/FMM3D/src/Common/prini.f,identical,Not required as local source for current builds; excluded from compilation.,Both packages obtain these routines from FMM3D; do not create a second compiled provider.,Reference-only duplication of external FMM source; not compiled here.,Uncompiled reference copy of diagnostic printing routines currently provided by external FMM3D; not a special-function algorithm.,Preserve the exact Legendre and diagnostic-printing source reference used in the original FMM-linked build.,fd075175a8aa170e58ebef2561d4aaeb1e17d1b2139c3559cba5d6df7906ef24,fd075175a8aa170e58ebef2561d4aaeb1e17d1b2139c3559cba5d6df7906ef24,03
src/support/lapack_wrap.f90,Shared active Fortran mathematics/support,sealed import,tools/fmm3dbie/src/common/lapack_wrap.f90,identical,Required source/data group; choose the matching native or MATLAB BLAS adapter.,Retain in BIE or replace both copies with a shared dependency; GO3 consumption still needs these operations.,Intentional shared source/API copy; BIE keeps its version. Some optional methods/support retained conservatively.,BLAS/LAPACK adapter for the native build integer ABI.,"Supply polynomial quadrature/transforms, matrix ABI adapters and set/sort operations without linking the BIE library.",c543af97b78acba24ef71dd580aa4d5558eae9b8f00815e008e4de41e3f16320,c543af97b78acba24ef71dd580aa4d5558eae9b8f00815e008e4de41e3f16320,02
src/support/lapack_wrap_64.f90,Shared active Fortran mathematics/support,sealed import,tools/fmm3dbie/src/common/lapack_wrap_64.f90,identical,Required source/data group; choose the matching native or MATLAB BLAS adapter.,Retain in BIE or replace both copies with a shared dependency; GO3 consumption still needs these operations.,Intentional shared source/API copy; BIE keeps its version. Some optional methods/support retained conservatively.,BLAS/LAPACK adapter for MATLAB 64-bit library integer ABI.,"Supply polynomial quadrature/transforms, matrix ABI adapters and set/sort operations without linking the BIE library.",97e7e87d082869e14fb7f30ae33f9e9b6c76c737df63aa117584707b126cbb35,97e7e87d082869e14fb7f30ae33f9e9b6c76c737df63aa117584707b126cbb35,02
src/support/setops.f,Shared active Fortran mathematics/support,sealed import,tools/fmm3dbie/src/common/setops.f,identical,Required source/data group; choose the matching native or MATLAB BLAS adapter.,Retain in BIE or replace both copies with a shared dependency; GO3 consumption still needs these operations.,Intentional shared source/API copy; BIE keeps its version. Some optional methods/support retained conservatively.,Integer set operations used by the FMM adapter and by BIE near processing.,"Supply polynomial quadrature/transforms, matrix ABI adapters and set/sort operations without linking the BIE library.",0ede5379afe2d719f6523ee1ab9bb2a843ed14dc5d56dd82420012bd769caea8,0ede5379afe2d719f6523ee1ab9bb2a843ed14dc5d56dd82420012bd769caea8,02
src/support/sort.f,Shared active Fortran mathematics/support,sealed import,tools/fmm3dbie/src/common/sort.f,identical,Required source/data group; choose the matching native or MATLAB BLAS adapter.,Retain in BIE or replace both copies with a shared dependency; GO3 consumption still needs these operations.,Intentional shared source/API copy; BIE keeps its version. Some optional methods/support retained conservatively.,Sorting/index permutation utilities used by both smoother and BIE algorithms.,"Supply polynomial quadrature/transforms, matrix ABI adapters and set/sort operations without linking the BIE library.",b3d5c1351758976be122ffa2becdc14da0e2c66fbbdbf00de7d68f71bc261a54,b3d5c1351758976be122ffa2becdc14da0e2c66fbbdbf00de7d68f71bc261a54,02
step_mesher/CMakeLists.txt,"STEP build, dependency setup and documentation",sealed import,step_mesher_cpp_matlab_astra_v3/CMakeLists.txt,mechanical changes,"Build/development/documentation only; Python is optional dependency-bootstrap tooling, not meshing runtime.","STEP V3 integration, not a BIE runtime dependency.",Original retained for comparison; not evidence that BIE needs this as a runtime dependency.,"Build/link/install native STEP library, CLI, helper, MEX and CTest checks.",Build and install the C++/MATLAB STEP component against a consistent Gmsh/OCCT prefix; document its contract.,f8c091ff59c813505f71d9f6ea42ab109bcf409cf740449dc92a025949b63c56,1422aedfdbc9da865f2b840c79e3bcb59993d69dae21b0866ba5710df80a3ac4,13
step_mesher/README.md,"STEP build, dependency setup and documentation",sealed import,step_mesher_cpp_matlab_astra_v3/README.md,mechanical changes,"Build/development/documentation only; Python is optional dependency-bootstrap tooling, not meshing runtime.","STEP V3 integration, not a BIE runtime dependency.",Original retained for comparison; not evidence that BIE needs this as a runtime dependency.,Document STEP setup and usage.,Build and install the C++/MATLAB STEP component against a consistent Gmsh/OCCT prefix; document its contract.,45662e4597d5ab513176af0b9e10b8eb1dc31127e1856d8fd4bb7d4b5ed44057,1adb00fa1f27fcdba8bdda1f90fc015610b792cae9ac5a5b7af63b6d28555781,13
step_mesher/cmake/CheckFrozenOperation.cmake,Tests and validation runners,new integration file,Created for independent SurfSmooth3D extraction,new packaging/test/documentation; no imported numerical algorithm replaced,Test-only; not required for installed production use.,Smoother tests follow the smoother; interop tests exercise unchanged BIE externally. BIE retains its own solver tests.,New/generated integration artifact; not a duplicated BIE runtime algorithm.,Run frozen native OCCT operations against portable historical requests and expected responses.,"Preserve regressions and verify extraction parity, fixed sources, MATLAB/native interfaces and GO3 interoperability.",,6d3fbb15112bac87aa0ea194f19410bb0423d0d64a97b12deadf5970d03791de,15
step_mesher/cmake/CheckRetention.cmake,Tests and validation runners,new integration file,Created for independent SurfSmooth3D extraction,new packaging/test/documentation; no imported numerical algorithm replaced,Test-only; not required for installed production use.,Smoother tests follow the smoother; interop tests exercise unchanged BIE externally. BIE retains its own solver tests.,New/generated integration artifact; not a duplicated BIE runtime algorithm.,Check native OCCT operations retain their results after Gmsh fragmentation.,"Preserve regressions and verify extraction parity, fixed sources, MATLAB/native interfaces and GO3 interoperability.",,0f7590642ff32ee2be9bef3b2e26a044e4b421d93b8a3bd89518e1e099c66b0f,15
step_mesher/cmake/FindGmsh.cmake,"STEP build, dependency setup and documentation",sealed import,step_mesher_cpp_matlab_astra_v3/cmake/FindGmsh.cmake,identical,"Build/development/documentation only; Python is optional dependency-bootstrap tooling, not meshing runtime.","STEP V3 integration, not a BIE runtime dependency.",Original retained for comparison; not evidence that BIE needs this as a runtime dependency.,Locate the Gmsh headers/library in the selected dependency prefix.,Build and install the C++/MATLAB STEP component against a consistent Gmsh/OCCT prefix; document its contract.,cf424635b5c2daf40e5ee40fb42657e7ee050f3c4f19fcbf09f345643e8155d9,cf424635b5c2daf40e5ee40fb42657e7ee050f3c4f19fcbf09f345643e8155d9,13
step_mesher/cpp/include/step_mesher/mesh_result.hpp,STEP native implementation,sealed import,step_mesher_cpp_matlab_astra_v3/cpp/include/step_mesher/mesh_result.hpp,identical,Needed for included STEP generation; not needed when supplying an existing CAD package.,"Imported from the separate STEP V3 project, not from BIE; BIE needs neither this code nor CAD dependencies for GO3 input.",Original retained for comparison; not evidence that BIE needs this as a runtime dependency.,Native mesh-result data structures.,"Read CAD, retain native OCCT identity, mesh using Gmsh, sample/project geometry and expose CLI/MEX entry points.",e30fb2e39ef0366ed016dfd357f38e93c62118a6afbc2bb799bf5d88a0e41aa8,e30fb2e39ef0366ed016dfd357f38e93c62118a6afbc2bb799bf5d88a0e41aa8,11
step_mesher/cpp/include/step_mesher/mesher.hpp,STEP native implementation,sealed import,step_mesher_cpp_matlab_astra_v3/cpp/include/step_mesher/mesher.hpp,identical,Needed for included STEP generation; not needed when supplying an existing CAD package.,"Imported from the separate STEP V3 project, not from BIE; BIE needs neither this code nor CAD dependencies for GO3 input.",Original retained for comparison; not evidence that BIE needs this as a runtime dependency.,Public native mesher interface.,"Read CAD, retain native OCCT identity, mesh using Gmsh, sample/project geometry and expose CLI/MEX entry points.",e0f9473efe3da5022d6fc7853cdef216edd1ff7b36ec4563d314a2f0682828b6,e0f9473efe3da5022d6fc7853cdef216edd1ff7b36ec4563d314a2f0682828b6,11
step_mesher/cpp/include/step_mesher/occ_context.hpp,STEP native implementation,sealed import,step_mesher_cpp_matlab_astra_v3/cpp/include/step_mesher/occ_context.hpp,identical,Needed for included STEP generation; not needed when supplying an existing CAD package.,"Imported from the separate STEP V3 project, not from BIE; BIE needs neither this code nor CAD dependencies for GO3 input.",Original retained for comparison; not evidence that BIE needs this as a runtime dependency.,Public retained CAD-context interface.,"Read CAD, retain native OCCT identity, mesh using Gmsh, sample/project geometry and expose CLI/MEX entry points.",a4f3827ef3a2d349f146f109ab0736d66bd5eb2e18ad8c6f1b5f8f0a7923b05e,a4f3827ef3a2d349f146f109ab0736d66bd5eb2e18ad8c6f1b5f8f0a7923b05e,11
step_mesher/cpp/include/step_mesher/options.hpp,STEP native implementation,sealed import,step_mesher_cpp_matlab_astra_v3/cpp/include/step_mesher/options.hpp,identical,Needed for included STEP generation; not needed when supplying an existing CAD package.,"Imported from the separate STEP V3 project, not from BIE; BIE needs neither this code nor CAD dependencies for GO3 input.",Original retained for comparison; not evidence that BIE needs this as a runtime dependency.,Native mesher options and defaults.,"Read CAD, retain native OCCT identity, mesh using Gmsh, sample/project geometry and expose CLI/MEX entry points.",240302c4b5388b8fa20de0a09cad5c4cc27c97e04efa6b7ea937668ad5e4dfbe,240302c4b5388b8fa20de0a09cad5c4cc27c97e04efa6b7ea937668ad5e4dfbe,11
step_mesher/cpp/include/step_mesher/sample_nodes.hpp,STEP native implementation,sealed import,step_mesher_cpp_matlab_astra_v3/cpp/include/step_mesher/sample_nodes.hpp,identical,Needed for included STEP generation; not needed when supplying an existing CAD package.,"Imported from the separate STEP V3 project, not from BIE; BIE needs neither this code nor CAD dependencies for GO3 input.",Original retained for comparison; not evidence that BIE needs this as a runtime dependency.,Reference-node sampling declarations.,"Read CAD, retain native OCCT identity, mesh using Gmsh, sample/project geometry and expose CLI/MEX entry points.",c52db08b70e23d5ef250b8519561ca84e13ab762a505fbc99debbb221d030e3c,c52db08b70e23d5ef250b8519561ca84e13ab762a505fbc99debbb221d030e3c,11
step_mesher/cpp/src/cli.cpp,STEP native implementation,sealed import,step_mesher_cpp_matlab_astra_v3/cpp/src/cli.cpp,identical,Needed for the native command-line mesher; not required by MATLAB STEP generation.,"Imported from the separate STEP V3 project, not from BIE; BIE needs neither this code nor CAD dependencies for GO3 input.",Original retained for comparison; not evidence that BIE needs this as a runtime dependency.,STEP command-line entry point for native meshing and export.,"Read CAD, retain native OCCT identity, mesh using Gmsh, sample/project geometry and expose CLI/MEX entry points.",8530dc11e221dcfd0467366b388a51ca34aec58e06b157331249037e21fb2e3d,8530dc11e221dcfd0467366b388a51ca34aec58e06b157331249037e21fb2e3d,11
step_mesher/cpp/src/mesher.cpp,STEP native implementation,sealed import,step_mesher_cpp_matlab_astra_v3/cpp/src/mesher.cpp,mechanical changes,Needed for included STEP generation; not needed when supplying an existing CAD package.,"Imported from the separate STEP V3 project, not from BIE; BIE needs neither this code nor CAD dependencies for GO3 input.",Original retained for comparison; not evidence that BIE needs this as a runtime dependency.,"Gmsh/OCCT meshing, feature handling and surface sampling implementation.","Read CAD, retain native OCCT identity, mesh using Gmsh, sample/project geometry and expose CLI/MEX entry points.",3bb2183ad64b1ebece85c29cff59a4c53458d88b21d4af170310f06554556d9d,cde6c5840b428bb5b7c45ac0830b8f6dd9cce9c94c8c0dec5a38914d3c298e29,11
step_mesher/cpp/src/occ_context.cpp,STEP native implementation,sealed import,step_mesher_cpp_matlab_astra_v3/cpp/src/occ_context.cpp,identical,Needed for included STEP generation; not needed when supplying an existing CAD package.,"Imported from the separate STEP V3 project, not from BIE; BIE needs neither this code nor CAD dependencies for GO3 input.",Original retained for comparison; not evidence that BIE needs this as a runtime dependency.,Retain original native CAD topology/identity and service CAD operations.,"Read CAD, retain native OCCT identity, mesh using Gmsh, sample/project geometry and expose CLI/MEX entry points.",5188045873cb887fce6fa31f3e04bc8dd9889b990a0626e7ebab7dff0073cf3f,5188045873cb887fce6fa31f3e04bc8dd9889b990a0626e7ebab7dff0073cf3f,11
step_mesher/cpp/src/occ_info.cpp,STEP native implementation,sealed import,step_mesher_cpp_matlab_astra_v3/cpp/src/occ_info.cpp,identical,"Owned native helper/compatibility executable; its presence/path participates in backend selection, so it is not safely discardable as unused.","Imported from the separate STEP V3 project, not from BIE; BIE needs neither this code nor CAD dependencies for GO3 input.",Original retained for comparison; not evidence that BIE needs this as a runtime dependency.,Owned OCCT helper executable and CAD-operation command-line interface.,"Read CAD, retain native OCCT identity, mesh using Gmsh, sample/project geometry and expose CLI/MEX entry points.",756c847a794c668f4abf353989037fad91d0a884ec169352f4af9b823ce472c6,756c847a794c668f4abf353989037fad91d0a884ec169352f4af9b823ce472c6,11
step_mesher/cpp/src/occ_operation.hpp,STEP native implementation,sealed import,step_mesher_cpp_matlab_astra_v3/cpp/src/occ_operation.hpp,identical,Needed for included STEP generation; not needed when supplying an existing CAD package.,"Imported from the separate STEP V3 project, not from BIE; BIE needs neither this code nor CAD dependencies for GO3 input.",Original retained for comparison; not evidence that BIE needs this as a runtime dependency.,Shared internal operation dispatch used by the native CAD context/helper.,"Read CAD, retain native OCCT identity, mesh using Gmsh, sample/project geometry and expose CLI/MEX entry points.",a30bd551b2541f5a23120d0756a9deeb9a77a5ce372980b3080b0c7d59b37e6f,a30bd551b2541f5a23120d0756a9deeb9a77a5ce372980b3080b0c7d59b37e6f,11
step_mesher/cpp/src/sample_nodes.cpp,STEP native implementation,sealed import,step_mesher_cpp_matlab_astra_v3/cpp/src/sample_nodes.cpp,identical,Needed for included STEP generation; not needed when supplying an existing CAD package.,"Imported from the separate STEP V3 project, not from BIE; BIE needs neither this code nor CAD dependencies for GO3 input.",Original retained for comparison; not evidence that BIE needs this as a runtime dependency.,Generate the reference sampling nodes used by the native mesher.,"Read CAD, retain native OCCT identity, mesh using Gmsh, sample/project geometry and expose CLI/MEX entry points.",aa5b9b2b8e64617e70caa01319896d348fabc6b4555b7e5ba6b3671fbf0bad3e,aa5b9b2b8e64617e70caa01319896d348fabc6b4555b7e5ba6b3671fbf0bad3e,11
step_mesher/cpp/tests/native_contract.cpp,Tests and validation runners,sealed import,step_mesher_cpp_matlab_astra_v3/cpp/tests/native_contract.cpp,identical,Test-only; not required for installed production use.,Smoother tests follow the smoother; interop tests exercise unchanged BIE externally. BIE retains its own solver tests.,Original retained for comparison; not evidence that BIE needs this as a runtime dependency.,Regression/diagnostic check: native contract.,"Preserve regressions and verify extraction parity, fixed sources, MATLAB/native interfaces and GO3 interoperability.",730ff4eaf5bb761effb3e5e86c9017bcb8c6174107bad2efcaa1b7932d92cb08,730ff4eaf5bb761effb3e5e86c9017bcb8c6174107bad2efcaa1b7932d92cb08,15
step_mesher/cpp/tests/occ_context_probe.cpp,Tests and validation runners,sealed import,step_mesher_cpp_matlab_astra_v3/cpp/tests/occ_context_probe.cpp,identical,Test-only; not required for installed production use.,Smoother tests follow the smoother; interop tests exercise unchanged BIE externally. BIE retains its own solver tests.,Original retained for comparison; not evidence that BIE needs this as a runtime dependency.,Regression/diagnostic check: occ context probe.,"Preserve regressions and verify extraction parity, fixed sources, MATLAB/native interfaces and GO3 interoperability.",a60aee40939e6caf372250a8fc2f75f0b406ae7b8239816e61a91c376da82da1,a60aee40939e6caf372250a8fc2f75f0b406ae7b8239816e61a91c376da82da1,15
step_mesher/cpp/tests/occ_context_probe.hpp,Tests and validation runners,sealed import,step_mesher_cpp_matlab_astra_v3/cpp/tests/occ_context_probe.hpp,identical,Test-only; not required for installed production use.,Smoother tests follow the smoother; interop tests exercise unchanged BIE externally. BIE retains its own solver tests.,Original retained for comparison; not evidence that BIE needs this as a runtime dependency.,Regression/diagnostic check: occ context probe.,"Preserve regressions and verify extraction parity, fixed sources, MATLAB/native interfaces and GO3 interoperability.",9a358b461b5fe3d4a7aacac91491c3c0a320bcf96244a5d8e9d028a351fb5815,9a358b461b5fe3d4a7aacac91491c3c0a320bcf96244a5d8e9d028a351fb5815,15
step_mesher/cpp/tests/occ_context_probe_mex.cpp,Tests and validation runners,sealed import,step_mesher_cpp_matlab_astra_v3/cpp/tests/occ_context_probe_mex.cpp,identical,Test-only; not required for installed production use.,Smoother tests follow the smoother; interop tests exercise unchanged BIE externally. BIE retains its own solver tests.,Original retained for comparison; not evidence that BIE needs this as a runtime dependency.,Regression/diagnostic check: occ context probe mex.,"Preserve regressions and verify extraction parity, fixed sources, MATLAB/native interfaces and GO3 interoperability.",78ac1ec6c7abd724c994fc458cf055717fdc98b91bf4523e78e6b5777d642b54,78ac1ec6c7abd724c994fc458cf055717fdc98b91bf4523e78e6b5777d642b54,15
step_mesher/cpp/tests/smoke.cpp,Tests and validation runners,sealed import,step_mesher_cpp_matlab_astra_v3/cpp/tests/smoke.cpp,identical,Test-only; not required for installed production use.,Smoother tests follow the smoother; interop tests exercise unchanged BIE externally. BIE retains its own solver tests.,Original retained for comparison; not evidence that BIE needs this as a runtime dependency.,Regression/diagnostic check: smoke.,"Preserve regressions and verify extraction parity, fixed sources, MATLAB/native interfaces and GO3 interoperability.",2d33fd4c8dd37d56c159489bdf8028296109a8d218505db9f7b37397a69a7274,2d33fd4c8dd37d56c159489bdf8028296109a8d218505db9f7b37397a69a7274,15
step_mesher/cpp/tests/test_occ_context.cpp,Tests and validation runners,sealed import,step_mesher_cpp_matlab_astra_v3/cpp/tests/test_occ_context.cpp,identical,Test-only; not required for installed production use.,Smoother tests follow the smoother; interop tests exercise unchanged BIE externally. BIE retains its own solver tests.,Original retained for comparison; not evidence that BIE needs this as a runtime dependency.,Regression/diagnostic check: test occ context.,"Preserve regressions and verify extraction parity, fixed sources, MATLAB/native interfaces and GO3 interoperability.",e2035fc71f3208d9a9a81e9a51c65e3edfe81c03d865e83a2803f183bb5ff863,e2035fc71f3208d9a9a81e9a51c65e3edfe81c03d865e83a2803f183bb5ff863,15
step_mesher/cpp/tests/test_occ_frozen.cpp,Tests and validation runners,sealed import,step_mesher_cpp_matlab_astra_v3/cpp/tests/test_occ_frozen.cpp,identical,Test-only; not required for installed production use.,Smoother tests follow the smoother; interop tests exercise unchanged BIE externally. BIE retains its own solver tests.,Original retained for comparison; not evidence that BIE needs this as a runtime dependency.,Regression/diagnostic check: test occ frozen.,"Preserve regressions and verify extraction parity, fixed sources, MATLAB/native interfaces and GO3 interoperability.",8d04f508c491b5fe832b3ae185d393a200f54fbd855b2f887e7ae1b12082f3f8,8d04f508c491b5fe832b3ae185d393a200f54fbd855b2f887e7ae1b12082f3f8,15
step_mesher/cpp/tests/test_occ_import_equivalence.cpp,Tests and validation runners,sealed import,step_mesher_cpp_matlab_astra_v3/cpp/tests/test_occ_import_equivalence.cpp,identical,Test-only; not required for installed production use.,Smoother tests follow the smoother; interop tests exercise unchanged BIE externally. BIE retains its own solver tests.,Original retained for comparison; not evidence that BIE needs this as a runtime dependency.,Regression/diagnostic check: test occ import equivalence.,"Preserve regressions and verify extraction parity, fixed sources, MATLAB/native interfaces and GO3 interoperability.",585ba0e9b734bdd97249507b13272b01001326d1524ec6c3ba4c301ec048945d,585ba0e9b734bdd97249507b13272b01001326d1524ec6c3ba4c301ec048945d,15
step_mesher/cpp/tests/test_occ_retention.cpp,Tests and validation runners,sealed import,step_mesher_cpp_matlab_astra_v3/cpp/tests/test_occ_retention.cpp,identical,Test-only; not required for installed production use.,Smoother tests follow the smoother; interop tests exercise unchanged BIE externally. BIE retains its own solver tests.,Original retained for comparison; not evidence that BIE needs this as a runtime dependency.,Regression/diagnostic check: test occ retention.,"Preserve regressions and verify extraction parity, fixed sources, MATLAB/native interfaces and GO3 interoperability.",673f12eab4f612e537a23c80378ff8267066c1b699c78f3a505ba554a058cb8f,673f12eab4f612e537a23c80378ff8267066c1b699c78f3a505ba554a058cb8f,15
step_mesher/dependencies.lock.json,"STEP build, dependency setup and documentation",sealed import,step_mesher_cpp_matlab_astra_v3/dependencies.lock.json,identical,"Build/development/documentation only; Python is optional dependency-bootstrap tooling, not meshing runtime.","STEP V3 integration, not a BIE runtime dependency.",Original retained for comparison; not evidence that BIE needs this as a runtime dependency.,Record Gmsh/OCCT versions and archive verification data for reproducible CAD builds.,Build and install the C++/MATLAB STEP component against a consistent Gmsh/OCCT prefix; document its contract.,7ce3b615b3722a400b85e4da4dccf50174e2fce256932333991e10ca0f5b3409,7ce3b615b3722a400b85e4da4dccf50174e2fce256932333991e10ca0f5b3409,13
step_mesher/docs/V3_NATIVE_IDENTITY_MIGRATION.md,"STEP build, dependency setup and documentation",sealed import,step_mesher_cpp_matlab_astra_v3/docs/V3_NATIVE_IDENTITY_MIGRATION.md,mechanical changes,"Build/development/documentation only; Python is optional dependency-bootstrap tooling, not meshing runtime.","STEP V3 integration, not a BIE runtime dependency.",Original retained for comparison; not evidence that BIE needs this as a runtime dependency.,Preserve the native OCCT identity/context design and migration contract.,Build and install the C++/MATLAB STEP component against a consistent Gmsh/OCCT prefix; document its contract.,94e6f53ca343c0b5544cadc6f6d714588d5c1a62144b1f79c90fddea4c1cfae7,708aaa688ab61627cf26bcb13dee34de710b1b911723057213cd7cb507f7c9f2,13
step_mesher/examples/step_files/Multi_res.step,Geometry and archived-operation fixtures,sealed import,step_mesher_cpp_matlab_astra_v3/examples/step_files/Multi_res.step,identical,Test/example data; no requirement that end users mesh these models.,No production BIE dependency; either project may retain relevant regression fixtures. Some copies/duplicates are intentional.,Portable regression copy/generated fixture; retain where tests need it. Two CAD resolutions intentionally repeat identical scaffold/edge files.,Original STEP V3 example model for meshing/accuracy regression.,"Supply portable known CAD, scaffold, sphere and archived STEP responses for examples and regression checks.",0d680f5cb4325983df5c3e660a702798e2803bf5bb58657475956a0c90f8878a,0d680f5cb4325983df5c3e660a702798e2803bf5bb58657475956a0c90f8878a,16
step_mesher/examples/step_files/Multiscale_step.step,Geometry and archived-operation fixtures,sealed import,step_mesher_cpp_matlab_astra_v3/examples/step_files/Multiscale_step.step,identical,Test/example data; no requirement that end users mesh these models.,No production BIE dependency; either project may retain relevant regression fixtures. Some copies/duplicates are intentional.,Portable regression copy/generated fixture; retain where tests need it. Two CAD resolutions intentionally repeat identical scaffold/edge files.,Original STEP V3 example model for meshing/accuracy regression.,"Supply portable known CAD, scaffold, sphere and archived STEP responses for examples and regression checks.",7d5cbd0b3b9ce44c9b1432b46722872588b07f401133c355895756cc23bcb995,7d5cbd0b3b9ce44c9b1432b46722872588b07f401133c355895756cc23bcb995,16
step_mesher/examples/step_files/UV_curved_bezier.step,Geometry and archived-operation fixtures,sealed import,step_mesher_cpp_matlab_astra_v3/examples/step_files/UV_curved_bezier.step,identical,Test/example data; no requirement that end users mesh these models.,No production BIE dependency; either project may retain relevant regression fixtures. Some copies/duplicates are intentional.,Portable regression copy/generated fixture; retain where tests need it. Two CAD resolutions intentionally repeat identical scaffold/edge files.,Original STEP V3 example model for meshing/accuracy regression.,"Supply portable known CAD, scaffold, sphere and archived STEP responses for examples and regression checks.",2d2d19f85a01645904343ded35000f6b18b0b4ae3bc2585cefc5e158a8a52be2,2d2d19f85a01645904343ded35000f6b18b0b4ae3bc2585cefc5e158a8a52be2,16
step_mesher/examples/step_files/cylinder_bezier_v2.step,Geometry and archived-operation fixtures,sealed import,step_mesher_cpp_matlab_astra_v3/examples/step_files/cylinder_bezier_v2.step,identical,Test/example data; no requirement that end users mesh these models.,No production BIE dependency; either project may retain relevant regression fixtures. Some copies/duplicates are intentional.,Portable regression copy/generated fixture; retain where tests need it. Two CAD resolutions intentionally repeat identical scaffold/edge files.,Original STEP V3 example model for meshing/accuracy regression.,"Supply portable known CAD, scaffold, sphere and archived STEP responses for examples and regression checks.",adccaf84597bafed5a058603782a3c2d81015b906e24e4c822ad6e8284fe06b5,adccaf84597bafed5a058603782a3c2d81015b906e24e4c822ad6e8284fe06b5,16
step_mesher/examples/step_files/intersection_two_balls.step,Geometry and archived-operation fixtures,sealed import,step_mesher_cpp_matlab_astra_v3/examples/step_files/intersection_two_balls.step,identical,Test/example data; no requirement that end users mesh these models.,No production BIE dependency; either project may retain relevant regression fixtures. Some copies/duplicates are intentional.,Portable regression copy/generated fixture; retain where tests need it. Two CAD resolutions intentionally repeat identical scaffold/edge files.,Original STEP V3 example model for meshing/accuracy regression.,"Supply portable known CAD, scaffold, sphere and archived STEP responses for examples and regression checks.",3bc6c4260937cecc9cc3c5edd8944382b8c3808764150a36f03179e7c3bde922,3bc6c4260937cecc9cc3c5edd8944382b8c3808764150a36f03179e7c3bde922,16
step_mesher/examples/step_files/piecewise_bezier_cap.step,Geometry and archived-operation fixtures,sealed import,step_mesher_cpp_matlab_astra_v3/examples/step_files/piecewise_bezier_cap.step,identical,Test/example data; no requirement that end users mesh these models.,No production BIE dependency; either project may retain relevant regression fixtures. Some copies/duplicates are intentional.,Portable regression copy/generated fixture; retain where tests need it. Two CAD resolutions intentionally repeat identical scaffold/edge files.,Original STEP V3 example model for meshing/accuracy regression.,"Supply portable known CAD, scaffold, sphere and archived STEP responses for examples and regression checks.",3dedaf886a79a8ff76a7fd6c8e02b0b128734094537537a38b00d1ff41b37ef0,3dedaf886a79a8ff76a7fd6c8e02b0b128734094537537a38b00d1ff41b37ef0,16
step_mesher/examples/step_files/spheres_intersect.step,Geometry and archived-operation fixtures,sealed import,step_mesher_cpp_matlab_astra_v3/examples/step_files/spheres_intersect.step,identical,Test/example data; no requirement that end users mesh these models.,No production BIE dependency; either project may retain relevant regression fixtures. Some copies/duplicates are intentional.,Portable regression copy/generated fixture; retain where tests need it. Two CAD resolutions intentionally repeat identical scaffold/edge files.,Original STEP V3 example model for meshing/accuracy regression.,"Supply portable known CAD, scaffold, sphere and archived STEP responses for examples and regression checks.",4191aca2216065a863ed30ab75a70264449af1584df41036f0ff445b37cb4e84,4191aca2216065a863ed30ab75a70264449af1584df41036f0ff445b37cb4e84,16
step_mesher/examples/step_files/test_curved_uv.step,Geometry and archived-operation fixtures,sealed import,step_mesher_cpp_matlab_astra_v3/examples/step_files/test_curved_uv.step,identical,Test/example data; no requirement that end users mesh these models.,No production BIE dependency; either project may retain relevant regression fixtures. Some copies/duplicates are intentional.,Portable regression copy/generated fixture; retain where tests need it. Two CAD resolutions intentionally repeat identical scaffold/edge files.,Original STEP V3 example model for meshing/accuracy regression.,"Supply portable known CAD, scaffold, sphere and archived STEP responses for examples and regression checks.",3430c9a9162a525972954fa2c622ecff4e40a46c6fe957d49b7f9d45f6cf10f2,3430c9a9162a525972954fa2c622ecff4e40a46c6fe957d49b7f9d45f6cf10f2,16
step_mesher/examples/step_files/test_geometry_1.step,Geometry and archived-operation fixtures,sealed import,step_mesher_cpp_matlab_astra_v3/examples/step_files/test_geometry_1.step,identical,Test/example data; no requirement that end users mesh these models.,No production BIE dependency; either project may retain relevant regression fixtures. Some copies/duplicates are intentional.,Portable regression copy/generated fixture; retain where tests need it. Two CAD resolutions intentionally repeat identical scaffold/edge files.,Original STEP V3 example model for meshing/accuracy regression.,"Supply portable known CAD, scaffold, sphere and archived STEP responses for examples and regression checks.",f017cabc80d19839da5fd6e34c1ac0de8c9f3525000a9f5556d110eb914c6ac3,f017cabc80d19839da5fd6e34c1ac0de8c9f3525000a9f5556d110eb914c6ac3,16
step_mesher/examples/step_files/test_geometry_2.step,Geometry and archived-operation fixtures,sealed import,step_mesher_cpp_matlab_astra_v3/examples/step_files/test_geometry_2.step,identical,Test/example data; no requirement that end users mesh these models.,No production BIE dependency; either project may retain relevant regression fixtures. Some copies/duplicates are intentional.,Portable regression copy/generated fixture; retain where tests need it. Two CAD resolutions intentionally repeat identical scaffold/edge files.,Original STEP V3 example model for meshing/accuracy regression.,"Supply portable known CAD, scaffold, sphere and archived STEP responses for examples and regression checks.",cda96a574504e72f5b6003ed741b7ec1b8640dc6e0927f9407873ff4cbe1c276,cda96a574504e72f5b6003ed741b7ec1b8640dc6e0927f9407873ff4cbe1c276,16
step_mesher/examples/step_files/test_geometry_manas.step,Geometry and archived-operation fixtures,sealed import,step_mesher_cpp_matlab_astra_v3/examples/step_files/test_geometry_manas.step,identical,Test/example data; no requirement that end users mesh these models.,No production BIE dependency; either project may retain relevant regression fixtures. Some copies/duplicates are intentional.,Portable regression copy/generated fixture; retain where tests need it. Two CAD resolutions intentionally repeat identical scaffold/edge files.,Original STEP V3 example model for meshing/accuracy regression.,"Supply portable known CAD, scaffold, sphere and archived STEP responses for examples and regression checks.",dc8589a3d91f845ac25a21e5ff7edca21248afd95881c9361d579815863c74e1,dc8589a3d91f845ac25a21e5ff7edca21248afd95881c9361d579815863c74e1,16
step_mesher/examples/step_files/torus_ellipse.step,Geometry and archived-operation fixtures,sealed import,step_mesher_cpp_matlab_astra_v3/examples/step_files/torus_ellipse.step,identical,Test/example data; no requirement that end users mesh these models.,No production BIE dependency; either project may retain relevant regression fixtures. Some copies/duplicates are intentional.,Portable regression copy/generated fixture; retain where tests need it. Two CAD resolutions intentionally repeat identical scaffold/edge files.,Original STEP V3 example model for meshing/accuracy regression.,"Supply portable known CAD, scaffold, sphere and archived STEP responses for examples and regression checks.",d0aeb40ffc34e551cebd4353895fc051e4a1096dd9009c44a49f54fb07b6e2a9,d0aeb40ffc34e551cebd4353895fc051e4a1096dd9009c44a49f54fb07b6e2a9,16
step_mesher/mex/step_mesher_mex.cpp,STEP native implementation,sealed import,step_mesher_cpp_matlab_astra_v3/mex/step_mesher_mex.cpp,identical,Needed for MATLAB STEP generation; omitted in a native-only STEP build.,"Imported from the separate STEP V3 project, not from BIE; BIE needs neither this code nor CAD dependencies for GO3 input.",Original retained for comparison; not evidence that BIE needs this as a runtime dependency.,MATLAB gateway for the native C++ STEP mesher.,"Read CAD, retain native OCCT identity, mesh using Gmsh, sample/project geometry and expose CLI/MEX entry points.",f4a430b3da7aef6b8c8cd9d197690c0403bb7e3d1e5f809fd3acbd4a3c246261,f4a430b3da7aef6b8c8cd9d197690c0403bb7e3d1e5f809fd3acbd4a3c246261,11
step_mesher/tools/build_native_dependencies.py,"STEP build, dependency setup and documentation",sealed import,step_mesher_cpp_matlab_astra_v3/tools/build_native_dependencies.py,mechanical changes,"Build/development/documentation only; Python is optional dependency-bootstrap tooling, not meshing runtime.","STEP V3 integration, not a BIE runtime dependency.",Original retained for comparison; not evidence that BIE needs this as a runtime dependency.,Optional build-time bootstrap for the locked CAD dependencies; not a Python mesher runtime.,Build and install the C++/MATLAB STEP component against a consistent Gmsh/OCCT prefix; document its contract.,8082bd46c424af488aef9bd4c2de0ed9e5ce8cf7dcabd206bab311d9cdc9fd1a,a93373aa5516b7a2f546cd8bcaa82d32b676e0aede5815e7eedeec40849f5a26,13
tests/fixtures/cad/convergence_intersection_two_balls/p4_mf0p10000_rl0/edges_gll.txt,Geometry and archived-operation fixtures,additional copy,step_mesher_cpp_matlab/out/convergence_intersection_two_balls/p4_mf0p10000_rl0/edges_gll.txt,identical,Test/example data; no requirement that end users mesh these models.,No production BIE dependency; either project may retain relevant regression fixtures. Some copies/duplicates are intentional.,Portable regression copy/generated fixture; retain where tests need it. Two CAD resolutions intentionally repeat identical scaffold/edge files.,"Known CAD edge GLL quadrature, tangents and adjacency for blending tests.","Supply portable known CAD, scaffold, sphere and archived STEP responses for examples and regression checks.",0e4e42b3d721e0d3796934736c7a0044a91877e4acc3b2d658e9cebb03c54f31,0e4e42b3d721e0d3796934736c7a0044a91877e4acc3b2d658e9cebb03c54f31,16
tests/fixtures/cad/convergence_intersection_two_balls/p4_mf0p10000_rl0/metadata.txt,Geometry and archived-operation fixtures,additional copy,step_mesher_cpp_matlab/out/convergence_intersection_two_balls/p4_mf0p10000_rl0/metadata.txt,identical,Test/example data; no requirement that end users mesh these models.,No production BIE dependency; either project may retain relevant regression fixtures. Some copies/duplicates are intentional.,Portable regression copy/generated fixture; retain where tests need it. Two CAD resolutions intentionally repeat identical scaffold/edge files.,"Fixed CAD fixture metadata, including polynomial/refinement conventions.","Supply portable known CAD, scaffold, sphere and archived STEP responses for examples and regression checks.",f5a27fbef4998291859e8a9b9c022bc7621cb05f2a06d66efd757bffb8a70697,f5a27fbef4998291859e8a9b9c022bc7621cb05f2a06d66efd757bffb8a70697,16
tests/fixtures/cad/convergence_intersection_two_balls/p4_mf0p10000_rl0/scaffold.gidmsh,Geometry and archived-operation fixtures,additional copy,step_mesher_cpp_matlab/out/convergence_intersection_two_balls/p4_mf0p10000_rl0/scaffold.gidmsh,identical,Test/example data; no requirement that end users mesh these models.,No production BIE dependency; either project may retain relevant regression fixtures. Some copies/duplicates are intentional.,Portable regression copy/generated fixture; retain where tests need it. Two CAD resolutions intentionally repeat identical scaffold/edge files.,Known scaffold mesh for reproducible projection/refinement tests.,"Supply portable known CAD, scaffold, sphere and archived STEP responses for examples and regression checks.",5bf5b92c47a7119111bd518c538a783bac3abca18331b9bd6192e446acd660a3,5bf5b92c47a7119111bd518c538a783bac3abca18331b9bd6192e446acd660a3,16
tests/fixtures/cad/convergence_intersection_two_balls/p4_mf0p10000_rl0/surface.go3,Geometry and archived-operation fixtures,additional copy,step_mesher_cpp_matlab/out/convergence_intersection_two_balls/p4_mf0p10000_rl0/surface.go3,identical,Test/example data; no requirement that end users mesh these models.,No production BIE dependency; either project may retain relevant regression fixtures. Some copies/duplicates are intentional.,Portable regression copy/generated fixture; retain where tests need it. Two CAD resolutions intentionally repeat identical scaffold/edge files.,Fixed CAD polynomial surface input for resampling and edge-preserving tests.,"Supply portable known CAD, scaffold, sphere and archived STEP responses for examples and regression checks.",3602db4731098023b87978de72feee0370c8f932495f7d892c67574c82cd3358,3602db4731098023b87978de72feee0370c8f932495f7d892c67574c82cd3358,16
tests/fixtures/cad/convergence_intersection_two_balls/p8_mf0p10000_rl1/edges_gll.txt,Geometry and archived-operation fixtures,additional copy,step_mesher_cpp_matlab/out/convergence_intersection_two_balls/p8_mf0p10000_rl1/edges_gll.txt,identical,Test/example data; no requirement that end users mesh these models.,No production BIE dependency; either project may retain relevant regression fixtures. Some copies/duplicates are intentional.,Portable regression copy/generated fixture; retain where tests need it. Two CAD resolutions intentionally repeat identical scaffold/edge files.,"Known CAD edge GLL quadrature, tangents and adjacency for blending tests.","Supply portable known CAD, scaffold, sphere and archived STEP responses for examples and regression checks.",0e4e42b3d721e0d3796934736c7a0044a91877e4acc3b2d658e9cebb03c54f31,0e4e42b3d721e0d3796934736c7a0044a91877e4acc3b2d658e9cebb03c54f31,16
tests/fixtures/cad/convergence_intersection_two_balls/p8_mf0p10000_rl1/metadata.txt,Geometry and archived-operation fixtures,additional copy,step_mesher_cpp_matlab/out/convergence_intersection_two_balls/p8_mf0p10000_rl1/metadata.txt,identical,Test/example data; no requirement that end users mesh these models.,No production BIE dependency; either project may retain relevant regression fixtures. Some copies/duplicates are intentional.,Portable regression copy/generated fixture; retain where tests need it. Two CAD resolutions intentionally repeat identical scaffold/edge files.,"Fixed CAD fixture metadata, including polynomial/refinement conventions.","Supply portable known CAD, scaffold, sphere and archived STEP responses for examples and regression checks.",32e96f51fa8818ea7f0cf05f4e37c55e0af48f75de2d7b6c7e278a6e1cd36ec9,32e96f51fa8818ea7f0cf05f4e37c55e0af48f75de2d7b6c7e278a6e1cd36ec9,16
tests/fixtures/cad/convergence_intersection_two_balls/p8_mf0p10000_rl1/scaffold.gidmsh,Geometry and archived-operation fixtures,additional copy,step_mesher_cpp_matlab/out/convergence_intersection_two_balls/p8_mf0p10000_rl1/scaffold.gidmsh,identical,Test/example data; no requirement that end users mesh these models.,No production BIE dependency; either project may retain relevant regression fixtures. Some copies/duplicates are intentional.,Portable regression copy/generated fixture; retain where tests need it. Two CAD resolutions intentionally repeat identical scaffold/edge files.,Known scaffold mesh for reproducible projection/refinement tests.,"Supply portable known CAD, scaffold, sphere and archived STEP responses for examples and regression checks.",5bf5b92c47a7119111bd518c538a783bac3abca18331b9bd6192e446acd660a3,5bf5b92c47a7119111bd518c538a783bac3abca18331b9bd6192e446acd660a3,16
tests/fixtures/cad/convergence_intersection_two_balls/p8_mf0p10000_rl1/surface.go3,Geometry and archived-operation fixtures,additional copy,step_mesher_cpp_matlab/out/convergence_intersection_two_balls/p8_mf0p10000_rl1/surface.go3,identical,Test/example data; no requirement that end users mesh these models.,No production BIE dependency; either project may retain relevant regression fixtures. Some copies/duplicates are intentional.,Portable regression copy/generated fixture; retain where tests need it. Two CAD resolutions intentionally repeat identical scaffold/edge files.,Fixed CAD polynomial surface input for resampling and edge-preserving tests.,"Supply portable known CAD, scaffold, sphere and archived STEP responses for examples and regression checks.",724eb053c05a08b97ef0b74522fffdfd63be96ad4e208b9cc69056eb241fe1a0,724eb053c05a08b97ef0b74522fffdfd63be96ad4e208b9cc69056eb241fe1a0,16
tests/fixtures/cylinder/cylinder.gidmsh,Geometry and archived-operation fixtures,sealed import,tools/fmm3dbie/geometries/meshes/cylinder.gidmsh,identical,Test/example data; no requirement that end users mesh these models.,No production BIE dependency; either project may retain relevant regression fixtures. Some copies/duplicates are intentional.,Portable regression copy/generated fixture; retain where tests need it. Two CAD resolutions intentionally repeat identical scaffold/edge files.,Known scaffold mesh for reproducible projection/refinement tests.,"Supply portable known CAD, scaffold, sphere and archived STEP responses for examples and regression checks.",561d33c69c2d0c3934bd1d799b59ca8b044193c3819541d2fde368c4406af05d,561d33c69c2d0c3934bd1d799b59ca8b044193c3819541d2fde368c4406af05d,16
tests/fixtures/cylinder/cylinder_skeleton.txt,Geometry and archived-operation fixtures,sealed import,tools/fmm3dbie/geometries/meshes/cylinder_skeleton.txt,identical,Test/example data; no requirement that end users mesh these models.,No production BIE dependency; either project may retain relevant regression fixtures. Some copies/duplicates are intentional.,Portable regression copy/generated fixture; retain where tests need it. Two CAD resolutions intentionally repeat identical scaffold/edge files.,Known CAD quadrature skeleton fixture for fixed-source native tests.,"Supply portable known CAD, scaffold, sphere and archived STEP responses for examples and regression checks.",d2bc72f2e7fe2068eb9b0b2f1253a5967aa26f971d8a4ea0a987c994d11201dc,d2bc72f2e7fe2068eb9b0b2f1253a5967aa26f971d8a4ea0a987c994d11201dc,16
tests/fixtures/spheres/sphere_offset_na1_p4.go3,Geometry and archived-operation fixtures,generated fixture,"tools/fmm3dbie/matlab/+geometries/sphere.m; geometries.sphere(4,1,[30;-20;10],4,1); edgepreserve.write_go3",generated output; generator not imported,Test/example data; no requirement that end users mesh these models.,No production BIE dependency; either project may retain relevant regression fixtures. Some copies/duplicates are intentional.,Portable regression copy/generated fixture; retain where tests need it. Two CAD resolutions intentionally repeat identical scaffold/edge files.,Precomputed sphere GO3 geometry for independent MATLAB tests without the BIE analytic generator.,"Supply portable known CAD, scaffold, sphere and archived STEP responses for examples and regression checks.",,7ad45bfd94065b3bf67628203a97073bff0a21d915ae097c082b7f50d9ee8ddf,16
tests/fixtures/spheres/sphere_unit_na2_p10.go3,Geometry and archived-operation fixtures,generated fixture,"tools/fmm3dbie/matlab/+geometries/sphere.m; geometries.sphere(1,2,[0;0;0],10,1); edgepreserve.write_go3",generated output; generator not imported,Test/example data; no requirement that end users mesh these models.,No production BIE dependency; either project may retain relevant regression fixtures. Some copies/duplicates are intentional.,Portable regression copy/generated fixture; retain where tests need it. Two CAD resolutions intentionally repeat identical scaffold/edge files.,Precomputed sphere GO3 geometry for independent MATLAB tests without the BIE analytic generator.,"Supply portable known CAD, scaffold, sphere and archived STEP responses for examples and regression checks.",,1b38c126cf2ca544a9ef97af9d0ff0b8ccf579e8de902fd9ba6c8fb4306df367,16
tests/fixtures/spheres/sphere_unit_na2_p8.go3,Geometry and archived-operation fixtures,generated fixture,"tools/fmm3dbie/matlab/+geometries/sphere.m; geometries.sphere(1,2,[0;0;0],8,1); edgepreserve.write_go3",generated output; generator not imported,Test/example data; no requirement that end users mesh these models.,No production BIE dependency; either project may retain relevant regression fixtures. Some copies/duplicates are intentional.,Portable regression copy/generated fixture; retain where tests need it. Two CAD resolutions intentionally repeat identical scaffold/edge files.,Precomputed sphere GO3 geometry for independent MATLAB tests without the BIE analytic generator.,"Supply portable known CAD, scaffold, sphere and archived STEP responses for examples and regression checks.",,85d2965d4f65069df2581783d6ecbd0a87d672c6c7e9038c2db4643266679cf1,16
tests/fortran/test_adaptive_blend.f90,Tests and validation runners,sealed import,tools/fmm3dbie/test/multiscale_mesher/test_adaptive_blend.f90,identical,Test-only; not required for installed production use.,Smoother tests follow the smoother; interop tests exercise unchanged BIE externally. BIE retains its own solver tests.,Original retained for comparison; not evidence that BIE needs this as a runtime dependency.,Regression/diagnostic check: test adaptive blend.,"Preserve regressions and verify extraction parity, fixed sources, MATLAB/native interfaces and GO3 interoperability.",eb5738391746c77e6426a5e62a4dcaa3ee968f834f65eb0056ae8e5ee67483b2,eb5738391746c77e6426a5e62a4dcaa3ee968f834f65eb0056ae8e5ee67483b2,15
tests/fortran/test_adaptive_smoother.f90,Tests and validation runners,sealed import,tools/fmm3dbie/test/multiscale_mesher/test_adaptive_smoother.f90,identical,Test-only; not required for installed production use.,Smoother tests follow the smoother; interop tests exercise unchanged BIE externally. BIE retains its own solver tests.,Original retained for comparison; not evidence that BIE needs this as a runtime dependency.,Regression/diagnostic check: test adaptive smoother.,"Preserve regressions and verify extraction parity, fixed sources, MATLAB/native interfaces and GO3 interoperability.",5571c3a1587fd65995064044e9ae783c4d3eeb1bb2426eb1f58dbdcac7fbc069,5571c3a1587fd65995064044e9ae783c4d3eeb1bb2426eb1f58dbdcac7fbc069,15
tests/fortran/test_fixed_sources.f90,Tests and validation runners,sealed import,tools/fmm3dbie/test/multiscale_mesher/test_fixed_sources.f90,identical,Test-only; not required for installed production use.,Smoother tests follow the smoother; interop tests exercise unchanged BIE externally. BIE retains its own solver tests.,Original retained for comparison; not evidence that BIE needs this as a runtime dependency.,Regression/diagnostic check: test fixed sources.,"Preserve regressions and verify extraction parity, fixed sources, MATLAB/native interfaces and GO3 interoperability.",17871b197c2bb137ac0b2415cce6d45b5e056bdb309d7fecdccb79ea19a1c7c3,17871b197c2bb137ac0b2415cce6d45b5e056bdb309d7fecdccb79ea19a1c7c3,15
tests/fortran/test_newton_radius_guard.f90,Tests and validation runners,sealed import,tools/fmm3dbie/test/multiscale_mesher/test_newton_radius_guard.f90,identical,Test-only; not required for installed production use.,Smoother tests follow the smoother; interop tests exercise unchanged BIE externally. BIE retains its own solver tests.,Original retained for comparison; not evidence that BIE needs this as a runtime dependency.,Regression/diagnostic check: test newton radius guard.,"Preserve regressions and verify extraction parity, fixed sources, MATLAB/native interfaces and GO3 interoperability.",7aa1b4d316781ecd4ebc37bbcc3b00571b49dfabc5851935cf132046b0891f66,7aa1b4d316781ecd4ebc37bbcc3b00571b49dfabc5851935cf132046b0891f66,15
tests/fortran/test_sigma_modes.f90,Tests and validation runners,sealed import,tools/fmm3dbie/test/multiscale_mesher/test_sigma_modes.f90,identical,Test-only; not required for installed production use.,Smoother tests follow the smoother; interop tests exercise unchanged BIE externally. BIE retains its own solver tests.,Original retained for comparison; not evidence that BIE needs this as a runtime dependency.,Regression/diagnostic check: test sigma modes.,"Preserve regressions and verify extraction parity, fixed sources, MATLAB/native interfaces and GO3 interoperability.",244db5f392ef62cc71ac2b2b96ef07ae57d1bf20da4785032fc388cbc1a1c1a6,244db5f392ef62cc71ac2b2b96ef07ae57d1bf20da4785032fc388cbc1a1c1a6,15
tests/fortran/test_surfsmooth.c,Tests and validation runners,sealed import,tools/fmm3dbie/test/multiscale_mesher/test_surfsmooth.c,mechanical changes,Test-only; not required for installed production use.,Smoother tests follow the smoother; interop tests exercise unchanged BIE externally. BIE retains its own solver tests.,Original retained for comparison; not evidence that BIE needs this as a runtime dependency.,Regression/diagnostic check: test surfsmooth.,"Preserve regressions and verify extraction parity, fixed sources, MATLAB/native interfaces and GO3 interoperability.",1233350adc0f8cb78248dcb9515def9e8f6e4562cfd61e17aaf36b856e99439c,4defb1008948e0a3e5f4f07c2ea93d4702df452e7eafb433e39e402e9e0c02df,15
tests/fortran/test_surfsmooth.f90,Tests and validation runners,sealed import,tools/fmm3dbie/test/multiscale_mesher/test_surfsmooth.f90,mechanical changes,Test-only; not required for installed production use.,Smoother tests follow the smoother; interop tests exercise unchanged BIE externally. BIE retains its own solver tests.,Original retained for comparison; not evidence that BIE needs this as a runtime dependency.,Regression/diagnostic check: test surfsmooth.,"Preserve regressions and verify extraction parity, fixed sources, MATLAB/native interfaces and GO3 interoperability.",9a65922e2b75abd0586a9d01351050307b4d0e6c6559467a00c55e1410b82ba0,64e8db9db6600a98281e54e36b85aa9a9841676c20b65cde96ed093f4cbccc50,15
tests/interop/bie_read_go3.f90,Tests and validation runners,new integration file,Created for independent SurfSmooth3D extraction,new packaging/test/documentation; no imported numerical algorithm replaced,Test-only; not required for installed production use.,Smoother tests follow the smoother; interop tests exercise unchanged BIE externally. BIE retains its own solver tests.,New/generated integration artifact; not a duplicated BIE runtime algorithm.,Test consumer linked only to the original BIE library; reads GO3 and writes arrays for comparison.,"Preserve regressions and verify extraction parity, fixed sources, MATLAB/native interfaces and GO3 interoperability.",,8cbb28faca16b9e69e0fd2e0e44a06cddc75bbcc8fbb17d828fd317def21b0ad,15
tests/interop/capture_equivalence.m,Tests and validation runners,new integration file,Created for independent SurfSmooth3D extraction,new packaging/test/documentation; no imported numerical algorithm replaced,Test-only; not required for installed production use.,Smoother tests follow the smoother; interop tests exercise unchanged BIE externally. BIE retains its own solver tests.,New/generated integration artifact; not a duplicated BIE runtime algorithm.,Capture numerical results separately from original and extracted smoother workflows.,"Preserve regressions and verify extraction parity, fixed sources, MATLAB/native interfaces and GO3 interoperability.",,c53f4629b255662acda9686a11f0b5bf5d0c6e5337725ad2244030d0e083f401,15
tests/interop/compare_equivalence.m,Tests and validation runners,new integration file,Created for independent SurfSmooth3D extraction,new packaging/test/documentation; no imported numerical algorithm replaced,Test-only; not required for installed production use.,Comparison of previously captured result files; running the comparison itself needs neither old BIE runtime nor its solver.,New/generated integration artifact; not a duplicated BIE runtime algorithm.,Compare captured workflow arrays and exported files for extraction parity.,"Preserve regressions and verify extraction parity, fixed sources, MATLAB/native interfaces and GO3 interoperability.",,9e8a2576b0e2274e8ec95d942b68b55c733feb359244fb845df28bea6902d632,15
tests/interop/test_bie_consumer.m,Tests and validation runners,new integration file,Created for independent SurfSmooth3D extraction,new packaging/test/documentation; no imported numerical algorithm replaced,Test-only; not required for installed production use.,Smoother tests follow the smoother; interop tests exercise unchanged BIE externally. BIE retains its own solver tests.,New/generated integration artifact; not a duplicated BIE runtime algorithm.,Verify unchanged BIE solver consumption of an exported GO3 surface.,"Preserve regressions and verify extraction parity, fixed sources, MATLAB/native interfaces and GO3 interoperability.",,9352f46aee527346aad725e2b831259f4d534e5ba5bfa9a36b1cc901f084a3f9,15
tests/interop/test_bie_readers.m,Tests and validation runners,new integration file,Created for independent SurfSmooth3D extraction,new packaging/test/documentation; no imported numerical algorithm replaced,Test-only; not required for installed production use.,Smoother tests follow the smoother; interop tests exercise unchanged BIE externally. BIE retains its own solver tests.,New/generated integration artifact; not a duplicated BIE runtime algorithm.,Compare unchanged MATLAB/Fortran BIE GO3 reader results.,"Preserve regressions and verify extraction parity, fixed sources, MATLAB/native interfaces and GO3 interoperability.",,5db52a1eeee8d66215dce55ea64f660c4e07c3418527c4f5362b610ac030ebd1,15
tests/interop/test_gateway_coexistence.m,Tests and validation runners,new integration file,Created for independent SurfSmooth3D extraction,new packaging/test/documentation; no imported numerical algorithm replaced,Test-only; not required for installed production use.,Smoother tests follow the smoother; interop tests exercise unchanged BIE externally. BIE retains its own solver tests.,New/generated integration artifact; not a duplicated BIE runtime algorithm.,"Exercise old/new MATLAB gateway coexistence, path orders and independent sessions.","Preserve regressions and verify extraction parity, fixed sources, MATLAB/native interfaces and GO3 interoperability.",,72915a91d62398f819ed7370ff901b5a6265eab9c9ec0cf89b9e6bbdf9180daa,15
tests/interop/test_step_to_smoother.m,Tests and validation runners,new integration file,Created for independent SurfSmooth3D extraction,new packaging/test/documentation; no imported numerical algorithm replaced,Test-only; not required for installed production use.,Standalone installation/pipeline test explicitly excluding old BIE implementations from the MATLAB path.,New/generated integration artifact; not a duplicated BIE runtime algorithm.,Exercise STEP package generation through smoothing/blending and export.,"Preserve regressions and verify extraction parity, fixed sources, MATLAB/native interfaces and GO3 interoperability.",,01cc0502758a5e675ba2746af8824f6a7c444770719e8af07ff0fd4d3a27e5d5,15
tests/matlab/adaptive_blend_lock_baseline.m,Tests and validation runners,sealed import,tools/fmm3dbie/test/matlab/adaptive_blend_lock_baseline.m,mechanical changes,Test-only; not required for installed production use.,Smoother tests follow the smoother; interop tests exercise unchanged BIE externally. BIE retains its own solver tests.,Original retained for comparison; not evidence that BIE needs this as a runtime dependency.,Regression/diagnostic check: adaptive blend lock baseline.,"Preserve regressions and verify extraction parity, fixed sources, MATLAB/native interfaces and GO3 interoperability.",58c29e754edcc26ecfb94e2f5c3557615644eaad8677fab7a06d4c638f8a7c23,1750c1bd8a9ed28ecc843fbdcf08a8b9738b5bdd512294d83a25b9e9afaab0a7,15
tests/matlab/check_adaptive_code.m,Tests and validation runners,sealed import,tools/fmm3dbie/test/matlab/check_adaptive_code.m,mechanical changes,Test-only; not required for installed production use.,Smoother tests follow the smoother; interop tests exercise unchanged BIE externally. BIE retains its own solver tests.,Original retained for comparison; not evidence that BIE needs this as a runtime dependency.,Regression/diagnostic check: check adaptive code.,"Preserve regressions and verify extraction parity, fixed sources, MATLAB/native interfaces and GO3 interoperability.",9e45cbb9b04dc247cd29d37a4530c91a94f7bc104836fc8300e23bf4009ec98f,3a6feec10412e58bc28086786dd4abe78cbf8f2f5df722623c3ff6570492a4fb,15
tests/matlab/fixture_sphere.m,Tests and validation runners,new integration file,Created for independent SurfSmooth3D extraction,new packaging/test/documentation; no imported numerical algorithm replaced,Test-only; not required for installed production use.,Smoother tests follow the smoother; interop tests exercise unchanged BIE externally. BIE retains its own solver tests.,New/generated integration artifact; not a duplicated BIE runtime algorithm.,Load saved sphere GO3 fixtures instead of importing the BIE sphere generator.,"Preserve regressions and verify extraction parity, fixed sources, MATLAB/native interfaces and GO3 interoperability.",,9514980958ea396b584b6f660741c5abbba8ce9fb5db948499c1157402d63088,15
tests/matlab/run_surfsmooth3d_tests.m,Tests and validation runners,new integration file,Created for independent SurfSmooth3D extraction,new packaging/test/documentation; no imported numerical algorithm replaced,Test-only; not required for installed production use.,Smoother tests follow the smoother; interop tests exercise unchanged BIE externally. BIE retains its own solver tests.,New/generated integration artifact; not a duplicated BIE runtime algorithm.,Run the independent MATLAB test groups with package paths and fixtures.,"Preserve regressions and verify extraction parity, fixed sources, MATLAB/native interfaces and GO3 interoperability.",,10629e1be5e4b96e9acf6a851b1d089ca8092d01e27eb35bf06a49489ef147c4,15
tests/matlab/smoke_adaptive_blend_gui.m,Tests and validation runners,sealed import,tools/fmm3dbie/test/matlab/smoke_adaptive_blend_gui.m,mechanical changes,Test-only; not required for installed production use.,Smoother tests follow the smoother; interop tests exercise unchanged BIE externally. BIE retains its own solver tests.,Original retained for comparison; not evidence that BIE needs this as a runtime dependency.,Regression/diagnostic check: smoke adaptive blend gui.,"Preserve regressions and verify extraction parity, fixed sources, MATLAB/native interfaces and GO3 interoperability.",f0a5a1c752d71eb465570106c048091278acf5b4279bd12a5e968cc3a9abdcb1,010a5eb5f6eea45a0d34ecfb2993c684125e71391628e8584c917cb2baa2ef98,15
tests/matlab/smoke_adaptive_gui.m,Tests and validation runners,sealed import,tools/fmm3dbie/test/matlab/smoke_adaptive_gui.m,mechanical changes,Test-only; not required for installed production use.,Smoother tests follow the smoother; interop tests exercise unchanged BIE externally. BIE retains its own solver tests.,Original retained for comparison; not evidence that BIE needs this as a runtime dependency.,Regression/diagnostic check: smoke adaptive gui.,"Preserve regressions and verify extraction parity, fixed sources, MATLAB/native interfaces and GO3 interoperability.",b0373529887372b3b80790e7e623216873f7151f30e37cd1f305298fc1159d5f,82b75e6b607aa5d13e1c8bdf7799d2e145c1b66876f94538e506a8737f1462d0,15
tests/matlab/smoke_edgepreserve_gui_batch.m,Tests and validation runners,sealed import,tools/fmm3dbie/test/matlab/smoke_edgepreserve_gui_batch.m,mechanical changes,Test-only; not required for installed production use.,Smoother tests follow the smoother; interop tests exercise unchanged BIE externally. BIE retains its own solver tests.,Original retained for comparison; not evidence that BIE needs this as a runtime dependency.,Regression/diagnostic check: smoke edgepreserve gui batch.,"Preserve regressions and verify extraction parity, fixed sources, MATLAB/native interfaces and GO3 interoperability.",e50124ee07cfcbfccc6a1c6798d2591a307ea38d8573bd9c40bc8c07a836e44f,21b63bdabe567bbeb7ab47b7db66b1cc53c5e90c7e627399c9238238dead58f9,15
tests/matlab/smoke_edgepreserve_real_package.m,Tests and validation runners,sealed import,tools/fmm3dbie/test/matlab/smoke_edgepreserve_real_package.m,mechanical changes,Test-only; not required for installed production use.,Smoother tests follow the smoother; interop tests exercise unchanged BIE externally. BIE retains its own solver tests.,Original retained for comparison; not evidence that BIE needs this as a runtime dependency.,Regression/diagnostic check: smoke edgepreserve real package.,"Preserve regressions and verify extraction parity, fixed sources, MATLAB/native interfaces and GO3 interoperability.",c6bc9e7d1c0be33cf89779111a6f70cffb9c76c11cf391316aecfea16cd4eccd,fdc309507bd742b99965c31893d0003ecf90573e08e57b3c191c6511dd31357e,15
tests/matlab/smoke_newton_projection_failure_gui.m,Tests and validation runners,sealed import,tools/fmm3dbie/test/matlab/smoke_newton_projection_failure_gui.m,mechanical changes,Test-only; not required for installed production use.,Smoother tests follow the smoother; interop tests exercise unchanged BIE externally. BIE retains its own solver tests.,Original retained for comparison; not evidence that BIE needs this as a runtime dependency.,Regression/diagnostic check: smoke newton projection failure gui.,"Preserve regressions and verify extraction parity, fixed sources, MATLAB/native interfaces and GO3 interoperability.",c07b36f94637d09c1ea3b9888790d051605612ed71348b06b3423629044e3bad,9a727b071b99afb6f0184832c842bbf0e6089fd4aa9e1397fbcbf727c30e8ad8,15
tests/matlab/smoke_newton_radius_guard_gui.m,Tests and validation runners,sealed import,tools/fmm3dbie/test/matlab/smoke_newton_radius_guard_gui.m,mechanical changes,Test-only; not required for installed production use.,Smoother tests follow the smoother; interop tests exercise unchanged BIE externally. BIE retains its own solver tests.,Original retained for comparison; not evidence that BIE needs this as a runtime dependency.,Regression/diagnostic check: smoke newton radius guard gui.,"Preserve regressions and verify extraction parity, fixed sources, MATLAB/native interfaces and GO3 interoperability.",38c419925d464dd4d7966efd2b029798f9dffc830e16038d3f0245eb2f9af534,8050a5cd2a744bbca43bafaa009f3aa2e2ccb1a716f337ed207d7192b3a5f133,15
tests/matlab/smoke_sigma_modes_gui.m,Tests and validation runners,sealed import,tools/fmm3dbie/test/matlab/smoke_sigma_modes_gui.m,mechanical changes,Test-only; not required for installed production use.,Smoother tests follow the smoother; interop tests exercise unchanged BIE externally. BIE retains its own solver tests.,Original retained for comparison; not evidence that BIE needs this as a runtime dependency.,Regression/diagnostic check: smoke sigma modes gui.,"Preserve regressions and verify extraction parity, fixed sources, MATLAB/native interfaces and GO3 interoperability.",d76b2339c3309b834a717d8a26ba31319b7c64b352704ba5d3ab90927287bccf,2fed21dcbff98279ed360afccf83d2ad53df2ad2379df5643ef65daa0eda2a3f,15
tests/matlab/test_adaptive_accuracy.m,Tests and validation runners,sealed import,tools/fmm3dbie/test/matlab/test_adaptive_accuracy.m,mechanical changes,Test-only; not required for installed production use.,Smoother tests follow the smoother; interop tests exercise unchanged BIE externally. BIE retains its own solver tests.,Original retained for comparison; not evidence that BIE needs this as a runtime dependency.,Regression/diagnostic check: test adaptive accuracy.,"Preserve regressions and verify extraction parity, fixed sources, MATLAB/native interfaces and GO3 interoperability.",bd581834cfde92b16b2719e7adc34fa8b2d77467b2317c8f21bbd404504af6c0,5f7b5004d5eb76f3ab587b88f83f26634fca8c7e132dca5e3aed43920d34943f,15
tests/matlab/test_adaptive_blend.m,Tests and validation runners,sealed import,tools/fmm3dbie/test/matlab/test_adaptive_blend.m,mechanical changes,Test-only; not required for installed production use.,Smoother tests follow the smoother; interop tests exercise unchanged BIE externally. BIE retains its own solver tests.,Original retained for comparison; not evidence that BIE needs this as a runtime dependency.,Regression/diagnostic check: test adaptive blend.,"Preserve regressions and verify extraction parity, fixed sources, MATLAB/native interfaces and GO3 interoperability.",cce74b515c2cd158cf25d5c0028397dc7b95f84811ae20cbc44f6cd571f29638,3ecb358d1534c604922e9fa1b4f14868740dfc1113aeb51145a4de3b5ff76f0c,15
tests/matlab/test_adaptive_blend_accuracy.m,Tests and validation runners,sealed import,tools/fmm3dbie/test/matlab/test_adaptive_blend_accuracy.m,mechanical changes,Test-only; not required for installed production use.,Smoother tests follow the smoother; interop tests exercise unchanged BIE externally. BIE retains its own solver tests.,Original retained for comparison; not evidence that BIE needs this as a runtime dependency.,Regression/diagnostic check: test adaptive blend accuracy.,"Preserve regressions and verify extraction parity, fixed sources, MATLAB/native interfaces and GO3 interoperability.",898460385b841c6924ac93e518d39396d167d69465a29b0952427f29d6b2702f,cf46188c18079c7bd8fe11a333dc9e799d553c6662406a4486bff67f6a78f9bb,15
tests/matlab/test_adaptive_blend_math.m,Tests and validation runners,sealed import,tools/fmm3dbie/test/matlab/test_adaptive_blend_math.m,mechanical changes,Test-only; not required for installed production use.,Smoother tests follow the smoother; interop tests exercise unchanged BIE externally. BIE retains its own solver tests.,Original retained for comparison; not evidence that BIE needs this as a runtime dependency.,Regression/diagnostic check: test adaptive blend math.,"Preserve regressions and verify extraction parity, fixed sources, MATLAB/native interfaces and GO3 interoperability.",5abc0df004a0a8f2d21bdf7905ca49add71f2ec7011a6c9313903b73c4e87e8f,0c8ff69468f3945899fd90c34e6e1de9a0c6d2a3465689147ca241fa878c898e,15
tests/matlab/test_adaptive_reference_maps.m,Tests and validation runners,sealed import,tools/fmm3dbie/test/matlab/test_adaptive_reference_maps.m,mechanical changes,Test-only; not required for installed production use.,Smoother tests follow the smoother; interop tests exercise unchanged BIE externally. BIE retains its own solver tests.,Original retained for comparison; not evidence that BIE needs this as a runtime dependency.,Regression/diagnostic check: test adaptive reference maps.,"Preserve regressions and verify extraction parity, fixed sources, MATLAB/native interfaces and GO3 interoperability.",056825b74472346c4f673f37bbe9de62e60fe58d8928105aa5fc9c43711f67cf,405577fee0ee0fa1399968be03c9d62399fb6b4ef0aba087158f1f20dff3d588,15
tests/matlab/test_adaptive_smoother.m,Tests and validation runners,sealed import,tools/fmm3dbie/test/matlab/test_adaptive_smoother.m,mechanical changes,Test-only; not required for installed production use.,Smoother tests follow the smoother; interop tests exercise unchanged BIE externally. BIE retains its own solver tests.,Original retained for comparison; not evidence that BIE needs this as a runtime dependency.,Regression/diagnostic check: test adaptive smoother.,"Preserve regressions and verify extraction parity, fixed sources, MATLAB/native interfaces and GO3 interoperability.",7ac896f397bff49122e5d63a85819ec7cf324c5534eb27e8b1825b8b81b111d3,beedd37e388297ef80b712c0903afce7b6c78d1a9d67a2bff5cef0f4d44a304f,15
tests/matlab/test_edgepreserve_fixed_cad.m,Tests and validation runners,sealed import,tools/fmm3dbie/test/matlab/test_edgepreserve_fixed_cad.m,mechanical changes,Test-only; not required for installed production use.,Smoother tests follow the smoother; interop tests exercise unchanged BIE externally. BIE retains its own solver tests.,Original retained for comparison; not evidence that BIE needs this as a runtime dependency.,Regression/diagnostic check: test edgepreserve fixed cad.,"Preserve regressions and verify extraction parity, fixed sources, MATLAB/native interfaces and GO3 interoperability.",4e85c0bafbd1a0cd771f8bc3e89593441619d50e632e6f7d07a91db59bac1fa6,f9804889668cd19cbec6213718f1fba9138f66f92e331989fe66f03521f785ed,15
tests/matlab/test_newton_guard_batch.m,Tests and validation runners,sealed import,tools/fmm3dbie/test/matlab/test_newton_guard_batch.m,mechanical changes,Test-only; not required for installed production use.,Smoother tests follow the smoother; interop tests exercise unchanged BIE externally. BIE retains its own solver tests.,Original retained for comparison; not evidence that BIE needs this as a runtime dependency.,Regression/diagnostic check: test newton guard batch.,"Preserve regressions and verify extraction parity, fixed sources, MATLAB/native interfaces and GO3 interoperability.",c6522c694318bccaad7c2f6ae08c98f8572e01a451fe9431a8730ec1368738f3,ccd58d09c643b498c96dab80aabac56f7b1dd0a29c77b48698a04802de4a5833,15
tests/matlab/test_newton_projection_failure.m,Tests and validation runners,sealed import,tools/fmm3dbie/test/matlab/test_newton_projection_failure.m,mechanical changes,Test-only; not required for installed production use.,Smoother tests follow the smoother; interop tests exercise unchanged BIE externally. BIE retains its own solver tests.,Original retained for comparison; not evidence that BIE needs this as a runtime dependency.,Regression/diagnostic check: test newton projection failure.,"Preserve regressions and verify extraction parity, fixed sources, MATLAB/native interfaces and GO3 interoperability.",6155f81ee211a10707db0ad7895f6563d05e79921ef9d8fa5ee5b9cef7fc3855,65c16dece5416c11bd185a7b2b3c3d704c472ab6e6f4731acf182652c6b0d588,15
tests/matlab/test_newton_radius_guard.m,Tests and validation runners,sealed import,tools/fmm3dbie/test/matlab/test_newton_radius_guard.m,mechanical changes,Test-only; not required for installed production use.,Smoother tests follow the smoother; interop tests exercise unchanged BIE externally. BIE retains its own solver tests.,Original retained for comparison; not evidence that BIE needs this as a runtime dependency.,Regression/diagnostic check: test newton radius guard.,"Preserve regressions and verify extraction parity, fixed sources, MATLAB/native interfaces and GO3 interoperability.",481a356da7c8fbb057edfc480ded8f56fd01b0cdbd95872b375597fc52a5239f,b62a33be3f03cb4e9b78425bae66d36f355d92e4deaeebe7d75638627d451977,15
tests/matlab/test_sigma_modes.m,Tests and validation runners,sealed import,tools/fmm3dbie/test/matlab/test_sigma_modes.m,mechanical changes,Test-only; not required for installed production use.,Smoother tests follow the smoother; interop tests exercise unchanged BIE externally. BIE retains its own solver tests.,Original retained for comparison; not evidence that BIE needs this as a runtime dependency.,Regression/diagnostic check: test sigma modes.,"Preserve regressions and verify extraction parity, fixed sources, MATLAB/native interfaces and GO3 interoperability.",73e9f9451146a309269d9eb2cecf97df35e356f3bd3c48244821ce4c15caa1fb,7c18ae866c02354e8dbdd3f791c013a3364bf3cbba68baf9f6d6f24be44d3c0d,15
tests/step/fixtures/occ_operations/cad-measurements.expected.txt,Geometry and archived-operation fixtures,additional copy,step_mesher_cpp_matlab_astra_v3/build/native-identity-20260923/publication-20260923T230202Z-46601b23/prepared/evidence/results/archived-cli-p2-unsandboxed/UV_curved_bezier-occ/helper-io/1790196302842902000-cad-measurements/stdout.txt,identical,Test/example data; no requirement that end users mesh these models.,No production BIE dependency; either project may retain relevant regression fixtures. Some copies/duplicates are intentional.,Portable regression copy/generated fixture; retain where tests need it. Two CAD resolutions intentionally repeat identical scaffold/edge files.,Archived OCCT operation fixture or its portable provenance/map; protects native CAD behavior.,"Supply portable known CAD, scaffold, sphere and archived STEP responses for examples and regression checks.",332622a7e9f6cea3d7d8569e6eb090f06f22912ff7f114b0bfe204fb6f20edae,332622a7e9f6cea3d7d8569e6eb090f06f22912ff7f114b0bfe204fb6f20edae,16
tests/step/fixtures/occ_operations/edge-samples.expected.txt,Geometry and archived-operation fixtures,additional copy,step_mesher_cpp_matlab_astra_v3/build/native-identity-20260923/publication-20260923T230202Z-46601b23/prepared/evidence/results/archived-cli-p2-unsandboxed/UV_curved_bezier-occ/helper-io/1790196304930582000-edge-samples/response.txt,identical,Test/example data; no requirement that end users mesh these models.,No production BIE dependency; either project may retain relevant regression fixtures. Some copies/duplicates are intentional.,Portable regression copy/generated fixture; retain where tests need it. Two CAD resolutions intentionally repeat identical scaffold/edge files.,Archived OCCT operation fixture or its portable provenance/map; protects native CAD behavior.,"Supply portable known CAD, scaffold, sphere and archived STEP responses for examples and regression checks.",fde7bb3d29a858d939feb0c51c65b05b7ce0ec3707c9d190dfdaa1ac5ad32309,fde7bb3d29a858d939feb0c51c65b05b7ce0ec3707c9d190dfdaa1ac5ad32309,16
tests/step/fixtures/occ_operations/edge-samples.request.in,Geometry and archived-operation fixtures,adapted archived request,step_mesher_cpp_matlab_astra_v3/build/native-identity-20260923/publication-20260923T230202Z-46601b23/prepared/evidence/results/archived-cli-p2-unsandboxed/UV_curved_bezier-occ/helper-io/1790196304930582000-edge-samples/request.txt,only STEP path replaced by @STEP_FIXTURE_PATH@,Test/example data; no requirement that end users mesh these models.,No production BIE dependency; either project may retain relevant regression fixtures. Some copies/duplicates are intentional.,Portable regression copy/generated fixture; retain where tests need it. Two CAD resolutions intentionally repeat identical scaffold/edge files.,Archived OCCT operation fixture or its portable provenance/map; protects native CAD behavior.,"Supply portable known CAD, scaffold, sphere and archived STEP responses for examples and regression checks.",32daef22f6c52266c30292b73399c49a7b94f49713c8db93da6b479b08338a72,d312bc340ae7f7eea0504cadc8bd06979e6b2f9cdd3d8be23b3749e7b669d3dc,16
tests/step/fixtures/occ_operations/feature-nodes.expected.txt,Geometry and archived-operation fixtures,additional copy,step_mesher_cpp_matlab_astra_v3/build/native-identity-20260923/publication-20260923T230202Z-46601b23/prepared/evidence/results/archived-cli-p2-unsandboxed/UV_curved_bezier-occ/helper-io/1790196304277885000-feature-nodes/response.txt,identical,Test/example data; no requirement that end users mesh these models.,No production BIE dependency; either project may retain relevant regression fixtures. Some copies/duplicates are intentional.,Portable regression copy/generated fixture; retain where tests need it. Two CAD resolutions intentionally repeat identical scaffold/edge files.,Archived OCCT operation fixture or its portable provenance/map; protects native CAD behavior.,"Supply portable known CAD, scaffold, sphere and archived STEP responses for examples and regression checks.",1e77cab55afeaefb8b5146bf84108643b1946d3e70e13d2a4ecd9717bfb8c46b,1e77cab55afeaefb8b5146bf84108643b1946d3e70e13d2a4ecd9717bfb8c46b,16
tests/step/fixtures/occ_operations/feature-nodes.request.in,Geometry and archived-operation fixtures,adapted archived request,step_mesher_cpp_matlab_astra_v3/build/native-identity-20260923/publication-20260923T230202Z-46601b23/prepared/evidence/results/archived-cli-p2-unsandboxed/UV_curved_bezier-occ/helper-io/1790196304277885000-feature-nodes/request.txt,only STEP path replaced by @STEP_FIXTURE_PATH@,Test/example data; no requirement that end users mesh these models.,No production BIE dependency; either project may retain relevant regression fixtures. Some copies/duplicates are intentional.,Portable regression copy/generated fixture; retain where tests need it. Two CAD resolutions intentionally repeat identical scaffold/edge files.,Archived OCCT operation fixture or its portable provenance/map; protects native CAD behavior.,"Supply portable known CAD, scaffold, sphere and archived STEP responses for examples and regression checks.",5d961047c3fa2344bbb5b0ea617d22dbf65a1afbc6516c35ed3a4da1b9262983,3dc16ab80349d179688abf061d63e499ed32b2d9ab1b1b4a89620a7227e6d22b,16
tests/step/fixtures/occ_operations/feature-samples.expected.txt,Geometry and archived-operation fixtures,additional copy,step_mesher_cpp_matlab_astra_v3/build/native-identity-20260923/publication-20260923T230202Z-46601b23/prepared/evidence/results/archived-cli-p2-unsandboxed/UV_curved_bezier-occ/helper-io/1790196305587677000-feature-samples/response.txt,identical,Test/example data; no requirement that end users mesh these models.,No production BIE dependency; either project may retain relevant regression fixtures. Some copies/duplicates are intentional.,Portable regression copy/generated fixture; retain where tests need it. Two CAD resolutions intentionally repeat identical scaffold/edge files.,Archived OCCT operation fixture or its portable provenance/map; protects native CAD behavior.,"Supply portable known CAD, scaffold, sphere and archived STEP responses for examples and regression checks.",8db9652d2516a96181f8e461376a3d602eeefd745cc8f04e07ea77cfab030671,8db9652d2516a96181f8e461376a3d602eeefd745cc8f04e07ea77cfab030671,16
tests/step/fixtures/occ_operations/feature-samples.request.in,Geometry and archived-operation fixtures,adapted archived request,step_mesher_cpp_matlab_astra_v3/build/native-identity-20260923/publication-20260923T230202Z-46601b23/prepared/evidence/results/archived-cli-p2-unsandboxed/UV_curved_bezier-occ/helper-io/1790196305587677000-feature-samples/request.txt,only STEP path replaced by @STEP_FIXTURE_PATH@,Test/example data; no requirement that end users mesh these models.,No production BIE dependency; either project may retain relevant regression fixtures. Some copies/duplicates are intentional.,Portable regression copy/generated fixture; retain where tests need it. Two CAD resolutions intentionally repeat identical scaffold/edge files.,Archived OCCT operation fixture or its portable provenance/map; protects native CAD behavior.,"Supply portable known CAD, scaffold, sphere and archived STEP responses for examples and regression checks.",4c6e1e3088b4e97ee01e2e87bb2a731c0ed2bfa0b38a4498c1e5f9f0c99cd289,28884b6719d49ab7b7edde59e756d3d7fe2ca0ad752cad3bcf85eafa2d722eaa,16
tests/step/fixtures/occ_operations/frozen-map.txt,Geometry and archived-operation fixtures,additional copy,step_mesher_cpp_matlab_astra_v3/build/native-identity-20260923/publication-20260923T230202Z-46601b23/prepared/evidence/results/frozen-occ-operations/UV_curved_bezier-occ/1790196303227275000-helper-curves/frozen-map.txt,identical,Test/example data; no requirement that end users mesh these models.,No production BIE dependency; either project may retain relevant regression fixtures. Some copies/duplicates are intentional.,Portable regression copy/generated fixture; retain where tests need it. Two CAD resolutions intentionally repeat identical scaffold/edge files.,Archived OCCT operation fixture or its portable provenance/map; protects native CAD behavior.,"Supply portable known CAD, scaffold, sphere and archived STEP responses for examples and regression checks.",974daf66cd4a8752740af2e70601da5dacd70dee70fb185407a0e379a66e5ae7,974daf66cd4a8752740af2e70601da5dacd70dee70fb185407a0e379a66e5ae7,16
tests/step/fixtures/occ_operations/helper-curves.expected.txt,Geometry and archived-operation fixtures,additional copy,step_mesher_cpp_matlab_astra_v3/build/native-identity-20260923/publication-20260923T230202Z-46601b23/prepared/evidence/results/archived-cli-p2-unsandboxed/UV_curved_bezier-occ/helper-io/1790196303227275000-helper-curves/response.txt,identical,Test/example data; no requirement that end users mesh these models.,No production BIE dependency; either project may retain relevant regression fixtures. Some copies/duplicates are intentional.,Portable regression copy/generated fixture; retain where tests need it. Two CAD resolutions intentionally repeat identical scaffold/edge files.,Archived OCCT operation fixture or its portable provenance/map; protects native CAD behavior.,"Supply portable known CAD, scaffold, sphere and archived STEP responses for examples and regression checks.",04371072756cfea6e6abaa4b378b3b0299fb2874edaa447419cbe6b529d4af17,04371072756cfea6e6abaa4b378b3b0299fb2874edaa447419cbe6b529d4af17,16
tests/step/fixtures/occ_operations/helper-curves.request.in,Geometry and archived-operation fixtures,adapted archived request,step_mesher_cpp_matlab_astra_v3/build/native-identity-20260923/publication-20260923T230202Z-46601b23/prepared/evidence/results/archived-cli-p2-unsandboxed/UV_curved_bezier-occ/helper-io/1790196303227275000-helper-curves/request.txt,only STEP path replaced by @STEP_FIXTURE_PATH@,Test/example data; no requirement that end users mesh these models.,No production BIE dependency; either project may retain relevant regression fixtures. Some copies/duplicates are intentional.,Portable regression copy/generated fixture; retain where tests need it. Two CAD resolutions intentionally repeat identical scaffold/edge files.,Archived OCCT operation fixture or its portable provenance/map; protects native CAD behavior.,"Supply portable known CAD, scaffold, sphere and archived STEP responses for examples and regression checks.",be14e1148ac53c9648f6b32d8676255a587fcd217b0243b2d5b2d18bdaf7c4e5,5f0598daed2a94e7f9ef26f3aef649fd20bdcad19b6d091602de304c1f81e785,16
tests/step/fixtures/occ_operations/project-nodes.expected.txt,Geometry and archived-operation fixtures,additional copy,step_mesher_cpp_matlab_astra_v3/build/native-identity-20260923/publication-20260923T230202Z-46601b23/prepared/evidence/results/archived-cli-p2-unsandboxed/UV_curved_bezier-occ/helper-io/1790196306103556000-project-nodes/response.txt,identical,Test/example data; no requirement that end users mesh these models.,No production BIE dependency; either project may retain relevant regression fixtures. Some copies/duplicates are intentional.,Portable regression copy/generated fixture; retain where tests need it. Two CAD resolutions intentionally repeat identical scaffold/edge files.,Archived OCCT operation fixture or its portable provenance/map; protects native CAD behavior.,"Supply portable known CAD, scaffold, sphere and archived STEP responses for examples and regression checks.",3cb79ffeeddeb4536846e89e7eb84fde9661d3f1cee5d17a7da9bf4c1f4c19c3,3cb79ffeeddeb4536846e89e7eb84fde9661d3f1cee5d17a7da9bf4c1f4c19c3,16
tests/step/fixtures/occ_operations/project-nodes.request.in,Geometry and archived-operation fixtures,adapted archived request,step_mesher_cpp_matlab_astra_v3/build/native-identity-20260923/publication-20260923T230202Z-46601b23/prepared/evidence/results/archived-cli-p2-unsandboxed/UV_curved_bezier-occ/helper-io/1790196306103556000-project-nodes/request.txt,only STEP path replaced by @STEP_FIXTURE_PATH@,Test/example data; no requirement that end users mesh these models.,No production BIE dependency; either project may retain relevant regression fixtures. Some copies/duplicates are intentional.,Portable regression copy/generated fixture; retain where tests need it. Two CAD resolutions intentionally repeat identical scaffold/edge files.,Archived OCCT operation fixture or its portable provenance/map; protects native CAD behavior.,"Supply portable known CAD, scaffold, sphere and archived STEP responses for examples and regression checks.",0f6c7dfa9f361b08c6dae8491c69630d563225af58be08f1216805833e1248ff,1a532f16d6bfc2672cc734e96c9191fc63c1be48f6f3a6e8866ef671eb793aca,16
tests/step/fixtures/occ_operations/provenance.json,Geometry and archived-operation fixtures,new integration file,Created for independent SurfSmooth3D extraction,new packaging/test/documentation; no imported numerical algorithm replaced,Test/example data; no requirement that end users mesh these models.,No production BIE dependency; either project may retain relevant regression fixtures. Some copies/duplicates are intentional.,Portable regression copy/generated fixture; retain where tests need it. Two CAD resolutions intentionally repeat identical scaffold/edge files.,Archived OCCT operation fixture or its portable provenance/map; protects native CAD behavior.,"Supply portable known CAD, scaffold, sphere and archived STEP responses for examples and regression checks.",,dfa76154c6d4e32fd5569364abad4999db79313a721759c3f69b7cf27b9bb0f6,16
tests/step/regression_sweep_examples.m,Tests and validation runners,sealed import,step_mesher_cpp_matlab_astra_v3/tests/matlab/regression_sweep_examples.m,mechanical changes,Test-only; not required for installed production use.,Smoother tests follow the smoother; interop tests exercise unchanged BIE externally. BIE retains its own solver tests.,Original retained for comparison; not evidence that BIE needs this as a runtime dependency.,Regression/diagnostic check: regression sweep examples.,"Preserve regressions and verify extraction parity, fixed sources, MATLAB/native interfaces and GO3 interoperability.",9402b091e9b614973f26f0c260c439c5fdc0e1932d397b7b87e87b82282d10c3,8f291203bfd5eda1d862a9a9e25c9931640670ed67f5714c9f305fb08f39c36f,15
tests/step/smoke_mesh_step.m,Tests and validation runners,sealed import,step_mesher_cpp_matlab_astra_v3/tests/matlab/smoke_mesh_step.m,mechanical changes,Test-only; not required for installed production use.,Smoother tests follow the smoother; interop tests exercise unchanged BIE externally. BIE retains its own solver tests.,Original retained for comparison; not evidence that BIE needs this as a runtime dependency.,Regression/diagnostic check: smoke mesh step.,"Preserve regressions and verify extraction parity, fixed sources, MATLAB/native interfaces and GO3 interoperability.",3d40223714d2f5f40493743b0bcf1e81d26d4fbe61dea1afc08dcf9389fb62ee,cd1325f2151fe3524d06cf33209c42cf81dc4d1f7240baf071c328180e2392ce,15
tests/step/test_extraction_parity.m,Tests and validation runners,new integration file,Created for independent SurfSmooth3D extraction,new packaging/test/documentation; no imported numerical algorithm replaced,Test-only; not required for installed production use.,Smoother tests follow the smoother; interop tests exercise unchanged BIE externally. BIE retains its own solver tests.,New/generated integration artifact; not a duplicated BIE runtime algorithm.,Compare original STEP V3 and extracted STEP results and GO3 outputs.,"Preserve regressions and verify extraction parity, fixed sources, MATLAB/native interfaces and GO3 interoperability.",,0cf4f77b27784fe1bb9b3528c19c5c2ac5624e149d3f01bfe86a5b9184fbd8b4,15
